1. YEAR,2. TRIFD,3. FRS ID,4. FACILITY NAME,5. STREET ADDRESS,6. CITY,7. COUNTY,8. ST,9. ZIP,10. BIA,11. TRIBE,12. LATITUDE,13. LONGITUDE,14. HORIZONTAL DATUM,15. PARENT CO NAME,16. PARENT CO DB NUM,17. STANDARD PARENT CO NAME,18. FOREIGN PARENT CO NAME,19. FOREIGN PARENT CO DB NUM,20. STANDARD FOREIGN PARENT CO NAME,21. FEDERAL FACILITY,22. INDUSTRY SECTOR CODE,23. INDUSTRY SECTOR,24. PRIMARY SIC,25. SIC 2,26. SIC 3,27. SIC 4,28. SIC 5,29. SIC 6,30. PRIMARY NAICS,31. NAICS 2,32. NAICS 3,33. NAICS 4,34. NAICS 5,35. NAICS 6,36. DOC_CTRL_NUM,37. CHEMICAL,38. ELEMENTAL METAL INCLUDED,39. TRI CHEMICAL/COMPOUND ID,40. CAS#,41. SRS ID,42. CLEAN AIR ACT CHEMICAL,43. CLASSIFICATION,44. METAL,45. METAL CATEGORY,46. CARCINOGEN,47. PBT,48. PFAS,49. FORM TYPE,50. UNIT OF MEASURE,51. 5.1 - FUGITIVE AIR,52. 5.2 - STACK AIR,53. 5.3 - WATER,54. 5.4 - UNDERGROUND,55. 5.4.1 - UNDERGROUND CL I,56. 5.4.2 - UNDERGROUND C II-V,57. 5.5.1 - LANDFILLS,58. 5.5.1A - RCRA C LANDFILL,59. 5.5.1B - OTHER LANDFILLS,60. 5.5.2 - LAND TREATMENT,61. 5.5.3 - SURFACE IMPNDMNT,62. 5.5.3A - RCRA SURFACE IM,63. 5.5.3B - OTHER SURFACE I,64. 5.5.4 - OTHER DISPOSAL,65. ON-SITE RELEASE TOTAL,66. 6.1 - POTW - TRNS RLSE,67. 6.1 - POTW - TRNS TRT,68. POTW - TOTAL TRANSFERS,69. 6.2 - M10,70. 6.2 - M41,71. 6.2 - M62,72. 6.2 - M40 METAL,73. 6.2 - M61 METAL,74. 6.2 - M71,75. 6.2 - M81,76. 6.2 - M82,77. 6.2 - M72,78. 6.2 - M63,79. 6.2 - M66,80. 6.2 - M67,81. 6.2 - M64,82. 6.2 - M65,83. 6.2 - M73,84. 6.2 - M79,85. 6.2 - M90,86. 6.2 - M94,87. 6.2 - M99,88. OFF-SITE RELEASE TOTAL,89. 6.2 - M20,90. 6.2 - M24,91. 6.2 - M26,92. 6.2 - M28,93. 6.2 - M93,94. OFF-SITE RECYCLED TOTAL,95. 6.2 - M56,96. 6.2 - M92,97. OFF-SITE ENERGY RECOVERY T,98. 6.2 - M40 NON-METAL,99. 6.2 - M50,100. 6.2 - M54,101. 6.2 - M61 NON-METAL,102. 6.2 - M69,103. 6.2 - M95,104. OFF-SITE TREATED TOTAL,105. 6.2 - UNCLASSIFIED,106. 6.2 - TOTAL TRANSFER,107. TOTAL RELEASES,108. 8.1 - RELEASES,109. 8.1A - ON-SITE CONTAINED,110. 8.1B - ON-SITE OTHER,111. 8.1C - OFF-SITE CONTAIN,112. 8.1D - OFF-SITE OTHER R,113. 8.2 - ENERGY RECOVER ON,114. 8.3 - ENERGY RECOVER OF,115. 8.4 - RECYCLING ON SITE,116. 8.5 - RECYCLING OFF SIT,117. 8.6 - TREATMENT ON SITE,118. 8.7 - TREATMENT OFF SITE,119. PRODUCTION WSTE (8.1-8.7),120. 8.8 - ONE-TIME RELEASE,121. PROD_RATIO_OR_ ACTIVITY,122. 8.9 - PRODUCTION RATIO
2024,21230SHRWN2325H,110000340131,SHERWIN-WILLIAMS CO,2325 HOLLINS FERRY RD,BALTIMORE,BALTIMORE (CITY),MD,21230,,,39.263753,-76.642670,,THE SHERWIN-WILLIAMS CO,004206397,THE SHERWIN-WILLIAMS CO,NA,,NA,NO,325,Chemicals,,,,,,,325510,,,,,,1324223129089,Methanol,NO,0000067561,67-56-1,4283,YES,TRI,NO,Non_Metal,NO,NO,NO,R,Pounds,285.000,3791.000,0.000,0.000,0.000,0.000,0.000,0.000,0.000,0.000,0.000,0.000,0.000,0.000,4076.000,0.000,0.000,0.000,0.000,0.000,0.000,0.000,0.000,0.000,0.000,0.000,0.000,0.000,0.000,0.000,0.000,0.000,0.000,0.000,0.000,0.000,0.000,0.000,0.000,0.000,0.000,0.000,0.000,0.000,6.000,0.000,6.000,0.000,0.000,0.000,0.000,58.000,0.000,58.000,0.000,64.000,4076.000,0.000,0.000,4076.000,0.000,0.000,0.000,6.000,0.000,0.000,0.000,58.000,4140.000,,PRODUCTION,0.960
2024,2101WNBLLS465RI,110071715844,NOBLE OIL SERVICES INC.,4605 RICHLYNN DR,BELCAMP,HARFORD,MD,21017,,,39.476640,-76.233961,,CLEAN HARBORS INC,157793639,CLEAN HARBORS INC,NA,,NA,NO,4247,Petroleum Bulk Terminals,,,,,,,424710,423930,,,,,1324222545927,Ethylene glycol,NO,0000107211,107-21-1,24257,YES,TRI,NO,Non_Metal,NO,NO,NO,R,Pounds,3.101,2.395,0.000,0.000,0.000,0.000,0.000,0.000,0.000,0.000,0.000,0.000,0.000,0.000,5.496,0.000,0.000,0.000,0.000,0.000,0.000,0.000,0.000,0.000,0.000,0.000,0.000,0.000,0.000,0.000,0.000,0.000,0.000,0.000,0.000,0.000,0.000,0.000,0.000,0.000,352394.025,0.000,0.000,352394.025,0.000,0.000,0.000,0.000,0.000,0.000,0.000,0.000,0.000,0.000,0.000,352394.025,5.496,0.000,0.000,5.496,0.000,0.000,0.000,0.000,0.000,352394.025,0.000,0.000,352399.521,,PRODUCTION,1.500
2024,21001MRYLN141CA,110009684092,MARYLAND PAVING INC,1401 CARSINS RUN RD,ABERDEEN,HARFORD,MD,21001,,,39.525192,-76.223905,,NA,,GRAY & SON INC,NA,,NA,NO,324,Petroleum,,,,,,,324121,,,,,,1324222999841,Polycyclic aromatic compounds,NO,N590,N590,649749,YES,PBT,NO,Non_Metal,YES,YES,NO,R,Pounds,0.000,0.060,0.000,0.000,0.000,0.000,0.000,0.000,0.000,0.000,0.000,0.000,0.000,0.000,0.060,0.000,0.000,0.000,0.000,0.000,0.000,0.000,0.000,0.000,0.000,0.000,0.000,0.000,0.000,0.000,0.000,0.000,0.000,0.000,0.000,0.000,0.000,0.000,0.000,0.000,0.000,0.000,0.000,0.000,0.000,0.000,0.000,0.000,0.000,0.000,0.000,0.000,0.000,0.000,0.000,0.000,0.060,0.000,0.000,0.060,0.000,0.000,0.000,0.000,0.000,0.000,0.000,0.000,0.060,,PRODUCTION,1.550
2024,2106WSMGLN74BAL,110071071805,SMO GLEN BURNIE PLANT,7400 BALTIMORE ANNAPOLIS BLVD,GLEN BURNIE,ANNE ARUNDEL,MD,21061,,,39.170012,-76.630366,,STAR GROUP LP,NA,STAR GROUP LP,NA,,NA,NO,999,Other,,,,,,,457210,,,,,,1324223097217,Naphthalene,NO,0000091203,91-20-3,13326,YES,TRI,NO,Non_Metal,YES,NO,NO,A,Pounds,0.000,0.000,0.000,0.000,0.000,0.000,0.000,0.000,0.000,0.000,0.000,0.000,0.000,0.000,0.000,0.000,0.000,0.000,0.000,0.000,0.000,0.000,0.000,0.000,0.000,0.000,0.000,0.000,0.000,0.000,0.000,0.000,0.000,0.000,0.000,0.000,0.000,0.000,0.000,0.000,0.000,0.000,0.000,0.000,0.000,0.000,0.000,0.000,0.000,0.000,0.000,0.000,0.000,0.000,0.000,0.000,0.000,0.000,0.000,0.000,0.000,0.000,0.000,0.000,0.000,0.000,0.000,0.000,0.000,0.000,,0.000
2024,20705GGPRS11642,110000856681,EATON AEROSPACE,11642 OLD BALTIMORE PIKE,BELTSVILLE,PRINCE GEORGE'S,MD,20705,,,39.045655,-76.893607,,EATON CORP,004155818,EATON CORP,NA,,NA,NO,336,Transportation Equipment,,,,,,,336413,,,,,,1324223070285,Lead  And Lead Compounds,YES,N420,N420,650002,YES,PBT,YES,Metal complound categories,NO,YES,NO,R,Pounds,0.000,0.000,0.000,0.000,0.000,0.000,0.000,0.000,0.000,0.000,0.000,0.000,0.000,0.000,0.000,0.730,0.000,0.730,0.000,0.000,0.000,0.000,0.000,0.000,0.000,0.000,0.000,0.000,0.000,0.000,0.000,0.000,0.000,0.000,0.000,133.000,0.000,133.730,0.000,597.290,0.000,0.000,0.000,597.290,0.000,0.000,0.000,0.000,0.000,0.000,0.000,0.000,0.000,0.000,0.000,731.020,133.730,0.000,0.000,0.000,0.460,133.270,0.000,0.000,0.000,597.290,0.000,0.000,731.020,,PRODUCTION,1.320
2024,2120WSCHST3625E,110019905209,SCHUSTER CONCRETE READY MIX LLC-MONUMENT ST,3625 E MONUMENT ST,BALTIMORE,BALTIMORE (CITY),MD,21205,,,39.299362,-76.567795,,SCHUSTER CONCRETE READY MIX LLC,NA,SCHUSTER CONCRETE READY MIX LLC,NA,,NA,NO,327,Nonmetallic Mineral Product,,,,,,,327320,,,,,,1324222431064,Nickel compounds,NO,N495,N495,650036,YES,TRI,YES,Metal complound categories,YES,NO,NO,A,Pounds,0.000,0.000,0.000,0.000,0.000,0.000,0.000,0.000,0.000,0.000,0.000,0.000,0.000,0.000,0.000,0.000,0.000,0.000,0.000,0.000,0.000,0.000,0.000,0.000,0.000,0.000,0.000,0.000,0.000,0.000,0.000,0.000,0.000,0.000,0.000,0.000,0.000,0.000,0.000,0.000,0.000,0.000,0.000,0.000,0.000,0.000,0.000,0.000,0.000,0.000,0.000,0.000,0.000,0.000,0.000,0.000,0.000,0.000,0.000,0.000,0.000,0.000,0.000,0.000,0.000,0.000,0.000,0.000,0.000,0.000,,0.000
2024,2123WCLNHR191RU,110029273417,CLEAN HARBORS OF BALTIMORE INC.,1910 RUSSELL STREET,BALTIMORE,BALTIMORE (CITY),MD,21230,,,39.270654,-76.632639,,CLEAN HARBORS INC,039322250,CLEAN HARBORS INC,NA,,NA,NO,562,Hazardous Waste,,,,,,,562211,,,,,,1324223156884,Lead,NO,0007439921,7439-92-1,149583,NO,PBT,YES,Elemental metals,YES,YES,NO,R,Pounds,0.000,0.000,0.000,0.000,0.000,0.000,0.000,0.000,0.000,0.000,0.000,0.000,0.000,0.000,0.000,0.000,0.000,0.000,0.000,0.000,0.000,0.000,0.000,0.000,0.000,0.000,0.000,0.000,0.000,0.000,4.440,0.000,0.000,0.000,0.000,0.000,0.000,4.440,0.000,0.000,13.229,0.000,0.000,13.229,0.000,0.000,0.000,0.000,0.000,0.000,0.000,0.000,0.000,0.000,0.000,17.669,4.440,0.000,0.000,0.000,4.440,0.000,0.000,0.000,0.000,13.229,0.000,0.000,17.669,,PRODUCTION,107.000
2024,21226CTGPT2201S,110019893329,CITGO PETROLEUM CORP,2201 SOUTHPORT AVE,BALTIMORE,BALTIMORE (CITY),MD,21226,,,39.229478,-76.568788,,PDV HOLDING INC.,119272531,PDV HOLDING INC,PDVSA PETROLEOS S.A.,885354373,PDVSA PETROLEOS SA,NO,4247,Petroleum Bulk Terminals,,,,,,,424710,,,,,,1324222771990,Lead compounds,NO,N420,N420,650002,YES,PBT,YES,Metal complound categories,NO,YES,NO,R,Pounds,0.000,0.000,0.000,0.000,0.000,0.000,0.000,0.000,0.000,0.000,0.000,0.000,0.000,0.000,0.000,0.000,0.000,0.000,0.000,0.000,0.000,0.000,0.000,0.000,0.000,0.000,0.000,0.000,0.000,0.000,0.000,0.000,0.000,0.000,0.000,0.000,0.000,0.000,0.000,0.000,0.000,0.000,0.000,0.000,0.000,0.000,0.000,0.000,0.000,0.000,0.000,0.000,0.000,0.000,0.000,0.000,0.000,0.000,0.000,0.000,0.000,0.000,0.000,0.000,0.000,0.000,0.000,0.000,0.000,,PRODUCTION,0.890
2024,2162WDXNVL365HA,110071498448,DIXON VALVE & COUPLING CO,365 HAACKE DR.,CHESTERTOWN,KENT,MD,21620,,,39.229002,-76.069845,,NA,,NA,NA,,NA,NO,332,Fabricated Metals,,,,,,,332912,332911,332919,,,,1324222771127,Nickel,NO,0007440020,7440-02-0,149674,YES,TRI,YES,Elemental metals,YES,NO,NO,R,Pounds,0.000,0.000,0.000,0.000,0.000,0.000,0.000,0.000,0.000,0.000,0.000,0.000,0.000,0.000,0.000,0.000,0.000,0.000,0.000,0.000,0.000,0.000,0.000,0.000,0.000,0.000,0.000,0.000,0.000,0.000,0.000,0.000,0.000,0.000,0.000,0.000,0.000,0.000,0.000,12951.600,0.000,0.000,0.000,12951.600,0.000,0.000,0.000,0.000,0.000,0.000,0.000,0.000,0.000,0.000,0.000,12951.600,0.000,0.000,0.000,0.000,0.000,0.000,0.000,0.000,0.000,12951.600,0.000,0.000,12951.600,,PRODUCTION,1.000
2024,2067WSMBRS21BUG,110071071824,SMO BARSTOW PLANT,201 BUGEYE SQ,PRINCE FREDERICK,CALVERT,MD,20678,,,38.512073,-76.644255,,STAR GROUP LP,NA,STAR GROUP LP,NA,,NA,NO,999,Other,,,,,,,457210,,,,,,1324223095011,n-Hexane,NO,0000110543,110-54-3,26740,YES,TRI,NO,Non_Metal,NO,NO,NO,A,Pounds,0.000,0.000,0.000,0.000,0.000,0.000,0.000,0.000,0.000,0.000,0.000,0.000,0.000,0.000,0.000,0.000,0.000,0.000,0.000,0.000,0.000,0.000,0.000,0.000,0.000,0.000,0.000,0.000,0.000,0.000,0.000,0.000,0.000,0.000,0.000,0.000,0.000,0.000,0.000,0.000,0.000,0.000,0.000,0.000,0.000,0.000,0.000,0.000,0.000,0.000,0.000,0.000,0.000,0.000,0.000,0.000,0.000,0.000,0.000,0.000,0.000,0.000,0.000,0.000,0.000,0.000,0.000,0.000,0.000,0.000,,0.000
2024,20794WMTBR2112M,110069998596,WM. T. BURNETT & CO.,2112 MONTEVIDEO RD,JESSUP,ANNE ARUNDEL,MD,20794,,,39.161873,-76.765151,,NA,,NA,NA,,NA,NO,326,Plastics and Rubber,,,,,,,326150,,,,,,1324222939340,Toluene diisocyanate (mixed isomers),NO,0026471625,26471-62-5,239681,NO,TRI,NO,Non_Metal,YES,NO,NO,R,Pounds,1.500,150.000,0.000,0.000,0.000,0.000,0.000,0.000,0.000,0.000,0.000,0.000,0.000,0.000,151.500,0.000,0.000,0.000,0.000,0.000,0.000,0.000,0.000,0.000,0.000,0.000,0.000,0.000,0.000,0.000,0.000,0.000,0.000,0.000,0.000,0.000,0.000,0.000,0.000,0.000,0.000,0.000,0.000,0.000,0.000,0.000,0.000,0.000,5400.000,0.000,0.000,0.000,0.000,5400.000,0.000,5400.000,151.500,0.000,0.000,151.500,0.000,0.000,0.000,0.000,0.000,0.000,590.400,5400.000,6141.900,,PRODUCTION,0.900
2024,2085WSCHST15121,110070244711,SCHUSTER CONCRETE READY MIX LLC-SOUTHLAWN LN,15121 SOUTHLAWN LN,ROCKVILLE,MONTGOMERY,MD,20850,,,39.104769,-77.132699,,SCHUSTER CONCRETE READY MIX LLC,NA,SCHUSTER CONCRETE READY MIX LLC,NA,,NA,NO,327,Nonmetallic Mineral Product,,,,,,,327320,,,,,,1324222430896,Chromium compounds (except for chromite ore mined in the Transvaal Region),NO,N090,N090,649475,YES,TRI,YES,Metal complound categories,NO,NO,NO,A,Pounds,0.000,0.000,0.000,0.000,0.000,0.000,0.000,0.000,0.000,0.000,0.000,0.000,0.000,0.000,0.000,0.000,0.000,0.000,0.000,0.000,0.000,0.000,0.000,0.000,0.000,0.000,0.000,0.000,0.000,0.000,0.000,0.000,0.000,0.000,0.000,0.000,0.000,0.000,0.000,0.000,0.000,0.000,0.000,0.000,0.000,0.000,0.000,0.000,0.000,0.000,0.000,0.000,0.000,0.000,0.000,0.000,0.000,0.000,0.000,0.000,0.000,0.000,0.000,0.000,0.000,0.000,0.000,0.000,0.000,0.000,,0.000
2024,21226BRNDN1000B,110038162902,BRANDON SHORES & WAGNER COMPLEX,3000 BRANDON SHORES RD,CURTIS BAY,ANNE ARUNDEL,MD,21226,,,39.178257,-76.541842,,TALEN ENERGY,078612047,TALEN ENERGY CORP,NA,,NA,NO,2211,Electric Utilities,,,,,,,221112,,,,,,1324222802340,Nickel  And Nickel Compounds,YES,N495,N495,650036,YES,TRI,YES,Metal complound categories,YES,NO,NO,R,Pounds,0.000,1124.000,52.000,0.000,0.000,0.000,0.000,0.000,0.000,0.000,0.000,0.000,0.000,0.000,1176.000,0.000,0.000,0.000,0.000,0.000,0.000,0.000,0.000,0.000,0.000,0.000,0.000,0.000,0.000,0.000,3059.000,0.000,0.000,0.000,0.000,0.000,0.000,3059.000,0.000,0.000,0.000,0.000,0.000,0.000,0.000,0.000,0.000,0.000,0.000,0.000,0.000,0.000,0.000,0.000,0.000,3059.000,4235.000,0.000,0.000,1176.000,3059.000,0.000,0.000,0.000,0.000,0.000,0.000,0.000,4235.000,,PRODUCTION,1.000
2024,2087WGRFFT1LEWI,110071732591,GRIFFITH ENERGY SERVICES - DAMASCUS FUELS PLANT,10000 LEWIS DR,DAMASCUS,MONTGOMERY,MD,20872,,,39.290561,-77.206759,,STAR GROUP LP,NA,STAR GROUP LP,NA,,NA,NO,999,Other,,,,,,,457210,,,,,,1324223095656,"1,2,4-Trimethylbenzene",NO,0000095636,95-63-6,16261,NO,TRI,NO,Non_Metal,NO,NO,NO,A,Pounds,0.000,0.000,0.000,0.000,0.000,0.000,0.000,0.000,0.000,0.000,0.000,0.000,0.000,0.000,0.000,0.000,0.000,0.000,0.000,0.000,0.000,0.000,0.000,0.000,0.000,0.000,0.000,0.000,0.000,0.000,0.000,0.000,0.000,0.000,0.000,0.000,0.000,0.000,0.000,0.000,0.000,0.000,0.000,0.000,0.000,0.000,0.000,0.000,0.000,0.000,0.000,0.000,0.000,0.000,0.000,0.000,0.000,0.000,0.000,0.000,0.000,0.000,0.000,0.000,0.000,0.000,0.000,0.000,0.000,0.000,,0.000
2024,21157GRFFT8SULL,110002341476,GRIFFITH ENERGY SERVICES INC BARE,8 SULLIVAN AVE,WESTMINSTER,CARROLL,MD,21157,,,39.588030,-76.996047,,STAR GROUP LP,NA,STAR GROUP LP,NA,,NA,NO,999,Other,,,,,,,457210,,,,,,1324223106182,Xylene (mixed isomers),NO,0001330207,1330-20-7,84970,YES,TRI,NO,Non_Metal,NO,NO,NO,A,Pounds,0.000,0.000,0.000,0.000,0.000,0.000,0.000,0.000,0.000,0.000,0.000,0.000,0.000,0.000,0.000,0.000,0.000,0.000,0.000,0.000,0.000,0.000,0.000,0.000,0.000,0.000,0.000,0.000,0.000,0.000,0.000,0.000,0.000,0.000,0.000,0.000,0.000,0.000,0.000,0.000,0.000,0.000,0.000,0.000,0.000,0.000,0.000,0.000,0.000,0.000,0.000,0.000,0.000,0.000,0.000,0.000,0.000,0.000,0.000,0.000,0.000,0.000,0.000,0.000,0.000,0.000,0.000,0.000,0.000,0.000,,0.000
2024,21778BRLBR9801R,110000340462,GLEN-GERY CORP - ROCKY RIDGE PLANT,9801 ROCKY RIDGE RD,ROCKY RIDGE,FREDERICK,MD,21778,,,39.604800,-77.329204,,BRICKWORKS BUILDING PRODUCTS NA,117186318,BRICKWORKS BUILDING PRODUCTS NORTH AMERICA,BRICKWORKS LTD,750292849,BRICKWORKS LTD,NO,327,Nonmetallic Mineral Product,,,,,,,327120,,,,,,1324222872208,Barium compounds (except for barium sulfate (CAS No. 7727-43-7)),NO,N040,N040,649426,NO,TRI,NO,Metal complound categories,NO,NO,NO,A,Pounds,0.000,0.000,0.000,0.000,0.000,0.000,0.000,0.000,0.000,0.000,0.000,0.000,0.000,0.000,0.000,0.000,0.000,0.000,0.000,0.000,0.000,0.000,0.000,0.000,0.000,0.000,0.000,0.000,0.000,0.000,0.000,0.000,0.000,0.000,0.000,0.000,0.000,0.000,0.000,0.000,0.000,0.000,0.000,0.000,0.000,0.000,0.000,0.000,0.000,0.000,0.000,0.000,0.000,0.000,0.000,0.000,0.000,0.000,0.000,0.000,0.000,0.000,0.000,0.000,0.000,0.000,0.000,0.000,0.000,0.000,,0.000
2024,2065WSMMCH2823T,110071071785,SMO MECHANICSVILLE PLANT,28230 THREE NOTCH RD,MECHANICSVILLE,ST. MARY'S,MD,20659,,,38.443676,-76.738429,,STAR GROUP LP,NA,STAR GROUP LP,NA,,NA,NO,999,Other,,,,,,,454310,,,,,,1324223091846,"1,2,4-Trimethylbenzene",NO,0000095636,95-63-6,16261,NO,TRI,NO,Non_Metal,NO,NO,NO,A,Pounds,0.000,0.000,0.000,0.000,0.000,0.000,0.000,0.000,0.000,0.000,0.000,0.000,0.000,0.000,0.000,0.000,0.000,0.000,0.000,0.000,0.000,0.000,0.000,0.000,0.000,0.000,0.000,0.000,0.000,0.000,0.000,0.000,0.000,0.000,0.000,0.000,0.000,0.000,0.000,0.000,0.000,0.000,0.000,0.000,0.000,0.000,0.000,0.000,0.000,0.000,0.000,0.000,0.000,0.000,0.000,0.000,0.000,0.000,0.000,0.000,0.000,0.000,0.000,0.000,0.000,0.000,0.000,0.000,0.000,0.000,,0.000
2024,21795PSNCH16414,110000340523,ENGINEERED POLYMER SOLUTIONS INC.,16414 INDUSTRIAL LN,WILLIAMSPORT,WASHINGTON,MD,21795,,,39.597371,-77.800568,,THE SHERWIN-WILLIAMS CO,004206397,THE SHERWIN-WILLIAMS CO,NA,,NA,NO,325,Chemicals,,,,,,,325510,,,,,,1324223087368,Certain glycol ethers,NO,N230,N230,649541,YES,TRI,NO,May contain metal,NO,NO,NO,R,Pounds,0.000,6.000,0.000,0.000,0.000,0.000,0.000,0.000,0.000,0.000,0.000,0.000,0.000,0.000,6.000,0.000,0.000,0.000,0.000,0.000,0.000,0.000,0.000,0.000,0.000,0.000,0.000,0.000,0.000,0.000,0.000,0.000,0.000,0.000,0.000,0.000,0.000,0.000,0.000,0.000,0.000,0.000,0.000,0.000,752.000,0.000,752.000,0.000,0.000,0.000,0.000,1732.000,0.000,1732.000,0.000,2484.000,6.000,0.000,0.000,6.000,0.000,0.000,0.000,752.000,0.000,0.000,0.000,1732.000,2490.000,,PRODUCTION,1.280
2024,21222TNMCC2300E,110000339820,TNEMEC CO INC,2300 EDGEWATER AVE,BALTIMORE,BALTIMORE (CITY),MD,21222,,,39.261900,-76.535417,,TNEMEC CO INC,077410538,TNEMEC CO INC,NA,,NA,NO,325,Chemicals,,,,,,,325510,,,,,,1324222732289,Vanadium compounds,NO,N770,N770,755389,NO,TRI,YES,Metal complound categories,NO,NO,NO,R,Pounds,0.000,5.000,0.000,0.000,0.000,0.000,0.000,0.000,0.000,0.000,0.000,0.000,0.000,0.000,5.000,0.000,0.000,0.000,0.000,0.000,0.000,0.000,0.000,0.000,0.000,0.000,0.000,0.000,0.000,0.000,0.000,0.000,0.000,0.000,0.000,0.000,0.000,0.000,0.000,0.000,290.000,0.000,0.000,290.000,0.000,0.000,0.000,0.000,0.000,0.000,0.000,0.000,0.000,0.000,0.000,290.000,5.000,0.000,0.000,5.000,0.000,0.000,0.000,0.000,0.000,290.000,0.000,0.000,295.000,,PRODUCTION,1.180
2024,21226STLCL4000H,110002468892,EASTALCO ALUMINUM CO PIER,4000 FORT ARMISTEAD RD,BALTIMORE,BALTIMORE (CITY),MD,21226,,,39.208311,-76.542574,,ALCOA CORP,080362431,ALCOA CORP,NA,,NA,NO,999,Other,,,,,,,488320,,,,,,1324222559421,Lead  And Lead Compounds,YES,N420,N420,650002,YES,PBT,YES,Metal complound categories,NO,YES,NO,R,Pounds,0.200,0.640,0.010,0.000,0.000,0.000,0.000,0.000,0.000,0.000,0.000,0.000,0.000,0.000,0.850,0.000,0.000,0.000,0.000,0.000,0.000,0.000,0.000,0.000,0.000,0.000,0.000,0.000,0.000,0.000,0.240,0.000,0.000,0.000,0.000,0.000,0.000,0.240,0.000,0.000,0.000,0.000,0.000,0.000,0.000,0.000,0.000,0.000,0.000,0.000,0.000,0.000,0.000,0.000,0.000,0.240,1.090,0.000,0.000,0.850,0.240,0.000,0.000,0.000,0.000,0.000,0.000,0.000,1.090,,ACTIVITY,0.970
2024,2067WSMBRS21BUG,110071071824,SMO BARSTOW PLANT,201 BUGEYE SQ,PRINCE FREDERICK,CALVERT,MD,20678,,,38.512073,-76.644255,,STAR GROUP LP,NA,STAR GROUP LP,NA,,NA,NO,999,Other,,,,,,,457210,,,,,,1324223094893,Xylene (mixed isomers),NO,0001330207,1330-20-7,84970,YES,TRI,NO,Non_Metal,NO,NO,NO,A,Pounds,0.000,0.000,0.000,0.000,0.000,0.000,0.000,0.000,0.000,0.000,0.000,0.000,0.000,0.000,0.000,0.000,0.000,0.000,0.000,0.000,0.000,0.000,0.000,0.000,0.000,0.000,0.000,0.000,0.000,0.000,0.000,0.000,0.000,0.000,0.000,0.000,0.000,0.000,0.000,0.000,0.000,0.000,0.000,0.000,0.000,0.000,0.000,0.000,0.000,0.000,0.000,0.000,0.000,0.000,0.000,0.000,0.000,0.000,0.000,0.000,0.000,0.000,0.000,0.000,0.000,0.000,0.000,0.000,0.000,0.000,,0.000
2024,20794LTSPC7151M,110000339269,ELITE SPICE INC.,7151 MONTEVIDEO RD,JESSUP,HOWARD,MD,20794,,,39.174072,-76.776287,,ELITE SPICE INC,182893370,ELITE SPICE INC,NA,,NA,NO,311,Food,,,,,,,311942,,,,,,1324223079435,Ethylene glycol,NO,0000107211,107-21-1,24257,YES,TRI,NO,Non_Metal,NO,NO,NO,R,Pounds,0.000,0.000,0.000,0.000,0.000,0.000,0.000,0.000,0.000,0.000,0.000,0.000,0.000,0.000,0.000,0.000,35843.000,35843.000,0.000,0.000,0.000,0.000,0.000,0.000,0.000,0.000,0.000,0.000,0.000,0.000,0.000,0.000,0.000,0.000,0.000,0.000,0.000,0.000,0.000,0.000,0.000,0.000,0.000,0.000,0.000,0.000,0.000,0.000,0.000,0.000,0.000,0.000,0.000,35843.000,0.000,35843.000,0.000,0.000,0.000,0.000,0.000,0.000,0.000,0.000,0.000,0.000,0.000,35843.000,35843.000,,ACTIVITY,0.850
2024,20707MRYLNPOBOX,110000761765,MARYLAND & VIRGINIA LAUREL LLC,8321 LEISHEAR RD,LAUREL,HOWARD,MD,20723,,,39.142818,-76.875147,,MD & VA MILK PRODUCERS COOPERATIVE INC,003239563,MD & VA MILK PRODUCERS COOPERATIVE INC,NA,,NA,NO,311,Food,,,,,,,311514,,,,,,1324222567834,Nitrate compounds (water dissociable; reportable only when in aqueous solution),NO,N511,N511,649616,NO,TRI,NO,May contain metal,NO,NO,NO,R,Pounds,0.000,0.000,0.000,0.000,0.000,0.000,0.000,0.000,0.000,0.000,0.000,0.000,0.000,0.000,0.000,11337.000,102033.000,113370.000,0.000,0.000,0.000,0.000,0.000,0.000,0.000,0.000,0.000,0.000,0.000,0.000,0.000,0.000,0.000,0.000,0.000,0.000,0.000,11337.000,0.000,0.000,0.000,0.000,0.000,0.000,0.000,0.000,0.000,0.000,0.000,0.000,0.000,0.000,0.000,102033.000,0.000,113370.000,11337.000,0.000,0.000,0.000,0.000,11337.000,0.000,0.000,0.000,0.000,0.000,102033.000,113370.000,,ACTIVITY,0.780
2024,20850LFRGM14824,110022522377,LAFARGE MID ATLANTIC LLC -ROCKVILLE EAST CONCRETE,14824 S LAWN LN,ROCKVILLE,MONTGOMERY,MD,20850,,,39.098978,-77.136243,,HOLCIM PARTICIPATIONS (US) INC,081260273,HOLCIM PARTICIPATIONS (US) INC,HOLCIM LTD,NA,HOLCIM LTD,NO,327,Nonmetallic Mineral Product,,,,,,,327320,,,,,,1324222798290,Lead  And Lead Compounds,YES,N420,N420,650002,YES,PBT,YES,Metal complound categories,NO,YES,NO,R,Pounds,0.008,0.008,0.000,0.000,0.000,0.000,0.000,0.000,0.000,0.000,0.000,0.000,0.000,0.000,0.016,0.000,0.000,0.000,0.000,0.000,0.000,0.000,0.000,0.000,0.000,0.000,0.000,0.000,0.000,0.000,0.000,0.000,0.000,0.000,0.000,0.000,0.000,0.000,0.000,0.000,40.900,0.000,0.000,40.900,0.000,0.000,0.000,0.000,0.000,0.000,0.000,0.000,0.000,0.000,0.000,40.900,0.016,0.000,0.000,0.016,0.000,0.000,0.000,0.000,0.000,40.900,0.000,0.000,40.916,,PRODUCTION,1.150
2024,21226CTGPT2201S,110019893329,CITGO PETROLEUM CORP,2201 SOUTHPORT AVE,BALTIMORE,BALTIMORE (CITY),MD,21226,,,39.229478,-76.568788,,PDV HOLDING INC.,119272531,PDV HOLDING INC,PDVSA PETROLEOS S.A.,885354373,PDVSA PETROLEOS SA,NO,4247,Petroleum Bulk Terminals,,,,,,,424710,,,,,,1324222771851,"1,2,4-Trimethylbenzene",NO,0000095636,95-63-6,16261,NO,TRI,NO,Non_Metal,NO,NO,NO,R,Pounds,5.000,319.000,0.000,0.000,0.000,0.000,0.000,0.000,0.000,0.000,0.000,0.000,0.000,0.000,324.000,0.000,0.000,0.000,0.000,0.000,0.000,0.000,0.000,0.000,0.000,0.000,0.000,0.000,0.000,0.000,0.000,0.000,0.000,0.000,0.000,0.000,0.000,0.000,0.000,0.000,0.000,0.000,0.000,0.000,0.000,0.000,0.000,0.000,0.000,0.000,0.000,0.000,0.000,0.000,0.000,0.000,324.000,0.000,0.000,324.000,0.000,0.000,0.000,0.000,0.000,0.000,392.000,0.000,716.000,,PRODUCTION,0.860
2024,2190WQKRTP7MUNT,110071433344,QUIKRETE - PERRYVILLE MD PLANT,700 MOUNTAIN HILL RD,PERRYVILLE,CECIL,MD,21903,,,39.576732,-76.025346,,QUIKRETE HOLDINGS,004300406,QUIKRETE HOLDINGS,NA,,NA,NO,327,Nonmetallic Mineral Product,,,,,,,327999,,,,,,1324222711879,Lead,NO,0007439921,7439-92-1,149583,NO,PBT,YES,Elemental metals,YES,YES,NO,R,Pounds,0.987,0.017,0.000,0.000,0.000,0.000,0.000,0.000,0.000,0.000,0.000,0.000,0.000,0.000,1.004,0.000,0.000,0.000,0.000,0.000,0.000,0.000,0.000,0.000,0.000,0.000,0.000,0.000,0.000,0.000,0.000,0.000,0.000,0.000,0.000,0.000,0.000,0.000,0.000,0.000,0.000,0.000,0.000,0.000,0.000,0.000,0.000,0.000,0.000,0.000,0.000,0.000,0.000,0.000,0.000,0.000,1.004,0.000,0.000,1.004,0.000,0.000,0.000,0.000,0.000,0.000,0.000,0.000,1.004,,PRODUCTION,0.890
2024,2107WLTCMF19CLA,110071423698,ELITE COMFORT SOLUTIONS - HAVRE DE GRACE,1900 CLARK ROAD,HAVRE DE GRACE,HARFORD,MD,21078,,,39.530576,-76.115543,,LEGGETT & PLATT INC,007140064,LEGGETT & PLATT INC,NA,,NA,NO,326,Plastics and Rubber,,,,,,,326150,,,,,,1324222561033,Diisocyanates,NO,N120,N120,649715,NO,TRI,NO,Non_Metal,NO,NO,NO,R,Pounds,0.000,2.800,0.000,0.000,0.000,0.000,0.000,0.000,0.000,0.000,0.000,0.000,0.000,0.000,2.800,0.000,0.000,0.000,0.000,0.000,0.000,0.000,0.000,0.000,0.000,0.000,0.000,0.000,0.000,0.000,0.000,0.000,0.000,0.000,0.000,0.000,0.000,0.000,0.000,0.000,0.000,0.000,0.000,0.000,0.000,0.000,0.000,0.000,0.000,0.000,0.000,0.000,0.000,0.000,0.000,0.000,2.800,0.000,0.000,2.800,0.000,0.000,0.000,0.000,0.000,0.000,0.000,0.000,2.800,,PRODUCTION,6.100
2024,2162WDXNVL365HA,110071498448,DIXON VALVE & COUPLING CO,365 HAACKE DR.,CHESTERTOWN,KENT,MD,21620,,,39.229002,-76.069845,,NA,,NA,NA,,NA,NO,332,Fabricated Metals,,,,,,,332912,332911,332919,,,,1324222771281,Copper,NO,0007440508,7440-50-8,150086,NO,TRI,YES,Elemental metals,NO,NO,NO,R,Pounds,0.000,0.000,0.000,0.000,0.000,0.000,0.000,0.000,0.000,0.000,0.000,0.000,0.000,0.000,0.000,0.000,0.000,0.000,0.000,0.000,0.000,0.000,0.000,0.000,0.000,0.000,0.000,0.000,0.000,0.000,0.000,0.000,0.000,0.000,0.000,0.000,0.000,0.000,0.000,9146.500,0.000,0.000,0.000,9146.500,0.000,0.000,0.000,0.000,0.000,0.000,0.000,0.000,0.000,0.000,0.000,9146.500,0.000,0.000,0.000,0.000,0.000,0.000,0.000,0.000,0.000,9146.500,0.000,0.000,9146.500,,PRODUCTION,1.000
2024,21795PSNCH16414,110000340523,ENGINEERED POLYMER SOLUTIONS INC.,16414 INDUSTRIAL LN,WILLIAMSPORT,WASHINGTON,MD,21795,,,39.597371,-77.800568,,THE SHERWIN-WILLIAMS CO,004206397,THE SHERWIN-WILLIAMS CO,NA,,NA,NO,325,Chemicals,,,,,,,325510,,,,,,1324223087356,Toluene diisocyanate (mixed isomers),NO,0026471625,26471-62-5,239681,NO,TRI,NO,Non_Metal,YES,NO,NO,A,Pounds,0.000,0.000,0.000,0.000,0.000,0.000,0.000,0.000,0.000,0.000,0.000,0.000,0.000,0.000,0.000,0.000,0.000,0.000,0.000,0.000,0.000,0.000,0.000,0.000,0.000,0.000,0.000,0.000,0.000,0.000,0.000,0.000,0.000,0.000,0.000,0.000,0.000,0.000,0.000,0.000,0.000,0.000,0.000,0.000,0.000,0.000,0.000,0.000,0.000,0.000,0.000,0.000,0.000,0.000,0.000,0.000,0.000,0.000,0.000,0.000,0.000,0.000,0.000,0.000,0.000,0.000,0.000,0.000,0.000,0.000,,0.000
2024,21740NDPNDSECUR,110000340408,HOLCIM(US) INC.,1260 SECURITY RD,HAGERSTOWN,WASHINGTON,MD,21742,,,39.650032,-77.689572,,HOLCIM PARTICIPATIONS (US) INC,081260273,HOLCIM PARTICIPATIONS (US) INC,HOLCIM LTD,NA,HOLCIM LTD,NO,327,Nonmetallic Mineral Product,,,,,,,327310,,,,,,1324223044773,Ammonia,NO,0007664417,7664-41-7,152389,NO,TRI,NO,Non_Metal,NO,NO,NO,R,Pounds,2865.000,4441.710,0.000,0.000,0.000,0.000,0.000,0.000,0.000,0.000,0.000,0.000,0.000,0.000,7306.710,0.000,0.000,0.000,0.000,0.000,0.000,0.000,0.000,0.000,0.000,0.000,0.000,0.000,0.000,0.000,0.000,0.000,0.000,0.000,0.000,0.000,0.000,0.000,0.000,0.000,0.000,0.000,0.000,0.000,0.000,0.000,0.000,0.000,0.000,0.000,0.000,0.000,0.000,0.000,0.000,0.000,7306.710,0.000,0.000,7306.710,0.000,0.000,0.000,0.000,0.000,0.000,0.000,0.000,7306.710,,PRODUCTION,0.760
2024,2109WCCRLL979CR,110071315117,C-CARE LLC,979 CORPORATE BLVD,LINTHICUM HEIGHTS,ANNE ARUNDEL,MD,21090,,,39.208919,-76.673523,,NA,,NA,NA,,NA,NO,325,Chemicals,,,,,,,325620,,,,,,1324222446243,Ammonia,NO,0007664417,7664-41-7,152389,NO,TRI,NO,Non_Metal,NO,NO,NO,R,Pounds,5.000,5.000,0.000,0.000,0.000,0.000,0.000,0.000,0.000,0.000,0.000,0.000,0.000,0.000,10.000,2.100,0.000,2.100,0.000,0.000,0.000,0.000,0.000,0.000,0.000,0.000,0.000,0.000,0.000,0.000,0.000,0.000,0.000,0.000,0.000,0.000,0.000,2.100,0.000,0.000,0.000,0.000,0.000,0.000,0.000,0.000,0.000,0.000,0.000,0.000,0.000,0.000,0.000,0.000,0.000,2.100,12.100,0.000,0.000,10.000,0.000,2.100,0.000,0.000,0.000,0.000,0.000,0.000,12.100,,,
2024,21230SHRWN2325H,110000340131,SHERWIN-WILLIAMS CO,2325 HOLLINS FERRY RD,BALTIMORE,BALTIMORE (CITY),MD,21230,,,39.263753,-76.642670,,THE SHERWIN-WILLIAMS CO,004206397,THE SHERWIN-WILLIAMS CO,NA,,NA,NO,325,Chemicals,,,,,,,325510,,,,,,1324223129139,Triethylamine,NO,0000121448,121-44-8,31708,YES,TRI,NO,Non_Metal,NO,NO,NO,R,Pounds,55.000,226.000,0.000,0.000,0.000,0.000,0.000,0.000,0.000,0.000,0.000,0.000,0.000,0.000,281.000,0.000,0.000,0.000,0.000,0.000,0.000,0.000,0.000,0.000,0.000,0.000,0.000,0.000,0.000,0.000,350.000,0.000,0.000,0.000,0.000,0.000,0.000,350.000,0.000,0.000,0.000,0.000,0.000,0.000,0.000,0.000,0.000,0.000,0.000,0.000,0.000,310.000,0.000,310.000,0.000,660.000,631.000,0.000,0.000,281.000,350.000,0.000,0.000,0.000,0.000,0.000,0.000,310.000,941.000,,PRODUCTION,0.960
2024,2067WSMBRS21BUG,110071071824,SMO BARSTOW PLANT,201 BUGEYE SQ,PRINCE FREDERICK,CALVERT,MD,20678,,,38.512073,-76.644255,,STAR GROUP LP,NA,STAR GROUP LP,NA,,NA,NO,999,Other,,,,,,,457210,,,,,,1324223095009,Naphthalene,NO,0000091203,91-20-3,13326,YES,TRI,NO,Non_Metal,YES,NO,NO,A,Pounds,0.000,0.000,0.000,0.000,0.000,0.000,0.000,0.000,0.000,0.000,0.000,0.000,0.000,0.000,0.000,0.000,0.000,0.000,0.000,0.000,0.000,0.000,0.000,0.000,0.000,0.000,0.000,0.000,0.000,0.000,0.000,0.000,0.000,0.000,0.000,0.000,0.000,0.000,0.000,0.000,0.000,0.000,0.000,0.000,0.000,0.000,0.000,0.000,0.000,0.000,0.000,0.000,0.000,0.000,0.000,0.000,0.000,0.000,0.000,0.000,0.000,0.000,0.000,0.000,0.000,0.000,0.000,0.000,0.000,0.000,,0.000
2024,21226CHMTL711PI,110000867036,VIBRANTZ SPECIALTY PRODUCTS LLC,610 PITTMAN RD,BALTIMORE,ANNE ARUNDEL,MD,21226,,,39.194777,-76.564171,,VIBRANTZ TECHNOLOGIES INC,080520213,VIBRANTZ TECHNOLOGIES INC,NA,,NA,NO,325,Chemicals,,,,,,,325180,,,,,,1324223034543,"Hydrochloric acid (acid aerosols including mists, vapors, gas, fog, and other airborne forms of any particle size)",NO,0007647010,7647-01-0,152231,YES,TRI,NO,Non_Metal,NO,NO,NO,R,Pounds,118.000,47.000,0.000,0.000,0.000,0.000,0.000,0.000,0.000,0.000,0.000,0.000,0.000,0.000,165.000,0.000,0.000,0.000,0.000,0.000,0.000,0.000,0.000,0.000,0.000,0.000,0.000,0.000,0.000,0.000,0.000,0.000,0.000,0.000,0.000,0.000,0.000,0.000,0.000,0.000,0.000,0.000,0.000,0.000,0.000,0.000,0.000,0.000,0.000,0.000,0.000,0.000,0.000,0.000,0.000,0.000,165.000,0.000,0.000,165.000,0.000,0.000,0.000,0.000,0.000,0.000,0.000,0.000,165.000,,PRODUCTION,0.240
2024,21826TLNTCEDENR,110000340667,CULPEPER OF FRUITLAND LLC,28114 OLD EDEN RD,EDEN,WICOMICO,MD,21822,,,38.290964,-75.638628,,NA,,JEFFERSON HOMEBUILDERS INC,NA,,NA,NO,321,Wood Products,,,,,,,321114,,,,,,1324222406833,Chromium compounds (except for chromite ore mined in the Transvaal Region),NO,N090,N090,649475,YES,TRI,YES,Metal complound categories,NO,NO,NO,R,Pounds,0.000,0.000,0.000,0.000,0.000,0.000,0.000,0.000,0.000,0.000,0.000,0.000,0.000,0.000,0.000,0.000,0.000,0.000,0.000,960.000,0.000,0.000,0.000,0.000,0.000,0.000,0.000,0.000,0.000,0.000,0.000,0.000,0.000,0.000,0.000,0.000,0.000,960.000,0.000,0.000,0.000,0.000,0.000,0.000,0.000,0.000,0.000,0.000,0.000,0.000,0.000,0.000,0.000,0.000,0.000,960.000,960.000,0.000,0.000,0.000,0.000,960.000,0.000,0.000,0.000,0.000,0.000,0.000,960.000,,PRODUCTION,1.000
2024,2067WSMBRS21BUG,110071071824,SMO BARSTOW PLANT,201 BUGEYE SQ,PRINCE FREDERICK,CALVERT,MD,20678,,,38.512073,-76.644255,,STAR GROUP LP,NA,STAR GROUP LP,NA,,NA,NO,999,Other,,,,,,,457210,,,,,,1324223094982,Cumene,NO,0000098828,98-82-8,18309,YES,TRI,NO,Non_Metal,YES,NO,NO,A,Pounds,0.000,0.000,0.000,0.000,0.000,0.000,0.000,0.000,0.000,0.000,0.000,0.000,0.000,0.000,0.000,0.000,0.000,0.000,0.000,0.000,0.000,0.000,0.000,0.000,0.000,0.000,0.000,0.000,0.000,0.000,0.000,0.000,0.000,0.000,0.000,0.000,0.000,0.000,0.000,0.000,0.000,0.000,0.000,0.000,0.000,0.000,0.000,0.000,0.000,0.000,0.000,0.000,0.000,0.000,0.000,0.000,0.000,0.000,0.000,0.000,0.000,0.000,0.000,0.000,0.000,0.000,0.000,0.000,0.000,0.000,,0.000
2024,20705GGPRS11642,110000856681,EATON AEROSPACE,11642 OLD BALTIMORE PIKE,BELTSVILLE,PRINCE GEORGE'S,MD,20705,,,39.045655,-76.893607,,EATON CORP,004155818,EATON CORP,NA,,NA,NO,336,Transportation Equipment,,,,,,,336413,,,,,,1324223067861,Nickel,NO,0007440020,7440-02-0,149674,YES,TRI,YES,Elemental metals,YES,NO,NO,R,Pounds,0.000,5.000,0.000,0.000,0.000,0.000,0.000,0.000,0.000,0.000,0.000,0.000,0.000,0.000,5.000,2.000,0.000,2.000,0.000,645.000,0.000,0.000,0.000,0.000,0.000,0.000,0.000,0.000,0.000,0.000,0.000,0.000,0.000,0.000,67.000,0.000,0.000,714.000,0.000,200.000,0.000,0.000,67000.000,67200.000,0.000,0.000,0.000,0.000,0.000,0.000,0.000,0.000,0.000,0.000,0.000,67914.000,719.000,0.000,0.000,5.000,0.760,713.240,0.000,0.000,0.000,67200.000,0.000,0.000,67919.000,,PRODUCTION,1.320
2024,20623SDPRT9CMMR,110042010098,U.S. DHS FLETC CHELTENHAM MD,9000 COMMO RD,CHELTENHAM,PRINCE GEORGE'S,MD,20623,,,38.746302,-76.846527,,NA,,US DEPARTMENT OF HOMELAND SECURITY,NA,,NA,YES,999,Other,,,,,,,928110,,,,,,1324222565994,Lead  And Lead Compounds,YES,N420,N420,650002,YES,PBT,YES,Metal complound categories,NO,YES,NO,R,Pounds,0.000,0.000,0.000,0.000,0.000,0.000,0.000,0.000,0.000,0.000,0.000,0.000,0.000,0.000,0.000,0.000,0.000,0.000,0.000,0.000,0.000,0.000,0.000,0.000,0.000,0.000,0.000,0.000,0.000,0.000,0.000,349.580,0.000,0.000,0.000,0.000,0.000,349.580,0.000,0.000,0.000,0.000,0.000,0.000,0.000,0.000,0.000,0.000,0.000,0.000,0.000,0.000,0.000,0.000,0.000,349.580,349.580,0.000,0.000,0.000,349.580,0.000,0.000,0.000,0.000,0.000,0.000,0.000,349.580,,ACTIVITY,0.010
2024,21222TNMCC2300E,110000339820,TNEMEC CO INC,2300 EDGEWATER AVE,BALTIMORE,BALTIMORE (CITY),MD,21222,,,39.261900,-76.535417,,TNEMEC CO INC,077410538,TNEMEC CO INC,NA,,NA,NO,325,Chemicals,,,,,,,325510,,,,,,1324222732190,Polycyclic aromatic compounds,NO,N590,N590,649749,YES,PBT,NO,Non_Metal,YES,YES,NO,R,Pounds,0.000,15.000,0.000,0.000,0.000,0.000,0.000,0.000,0.000,0.000,0.000,0.000,0.000,0.000,15.000,0.000,0.000,0.000,0.000,0.000,0.000,0.000,0.000,0.000,0.000,0.000,0.000,0.000,0.000,0.000,0.000,0.000,0.000,0.000,0.000,0.000,0.000,0.000,0.000,0.000,0.000,0.000,0.000,0.000,0.000,0.000,0.000,0.000,1.000,0.000,0.000,0.000,0.000,1.000,0.000,1.000,15.000,0.000,0.000,15.000,0.000,0.000,0.000,0.000,0.000,0.000,0.000,1.000,16.000,,PRODUCTION,1.180
2024,2061WSMBRY7115I,110071071806,SMO BRYANS ROAD PLANT,7115 INDIAN HEAD HWY,BRYANS ROAD,CHARLES,MD,20616,,,38.628660,-77.069376,,STAR GROUP LP,NA,STAR GROUP LP,NA,,NA,NO,999,Other,,,,,,,454310,,,,,,1324223085984,"1,2,4-Trimethylbenzene",NO,0000095636,95-63-6,16261,NO,TRI,NO,Non_Metal,NO,NO,NO,A,Pounds,0.000,0.000,0.000,0.000,0.000,0.000,0.000,0.000,0.000,0.000,0.000,0.000,0.000,0.000,0.000,0.000,0.000,0.000,0.000,0.000,0.000,0.000,0.000,0.000,0.000,0.000,0.000,0.000,0.000,0.000,0.000,0.000,0.000,0.000,0.000,0.000,0.000,0.000,0.000,0.000,0.000,0.000,0.000,0.000,0.000,0.000,0.000,0.000,0.000,0.000,0.000,0.000,0.000,0.000,0.000,0.000,0.000,0.000,0.000,0.000,0.000,0.000,0.000,0.000,0.000,0.000,0.000,0.000,0.000,0.000,,0.000
2024,2122WKMRWT3925F,110041352791,KEMIRA WATER SOLUTIONS INC,3925 FORT ARMISTEAD RD,BALTIMORE,BALTIMORE (CITY),MD,21226,,,39.208000,-76.542799,,KEMIRA WATER SOLUTIONS INC,627945702,KEMIRA WATER SOLUTIONS INC,KEMIRA OYJ,368448882,KEMIRA OYJ,NO,325,Chemicals,,,,,,,325180,,,,,,1324222489585,Chlorine,NO,0007782505,7782-50-5,154328,YES,TRI,NO,Non_Metal,NO,NO,NO,R,Pounds,5.000,188.000,0.000,0.000,0.000,0.000,0.000,0.000,0.000,0.000,0.000,0.000,0.000,0.000,193.000,0.000,0.000,0.000,0.000,0.000,0.000,0.000,0.000,0.000,0.000,0.000,0.000,0.000,0.000,0.000,0.000,0.000,0.000,0.000,0.000,0.000,0.000,0.000,0.000,0.000,0.000,0.000,0.000,0.000,0.000,0.000,0.000,0.000,0.000,0.000,0.000,0.000,0.000,0.000,0.000,0.000,193.000,0.000,0.000,193.000,0.000,0.000,0.000,0.000,0.000,0.000,0.000,0.000,193.000,,PRODUCTION,0.950
2024,21224GLDBN2301S,110001251797,GOLD BOND BUILDING PRODUCTS - BALTIMORE,2301 S NEWKIRK ST,BALTIMORE,BALTIMORE (CITY),MD,21224,,,39.265546,-76.555299,,SPANGLER COS INC,055165518,SPANGLER COS INC,NA,,NA,NO,327,Nonmetallic Mineral Product,,,,,,,327420,,,,,,1324222853855,Vanadium (except when contained in an alloy),NO,0007440622,7440-62-2,150193,NO,TRI,NO,Metals with qualifiers,NO,NO,NO,R,Pounds,0.040,0.190,0.000,0.000,0.000,0.000,0.000,0.000,0.000,0.000,0.000,0.000,0.000,0.000,0.230,0.000,0.000,0.000,0.000,0.000,0.000,0.000,0.000,0.000,0.000,0.000,0.000,0.000,0.000,0.000,96.890,0.000,0.000,0.000,0.000,0.000,0.000,96.890,0.000,0.000,0.000,0.000,0.000,0.000,0.000,0.000,0.000,0.000,0.000,0.000,0.000,0.000,0.000,0.000,0.000,96.890,97.120,0.000,0.000,0.230,96.890,0.000,0.000,0.000,0.000,0.000,0.000,0.000,97.120,,PRODUCTION,0.990
2024,21078MRCNC1300R,110012464001,CYTEC ENGINEERED INC,1300 REVOLUTION ST,HAVRE DE GRACE,HARFORD,MD,21078,,,39.536988,-76.112063,,SYENSQO HOLDING INC,874748937,SYENSQO HOLDING INC,SYENSQO SA,372787070,SYENSQO SA,NO,325,Chemicals,,,,,,,325520,,,,,,1324222915769,N-Methyl-2-pyrrolidone,NO,0000872504,872-50-4,72744,NO,TRI,NO,Non_Metal,NO,NO,NO,R,Pounds,0.000,250.000,0.000,0.000,0.000,0.000,0.000,0.000,0.000,0.000,0.000,0.000,0.000,0.000,250.000,0.000,0.000,0.000,0.000,0.000,0.000,0.000,0.000,0.000,0.000,0.000,0.000,0.000,0.000,0.000,0.000,0.000,0.000,0.000,0.000,0.000,0.000,0.000,159387.000,0.000,0.000,0.000,0.000,159387.000,0.000,0.000,0.000,0.000,15.000,0.000,0.000,0.000,0.000,15.000,0.000,159402.000,250.000,0.000,0.000,250.000,0.000,0.000,0.000,0.000,0.000,159387.000,0.000,15.000,159652.000,0.000,PRODUCTION,0.950
2024,21502BLTPV11521,110006643515,BELT PAVING INC,11521 MILNOR AVE,CUMBERLAND,ALLEGANY,MD,21502,,,39.628608,-78.802405,,NA,,THE BELT GROUP,NA,,NA,NO,324,Petroleum,,,,,,,324121,,,,,,1324222524783,Polycyclic aromatic compounds,NO,N590,N590,649749,YES,PBT,NO,Non_Metal,YES,YES,NO,R,Pounds,0.000,0.000,0.000,0.000,0.000,0.000,0.000,0.000,0.000,0.000,0.000,0.000,0.000,0.000,0.000,0.000,0.000,0.000,0.000,0.000,0.000,0.000,0.000,0.000,0.000,0.000,0.000,0.000,0.000,0.000,0.000,0.000,0.000,0.000,0.000,0.000,0.000,0.000,0.000,0.000,0.000,0.000,0.000,0.000,0.000,0.000,0.000,0.000,0.000,0.000,0.000,0.000,0.000,0.000,0.000,0.000,0.000,0.000,0.000,0.000,0.000,0.000,0.000,0.000,0.000,0.000,0.000,0.000,0.000,,PRODUCTION,1.000
2024,2079WWTRLX7751W,110070056823,ELITE SPICE INC.,7751 WATERLOO RD,JESSUP,HOWARD,MD,20794,,,39.157454,-76.778831,,ELITE SPICE INC,182893370,ELITE SPICE INC,NA,,NA,NO,311,Food,,,,,,,311942,,,,,,1324223082304,Propylene oxide,NO,0000075569,75-56-9,5660,YES,TRI,NO,Non_Metal,YES,NO,NO,R,Pounds,178.000,424.000,0.000,0.000,0.000,0.000,0.000,0.000,0.000,0.000,0.000,0.000,0.000,0.000,602.000,0.000,0.000,0.000,0.000,0.000,0.000,0.000,0.000,0.000,0.000,0.000,0.000,0.000,0.000,0.000,0.000,0.000,0.000,0.000,0.000,0.000,0.000,0.000,0.000,0.000,0.000,0.000,0.000,0.000,0.000,0.000,0.000,0.000,0.000,0.000,0.000,0.000,0.000,0.000,0.000,0.000,602.000,0.000,0.000,602.000,0.000,0.000,0.000,0.000,0.000,0.000,141600.000,0.000,142202.000,,PRODUCTION,1.000
2024,21643HRLCK37DEL,110000340319,PERDUE FOODS LLC - HURLOCK HATCHERY FEEDMILL & GRANARY,37 DELAWARE AVE,HURLOCK,DORCHESTER,MD,21643,,,38.628935,-75.870558,,PERDUE FARMS INC,022666820,PERDUE FARMS INC,NA,,NA,NO,311,Food,,,,,,,311119,,,,,,1324222590972,Copper compounds,NO,N100,N100,649491,NO,TRI,YES,Metal complound categories,NO,NO,NO,A,Pounds,0.000,0.000,0.000,0.000,0.000,0.000,0.000,0.000,0.000,0.000,0.000,0.000,0.000,0.000,0.000,0.000,0.000,0.000,0.000,0.000,0.000,0.000,0.000,0.000,0.000,0.000,0.000,0.000,0.000,0.000,0.000,0.000,0.000,0.000,0.000,0.000,0.000,0.000,0.000,0.000,0.000,0.000,0.000,0.000,0.000,0.000,0.000,0.000,0.000,0.000,0.000,0.000,0.000,0.000,0.000,0.000,0.000,0.000,0.000,0.000,0.000,0.000,0.000,0.000,0.000,0.000,0.000,0.000,0.000,0.000,,0.000
2024,21222MRCNY8215B,110013980362,AMERICAN YEAST CORP,8215 BEACHWOOD RD,BALTIMORE,BALTIMORE,MD,21222,,,39.272223,-76.459531,,NA,,LALLEMAND INC,LALLEMAND INC.,202233300,LALLEMAND INC,NO,311,Food,,,,,,,311999,,,,,,1324222784187,Ammonia,NO,0007664417,7664-41-7,152389,NO,TRI,NO,Non_Metal,NO,NO,NO,R,Pounds,5.000,5.000,0.000,0.000,0.000,0.000,0.000,0.000,0.000,0.000,0.000,0.000,0.000,0.000,10.000,3676.800,5515.200,9192.000,0.000,0.000,0.000,0.000,0.000,0.000,0.000,0.000,0.000,0.000,0.000,0.000,0.000,0.000,0.000,0.000,0.000,0.000,0.000,3676.800,0.000,0.000,0.000,0.000,0.000,0.000,0.000,0.000,0.000,0.000,0.000,0.000,0.000,0.000,0.000,5515.200,0.000,9192.000,3686.800,0.000,0.000,10.000,0.000,3676.800,0.000,0.000,0.000,0.000,0.000,5515.200,9202.000,,PRODUCTION,1.070
2024,21795PSNCH16414,110000340523,ENGINEERED POLYMER SOLUTIONS INC.,16414 INDUSTRIAL LN,WILLIAMSPORT,WASHINGTON,MD,21795,,,39.597371,-77.800568,,THE SHERWIN-WILLIAMS CO,004206397,THE SHERWIN-WILLIAMS CO,NA,,NA,NO,325,Chemicals,,,,,,,325510,,,,,,1324223087370,Phthalic anhydride,NO,0000085449,85-44-9,10355,YES,TRI,NO,Non_Metal,NO,NO,NO,R,Pounds,0.000,756.000,0.000,0.000,0.000,0.000,0.000,0.000,0.000,0.000,0.000,0.000,0.000,0.000,756.000,0.000,0.000,0.000,0.000,0.000,0.000,0.000,0.000,0.000,0.000,0.000,0.000,0.000,0.000,0.000,3576.000,0.000,0.000,0.000,0.000,0.000,0.000,3576.000,0.000,0.000,0.000,0.000,0.000,0.000,0.000,0.000,0.000,0.000,0.000,0.000,0.000,37416.000,0.000,37416.000,0.000,40992.000,4332.000,0.000,0.000,756.000,3576.000,0.000,0.000,0.000,0.000,0.000,0.000,37416.000,41748.000,,PRODUCTION,1.280
2024,21226BRNDN1000B,110038162902,BRANDON SHORES & WAGNER COMPLEX,3000 BRANDON SHORES RD,CURTIS BAY,ANNE ARUNDEL,MD,21226,,,39.178257,-76.541842,,TALEN ENERGY,078612047,TALEN ENERGY CORP,NA,,NA,NO,2211,Electric Utilities,,,,,,,221112,,,,,,1324222802288,"Sulfuric acid (acid aerosols including mists, vapors, gas, fog, and other airborne forms of any particle size)",NO,0007664939,7664-93-9,152405,NO,TRI,NO,Non_Metal,NO,NO,NO,R,Pounds,0.000,18582.000,0.000,0.000,0.000,0.000,0.000,0.000,0.000,0.000,0.000,0.000,0.000,0.000,18582.000,0.000,0.000,0.000,0.000,0.000,0.000,0.000,0.000,0.000,0.000,0.000,0.000,0.000,0.000,0.000,0.000,0.000,0.000,0.000,0.000,0.000,0.000,0.000,0.000,0.000,0.000,0.000,0.000,0.000,0.000,0.000,0.000,0.000,0.000,0.000,0.000,0.000,0.000,0.000,0.000,0.000,18582.000,0.000,0.000,18582.000,0.000,0.000,0.000,0.000,0.000,0.000,518543.000,0.000,537125.000,,PRODUCTION,2.330
2024,21741RSTLMINTER,110000555907,RUST-OLEUM CORP IN MD,16410 INDUSTRIAL LN,WILLIAMSPORT,WASHINGTON,MD,21795,,,39.597398,-77.800943,,RPM INTERNATIONAL INC,005054420,RPM INTERNATIONAL INC,NA,,NA,NO,325,Chemicals,,,,,,,325510,,,,,,1324223154802,"1,2,4-Trimethylbenzene",NO,0000095636,95-63-6,16261,NO,TRI,NO,Non_Metal,NO,NO,NO,R,Pounds,2.000,46.000,0.000,0.000,0.000,0.000,0.000,0.000,0.000,0.000,0.000,0.000,0.000,0.000,48.000,0.000,0.000,0.000,4.000,0.000,0.000,0.000,0.000,0.000,0.000,0.000,0.000,0.000,0.000,0.000,0.000,0.000,0.000,0.000,579.000,0.000,0.000,583.000,0.000,0.000,0.000,0.000,0.000,0.000,0.000,0.000,0.000,0.000,0.000,0.000,0.000,0.000,0.000,0.000,0.000,583.000,631.000,0.000,0.000,48.000,0.000,583.000,0.000,0.000,0.000,0.000,0.000,0.000,631.000,,PRODUCTION,1.100
2024,2122WSGCNC5FRAN,110022841709,S&G CONCRETE BROOKLYN PLANT,500 FRANKFURST AVENUE,BALTIMORE,BALTIMORE (CITY),MD,21225,,,39.242168,-76.600169,,VULCAN MATERIALS CO,805344798,VULCAN MATERIALS CO,NA,,NA,NO,327,Nonmetallic Mineral Product,,,,,,,327320,,,,,,1324223108352,Nitrate compounds (water dissociable; reportable only when in aqueous solution),NO,N511,N511,649616,NO,TRI,NO,May contain metal,NO,NO,NO,R,Pounds,0.000,0.000,0.000,0.000,0.000,0.000,0.000,0.000,0.000,0.000,0.000,0.000,703.000,0.000,703.000,0.000,0.000,0.000,0.000,0.000,0.000,0.000,0.000,0.000,0.000,0.000,0.000,0.000,0.000,0.000,0.000,0.000,0.000,0.000,0.000,0.000,0.000,0.000,0.000,0.000,0.000,0.000,0.000,0.000,0.000,0.000,0.000,0.000,0.000,0.000,0.000,0.000,0.000,0.000,0.000,0.000,703.000,0.000,0.000,703.000,0.000,0.000,0.000,0.000,703.000,0.000,0.000,0.000,1406.000,,PRODUCTION,0.930
2024,21701GRFFT200ES,110000340337,GRIFFITH ENERGY SERVICES INC FREDERICK BULK PLANT,200 E S ST,FREDERICK,FREDERICK,MD,21701,,,39.431278,-77.391821,,STAR GAS PARTNERS LP,NA,STAR GROUP LP,NA,,NA,NO,999,Other,,,,,,,457210,,,,,,1324223119482,n-Hexane,NO,0000110543,110-54-3,26740,YES,TRI,NO,Non_Metal,NO,NO,NO,A,Pounds,0.000,0.000,0.000,0.000,0.000,0.000,0.000,0.000,0.000,0.000,0.000,0.000,0.000,0.000,0.000,0.000,0.000,0.000,0.000,0.000,0.000,0.000,0.000,0.000,0.000,0.000,0.000,0.000,0.000,0.000,0.000,0.000,0.000,0.000,0.000,0.000,0.000,0.000,0.000,0.000,0.000,0.000,0.000,0.000,0.000,0.000,0.000,0.000,0.000,0.000,0.000,0.000,0.000,0.000,0.000,0.000,0.000,0.000,0.000,0.000,0.000,0.000,0.000,0.000,0.000,0.000,0.000,0.000,0.000,0.000,,0.000
2024,2065WSMMCH2823T,110071071785,SMO MECHANICSVILLE PLANT,28230 THREE NOTCH RD,MECHANICSVILLE,ST. MARY'S,MD,20659,,,38.443676,-76.738429,,STAR GROUP LP,NA,STAR GROUP LP,NA,,NA,NO,999,Other,,,,,,,454310,,,,,,1324223091861,Xylene (mixed isomers),NO,0001330207,1330-20-7,84970,YES,TRI,NO,Non_Metal,NO,NO,NO,A,Pounds,0.000,0.000,0.000,0.000,0.000,0.000,0.000,0.000,0.000,0.000,0.000,0.000,0.000,0.000,0.000,0.000,0.000,0.000,0.000,0.000,0.000,0.000,0.000,0.000,0.000,0.000,0.000,0.000,0.000,0.000,0.000,0.000,0.000,0.000,0.000,0.000,0.000,0.000,0.000,0.000,0.000,0.000,0.000,0.000,0.000,0.000,0.000,0.000,0.000,0.000,0.000,0.000,0.000,0.000,0.000,0.000,0.000,0.000,0.000,0.000,0.000,0.000,0.000,0.000,0.000,0.000,0.000,0.000,0.000,0.000,,0.000
2024,21157GRFFT732SP,110006632322,GRIFFITH ENERGY SERVICES INC SPRING MILL,732 SPRING MILL RD,WESTMINSTER,CARROLL,MD,21157,,,39.552754,-77.011276,,STAR GAS PARTNERS LP,NA,STAR GROUP LP,NA,,NA,NO,999,Other,,,,,,,457210,,,,,,1324223104389,Xylene (mixed isomers),NO,0001330207,1330-20-7,84970,YES,TRI,NO,Non_Metal,NO,NO,NO,A,Pounds,0.000,0.000,0.000,0.000,0.000,0.000,0.000,0.000,0.000,0.000,0.000,0.000,0.000,0.000,0.000,0.000,0.000,0.000,0.000,0.000,0.000,0.000,0.000,0.000,0.000,0.000,0.000,0.000,0.000,0.000,0.000,0.000,0.000,0.000,0.000,0.000,0.000,0.000,0.000,0.000,0.000,0.000,0.000,0.000,0.000,0.000,0.000,0.000,0.000,0.000,0.000,0.000,0.000,0.000,0.000,0.000,0.000,0.000,0.000,0.000,0.000,0.000,0.000,0.000,0.000,0.000,0.000,0.000,0.000,0.000,,0.000
2024,21921TRMMD950EL,110000340747,TERUMO MEDICAL CORP,950 ELKTON BLVD,ELKTON,CECIL,MD,21921,,,39.610214,-75.841765,,TERUMO AMERICAS HOLDING INC,063212377,TERUMO AMERICAS HOLDING INC,TERUMO CORP,690543319,TERUMO CORP,NO,339,Miscellaneous Manufacturing,,,,,,,339112,,,,,,1324222702209,Cyclohexane,NO,0000110827,110-82-7,27003,NO,TRI,NO,Non_Metal,NO,NO,NO,R,Pounds,1188.000,23760.000,0.000,0.000,0.000,0.000,0.000,0.000,0.000,0.000,0.000,0.000,0.000,0.000,24948.000,0.000,0.000,0.000,0.000,0.000,0.000,0.000,0.000,0.000,0.000,0.000,0.000,0.000,0.000,0.000,0.000,0.000,0.000,0.000,0.000,0.000,0.000,0.000,0.000,0.000,0.000,0.000,0.000,0.000,19539.000,0.000,19539.000,0.000,0.000,0.000,0.000,0.000,0.000,0.000,0.000,19539.000,24948.000,0.000,0.000,24948.000,0.000,0.000,0.000,19539.000,0.000,0.000,0.000,0.000,44487.000,,ACTIVITY,0.980
2024,21741RSTLMINTER,110000555907,RUST-OLEUM CORP IN MD,16410 INDUSTRIAL LN,WILLIAMSPORT,WASHINGTON,MD,21795,,,39.597398,-77.800943,,RPM INTERNATIONAL INC,005054420,RPM INTERNATIONAL INC,NA,,NA,NO,325,Chemicals,,,,,,,325510,,,,,,1324223154840,Xylene (mixed isomers),NO,0001330207,1330-20-7,84970,YES,TRI,NO,Non_Metal,NO,NO,NO,R,Pounds,481.000,3108.000,0.000,0.000,0.000,0.000,0.000,0.000,0.000,0.000,0.000,0.000,0.000,0.000,3589.000,0.000,0.000,0.000,37758.000,0.000,0.000,0.000,0.000,0.000,0.000,0.000,0.000,0.000,0.000,0.000,0.000,0.000,0.000,0.000,0.000,0.000,0.000,37758.000,0.000,0.000,0.000,0.000,4652429.000,4652429.000,0.000,0.000,0.000,0.000,0.000,0.000,0.000,0.000,0.000,0.000,0.000,4690187.000,41347.000,0.000,0.000,3589.000,0.000,37758.000,0.000,0.000,0.000,4652429.000,0.000,0.000,4693776.000,,PRODUCTION,1.100
2024,20794LTSPC7151M,110000339269,ELITE SPICE INC.,7151 MONTEVIDEO RD,JESSUP,HOWARD,MD,20794,,,39.174072,-76.776287,,ELITE SPICE INC,182893370,ELITE SPICE INC,NA,,NA,NO,311,Food,,,,,,,311942,,,,,,1324223078674,Ethylene oxide,NO,0000075218,75-21-8,5405,YES,TRI,NO,Non_Metal,YES,NO,NO,R,Pounds,32.000,22.000,0.000,0.000,0.000,0.000,0.000,0.000,0.000,0.000,0.000,0.000,0.000,0.000,54.000,0.000,0.000,0.000,0.000,0.000,0.000,0.000,0.000,0.000,0.000,0.000,0.000,0.000,0.000,0.000,0.000,0.000,0.000,0.000,0.000,0.000,0.000,0.000,0.000,0.000,0.000,0.000,0.000,0.000,0.000,0.000,0.000,0.000,0.000,0.000,0.000,0.000,0.000,0.000,0.000,0.000,54.000,0.000,0.000,54.000,0.000,0.000,0.000,0.000,0.000,0.000,25440.000,0.000,25494.000,,PRODUCTION,0.850
2024,21226CTGPT2201S,110019893329,CITGO PETROLEUM CORP,2201 SOUTHPORT AVE,BALTIMORE,BALTIMORE (CITY),MD,21226,,,39.229478,-76.568788,,PDV HOLDING INC.,119272531,PDV HOLDING INC,PDVSA PETROLEOS S.A.,885354373,PDVSA PETROLEOS SA,NO,4247,Petroleum Bulk Terminals,,,,,,,424710,,,,,,1324222771863,Naphthalene,NO,0000091203,91-20-3,13326,YES,TRI,NO,Non_Metal,YES,NO,NO,R,Pounds,0.000,5.000,0.000,0.000,0.000,0.000,0.000,0.000,0.000,0.000,0.000,0.000,0.000,0.000,5.000,0.000,0.000,0.000,0.000,0.000,0.000,0.000,0.000,0.000,0.000,0.000,0.000,0.000,0.000,0.000,0.000,0.000,0.000,0.000,0.000,0.000,0.000,0.000,0.000,0.000,0.000,0.000,0.000,0.000,0.000,0.000,0.000,0.000,0.000,0.000,0.000,0.000,0.000,0.000,0.000,0.000,5.000,0.000,0.000,5.000,0.000,0.000,0.000,0.000,0.000,0.000,8.000,0.000,13.000,,PRODUCTION,0.890
2024,21226BLTMR2400P,110008432650,GLOBAL BALTIMORE TERMINAL,2400 PETROLIA AVE,BALTIMORE,BALTIMORE (CITY),MD,21226,,,39.235628,-76.564811,,GLOBAL PARTNERS LP,061167842,GLOBAL PARTNERS LP,NA,,NA,NO,4247,Petroleum Bulk Terminals,,,,,,,424710,,,,,,1324223180276,Xylene (mixed isomers),NO,0001330207,1330-20-7,84970,YES,TRI,NO,Non_Metal,NO,NO,NO,R,Pounds,464.270,813.390,0.000,0.000,0.000,0.000,0.000,0.000,0.000,0.000,0.000,0.000,0.000,0.000,1277.660,0.000,0.000,0.000,0.000,0.000,0.000,0.000,0.000,0.000,0.000,0.000,0.000,0.000,0.000,0.000,0.000,0.000,0.000,0.000,0.000,0.000,0.000,0.000,0.000,0.000,0.000,0.000,0.000,0.000,0.000,247.060,247.060,0.000,0.000,0.000,0.000,0.000,0.000,0.000,0.000,247.060,1277.660,0.000,0.000,1277.660,0.000,0.000,0.000,247.060,2698.290,0.000,0.000,0.000,4223.010,,ACTIVITY,1.000
2024,21230SFTYK1448D,110000340122,SAFETY-KLEEN SYSTEMS BALTIMORE (BAL),1448 DESOTO RD,BALTIMORE,BALTIMORE (CITY),MD,21230,,,39.268048,-76.659358,,CLEAN HARBORS INC,157793639,CLEAN HARBORS INC,NA,,NA,NO,562,Hazardous Waste,,,,,,,562112,484230,484220,,,,1324222671861,Polycyclic aromatic compounds,NO,N590,N590,649749,YES,PBT,NO,Non_Metal,YES,YES,NO,R,Pounds,0.000,0.000,0.000,0.000,0.000,0.000,0.000,0.000,0.000,0.000,0.000,0.000,0.000,0.000,0.000,0.000,0.000,0.000,0.000,0.000,0.000,0.000,0.000,0.000,0.000,0.000,0.000,0.000,0.000,0.000,61.700,0.000,0.000,0.000,0.000,0.000,0.000,61.700,0.000,0.000,704.200,0.000,0.000,704.200,0.200,0.000,0.200,0.000,0.000,0.000,0.000,77.000,0.000,77.000,0.000,843.100,61.700,0.000,0.000,0.000,61.700,0.000,0.000,0.200,0.000,704.200,0.000,77.000,843.100,,ACTIVITY,0.870
2024,20850LFRGM14824,110022522377,LAFARGE MID ATLANTIC LLC -ROCKVILLE EAST CONCRETE,14824 S LAWN LN,ROCKVILLE,MONTGOMERY,MD,20850,,,39.098978,-77.136243,,HOLCIM PARTICIPATIONS (US) INC,081260273,HOLCIM PARTICIPATIONS (US) INC,HOLCIM LTD,NA,HOLCIM LTD,NO,327,Nonmetallic Mineral Product,,,,,,,327320,,,,,,1324222798314,Nitrate compounds (water dissociable; reportable only when in aqueous solution),NO,N511,N511,649616,NO,TRI,NO,May contain metal,NO,NO,NO,A,Pounds,0.000,0.000,0.000,0.000,0.000,0.000,0.000,0.000,0.000,0.000,0.000,0.000,0.000,0.000,0.000,0.000,0.000,0.000,0.000,0.000,0.000,0.000,0.000,0.000,0.000,0.000,0.000,0.000,0.000,0.000,0.000,0.000,0.000,0.000,0.000,0.000,0.000,0.000,0.000,0.000,0.000,0.000,0.000,0.000,0.000,0.000,0.000,0.000,0.000,0.000,0.000,0.000,0.000,0.000,0.000,0.000,0.000,0.000,0.000,0.000,0.000,0.000,0.000,0.000,0.000,0.000,0.000,0.000,0.000,0.000,,0.000
2024,2078WBLDNS28252,110043670284,BLADENSBURG READY MIX CONCRETE FACILITY,2820 52ND AVENUE,HYATTSVILLE,PRINCE GEORGE'S,MD,20781,,,38.926060,-76.930964,,HOLCIM PARTICIPATIONS (US) INC,081260273,HOLCIM PARTICIPATIONS (US) INC,HOLCIM LTD.,NA,HOLCIM LTD,NO,327,Nonmetallic Mineral Product,,,,,,,327320,,,,,,1324222798439,Mercury  And Mercury Compounds,YES,N458,N458,650028,YES,PBT,YES,Metal complound categories,NO,YES,NO,R,Pounds,0.920,0.920,0.000,0.000,0.000,0.000,0.000,0.000,0.000,0.000,0.000,0.000,0.000,0.000,1.840,0.000,0.000,0.000,0.000,0.000,0.000,0.000,0.000,0.000,0.000,0.000,0.000,0.000,0.000,0.000,0.000,0.000,0.000,0.000,0.000,0.000,0.000,0.000,0.000,0.000,0.150,0.000,0.000,0.150,0.000,0.000,0.000,0.000,0.000,0.000,0.000,0.000,0.000,0.000,0.000,0.150,1.840,0.000,0.000,1.840,0.000,0.000,0.000,0.000,0.000,0.150,0.000,0.000,1.990,,PRODUCTION,1.100
2024,21741RSTLMINTER,110000555907,RUST-OLEUM CORP IN MD,16410 INDUSTRIAL LN,WILLIAMSPORT,WASHINGTON,MD,21795,,,39.597398,-77.800943,,RPM INTERNATIONAL INC,005054420,RPM INTERNATIONAL INC,NA,,NA,NO,325,Chemicals,,,,,,,325510,,,,,,1324223154838,Zinc compounds,NO,N982,N982,649699,NO,TRI,YES,Metal complound categories,NO,NO,NO,R,Pounds,0.000,0.000,0.000,0.000,0.000,0.000,0.000,0.000,0.000,0.000,0.000,0.000,0.000,0.000,0.000,0.000,0.000,0.000,6071.000,0.000,0.000,0.000,0.000,0.000,0.000,0.000,0.000,0.000,0.000,0.000,0.000,0.000,0.000,0.000,0.000,0.000,0.000,6071.000,0.000,0.000,0.000,0.000,26742.000,26742.000,0.000,0.000,0.000,0.000,0.000,0.000,0.000,0.000,0.000,0.000,0.000,32813.000,6071.000,0.000,0.000,0.000,0.000,6071.000,0.000,0.000,0.000,26742.000,0.000,0.000,32813.000,,PRODUCTION,1.100
2024,21090DVNCDNURSE,110000796595,NORTHROP GRUMMAN SYSTEMS CORP,1212 WINTERSON RD,LINTHICUM HEIGHTS,ANNE ARUNDEL,MD,21090,,,39.204178,-76.685315,,NORTHROP GRUMMAN CORP,967356127,NORTHROP GRUMMAN CORP,NA,,NA,NO,334,Computers and Electronic Products,,,,,,,334413,,,,,,1324222843664,"Sulfuric acid (acid aerosols including mists, vapors, gas, fog, and other airborne forms of any particle size)",NO,0007664939,7664-93-9,152405,NO,TRI,NO,Non_Metal,NO,NO,NO,R,Pounds,0.000,31.000,0.000,0.000,0.000,0.000,0.000,0.000,0.000,0.000,0.000,0.000,0.000,0.000,31.000,0.000,0.000,0.000,0.000,0.000,0.000,0.000,0.000,0.000,0.000,0.000,0.000,0.000,0.000,0.000,0.000,0.000,0.000,0.000,0.000,0.000,0.000,0.000,0.000,0.000,0.000,0.000,0.000,0.000,0.000,0.000,0.000,0.000,0.000,0.000,0.000,0.000,0.000,0.000,0.000,0.000,31.000,0.000,0.000,31.000,0.000,0.000,0.000,0.000,0.000,0.000,30028.000,0.000,30059.000,,PRODUCTION,1.220
2024,2122WCLNDG3121W,110003512477,CLEANEDGE LLP,3121 WILMARCO DR,BALTIMORE,BALTIMORE (CITY),MD,21223,,,39.269449,-76.662661,,NA,,CLEANEDGE LLP,CLEANEDGE LLP,NA,CLEANEDGE LLP,NO,325,Chemicals,,,,,,,325611,,,,,,1324222580159,Certain glycol ethers,NO,N230,N230,649541,YES,TRI,NO,May contain metal,NO,NO,NO,R,Pounds,0.000,0.000,0.000,0.000,0.000,0.000,0.000,0.000,0.000,0.000,0.000,0.000,0.000,0.000,0.000,64.321,0.000,64.321,0.000,0.000,0.000,0.000,0.000,0.000,0.000,0.000,0.000,0.000,0.000,0.000,0.000,0.000,0.000,0.000,0.000,0.000,0.000,64.321,0.000,0.000,0.000,0.000,0.000,0.000,0.000,0.000,0.000,0.000,0.000,0.000,0.000,0.000,0.000,0.000,0.000,64.321,64.321,0.000,0.000,0.000,0.000,64.321,0.000,0.000,0.000,0.000,0.000,0.000,64.321,,PRODUCTION,1.000
2024,21227CHSPK6754S,110000340024,PRECOAT METALS,6754 SANTA BARBARA CT,ELKRIDGE,HOWARD,MD,21075,,,39.187013,-76.742830,,AZZ INC,NA,AZZ INC,NA,,NA,NO,332,Fabricated Metals,,,,,,,332812,,,,,,1324222517981,"1,2,4-Trimethylbenzene",NO,0000095636,95-63-6,16261,NO,TRI,NO,Non_Metal,NO,NO,NO,R,Pounds,0.000,99.460,0.000,0.000,0.000,0.000,0.000,0.000,0.000,0.000,0.000,0.000,0.000,0.000,99.460,0.000,0.000,0.000,0.000,0.000,0.000,0.000,0.000,0.000,0.000,0.000,0.000,0.000,0.000,0.000,0.000,0.000,0.000,0.000,0.000,0.000,0.000,0.000,742.550,0.000,0.000,0.000,0.000,742.550,2432.460,0.000,2432.460,0.000,0.000,0.000,0.000,0.000,0.000,0.000,0.000,3175.010,99.460,0.000,0.000,99.460,0.000,0.000,3553.930,2432.460,0.000,742.550,10154.000,0.000,16982.400,,PRODUCTION,0.610
2024,21226NTDST5500Q,110002463833,US GYPSUM CO,5500 QUARANTINE RD,BALTIMORE,BALTIMORE (CITY),MD,21226,,,39.214000,-76.553779,,USG CORP,003091964,USG CORP,GEBR KNAUF KG,316645860,GEBR KNAUF KG,NO,327,Nonmetallic Mineral Product,,,,,,,327420,327390,,,,,1324222917650,Mercury  And Mercury Compounds,YES,N458,N458,650028,YES,PBT,YES,Metal complound categories,NO,YES,NO,R,Pounds,0.000,45.000,0.000,0.000,0.000,0.000,0.000,0.000,0.000,0.000,0.000,0.000,0.000,0.000,45.000,0.000,0.000,0.000,0.000,0.000,0.000,0.000,0.000,0.000,0.000,0.000,0.000,0.000,0.000,0.000,3.530,0.000,0.000,0.000,0.000,0.000,0.000,3.530,0.000,0.000,1.170,0.000,0.000,1.170,0.000,0.000,0.000,0.000,0.000,0.000,0.000,0.000,0.000,0.000,0.000,4.700,48.530,0.000,0.000,45.000,3.530,0.000,0.000,0.000,0.000,1.170,0.000,0.000,49.700,,PRODUCTION,0.880
2024,21801PLYMT2000I,110000340630,PLYMOUTH TUBE CO,2000 INDUSTRIAL PKWY,SALISBURY,WICOMICO,MD,21801,,,38.397551,-75.588358,,PLYMOUTH TUBE CO,049813314,PLYMOUTH TUBE CO,NA,,NA,NO,331,Primary Metals,,,,,,,331210,,,,,,1324222469672,Chromium,NO,0007440473,7440-47-3,150060,YES,TRI,YES,Elemental metals,NO,NO,NO,R,Pounds,0.000,0.000,0.000,0.000,0.000,0.000,0.000,0.000,0.000,0.000,0.000,0.000,0.000,0.000,0.000,5.000,0.000,5.000,0.000,0.000,0.000,0.000,0.000,0.000,0.000,0.000,0.000,0.000,0.000,0.000,0.000,0.000,0.000,0.000,0.000,0.000,0.000,5.000,0.000,25515.000,0.000,0.000,0.000,25515.000,0.000,0.000,0.000,0.000,0.000,0.000,0.000,0.000,0.000,0.000,0.000,25520.000,5.000,0.000,0.000,0.000,0.000,5.000,0.000,0.000,0.000,25515.000,0.000,0.000,25520.000,,PRODUCTION,0.980
2024,21219DPNCX4630N,110003512002,DAP GLOBAL INC,4630 N POINT BLVD,SPARROWS POINT,BALTIMORE,MD,21219,,,39.250502,-76.459252,,RPM INTERNATIONAL INC,004155651,RPM INTERNATIONAL INC,NA,,NA,NO,325,Chemicals,,,,,,,325520,,,,,,1324222922419,Nonylphenol Ethoxylates,NO,N535,N535,1978074,NO,TRI,NO,Non_Metal,NO,NO,NO,A,Pounds,0.000,0.000,0.000,0.000,0.000,0.000,0.000,0.000,0.000,0.000,0.000,0.000,0.000,0.000,0.000,0.000,0.000,0.000,0.000,0.000,0.000,0.000,0.000,0.000,0.000,0.000,0.000,0.000,0.000,0.000,0.000,0.000,0.000,0.000,0.000,0.000,0.000,0.000,0.000,0.000,0.000,0.000,0.000,0.000,0.000,0.000,0.000,0.000,0.000,0.000,0.000,0.000,0.000,0.000,0.000,0.000,0.000,0.000,0.000,0.000,0.000,0.000,0.000,0.000,0.000,0.000,0.000,0.000,0.000,0.000,,0.000
2024,21078MRCNC1300R,110012464001,CYTEC ENGINEERED INC,1300 REVOLUTION ST,HAVRE DE GRACE,HARFORD,MD,21078,,,39.536988,-76.112063,,SYENSQO HOLDING INC,874748937,SYENSQO HOLDING INC,SYENSQO SA,372787070,SYENSQO SA,NO,325,Chemicals,,,,,,,325520,,,,,,1324222912824,Tetrabromobisphenol A,NO,0000079947,79-94-7,8045,YES,PBT,NO,Non_Metal,NO,YES,NO,R,Pounds,0.000,77.000,0.000,0.000,0.000,0.000,0.000,0.000,0.000,0.000,0.000,0.000,0.000,0.000,77.000,0.000,0.000,0.000,0.000,0.000,0.000,0.000,0.000,0.000,0.000,0.000,0.000,0.000,0.000,0.000,0.000,0.000,0.000,0.000,0.000,0.000,0.000,0.000,0.000,0.000,0.000,0.000,0.000,0.000,0.000,0.000,0.000,0.000,0.000,0.000,0.000,0.000,0.000,0.000,0.000,0.000,77.000,0.000,0.000,77.000,0.000,0.000,0.000,0.000,0.000,0.000,0.000,0.000,77.000,,PRODUCTION,0.950
2024,21921TRMMD950EL,110000340747,TERUMO MEDICAL CORP,950 ELKTON BLVD,ELKTON,CECIL,MD,21921,,,39.610214,-75.841765,,TERUMO AMERICAS HOLDING INC,063212377,TERUMO AMERICAS HOLDING INC,TERUMO CORP,690543319,TERUMO CORP,NO,339,Miscellaneous Manufacturing,,,,,,,339112,,,,,,1324222702211,Methanol,NO,0000067561,67-56-1,4283,YES,TRI,NO,Non_Metal,NO,NO,NO,R,Pounds,1530.000,30600.000,0.000,0.000,0.000,0.000,0.000,0.000,0.000,0.000,0.000,0.000,0.000,0.000,32130.000,0.000,0.000,0.000,0.000,0.000,0.000,0.000,0.000,0.000,0.000,0.000,0.000,0.000,0.000,0.000,0.000,0.000,0.000,0.000,0.000,0.000,0.000,0.000,0.000,0.000,0.000,0.000,0.000,0.000,26623.000,0.000,26623.000,0.000,0.000,0.000,0.000,0.000,0.000,0.000,0.000,26623.000,32130.000,0.000,0.000,32130.000,0.000,0.000,0.000,26623.000,0.000,0.000,0.000,0.000,58753.000,,ACTIVITY,1.900
2024,21801PLYMT2000I,110000340630,PLYMOUTH TUBE CO,2000 INDUSTRIAL PKWY,SALISBURY,WICOMICO,MD,21801,,,38.397551,-75.588358,,PLYMOUTH TUBE CO,049813314,PLYMOUTH TUBE CO,NA,,NA,NO,331,Primary Metals,,,,,,,331210,,,,,,1324222470282,Nickel,NO,0007440020,7440-02-0,149674,YES,TRI,YES,Elemental metals,YES,NO,NO,R,Pounds,0.000,0.000,0.000,0.000,0.000,0.000,0.000,0.000,0.000,0.000,0.000,0.000,0.000,0.000,0.000,5.000,0.000,5.000,0.000,0.000,0.000,0.000,0.000,0.000,0.000,0.000,0.000,0.000,0.000,0.000,0.000,0.000,0.000,0.000,0.000,0.000,0.000,5.000,0.000,18947.000,0.000,0.000,0.000,18947.000,0.000,0.000,0.000,0.000,0.000,0.000,0.000,0.000,0.000,0.000,0.000,18952.000,5.000,0.000,0.000,0.000,0.000,5.000,0.000,0.000,0.000,18947.000,0.000,0.000,18952.000,,PRODUCTION,0.980
2024,21226BRNDN1000B,110038162902,BRANDON SHORES & WAGNER COMPLEX,3000 BRANDON SHORES RD,CURTIS BAY,ANNE ARUNDEL,MD,21226,,,39.178257,-76.541842,,TALEN ENERGY,078612047,TALEN ENERGY CORP,NA,,NA,NO,2211,Electric Utilities,,,,,,,221112,,,,,,1324222802314,"Hydrochloric acid (acid aerosols including mists, vapors, gas, fog, and other airborne forms of any particle size)",NO,0007647010,7647-01-0,152231,YES,TRI,NO,Non_Metal,NO,NO,NO,R,Pounds,0.000,7580.000,0.000,0.000,0.000,0.000,0.000,0.000,0.000,0.000,0.000,0.000,0.000,0.000,7580.000,0.000,0.000,0.000,0.000,0.000,0.000,0.000,0.000,0.000,0.000,0.000,0.000,0.000,0.000,0.000,0.000,0.000,0.000,0.000,0.000,0.000,0.000,0.000,0.000,0.000,0.000,0.000,0.000,0.000,0.000,0.000,0.000,0.000,0.000,0.000,0.000,0.000,0.000,0.000,0.000,0.000,7580.000,0.000,0.000,7580.000,0.000,0.000,0.000,0.000,0.000,0.000,273161.000,0.000,280741.000,,PRODUCTION,1.630
2024,2123WMRYLN619BA,110001276262,MARYLAND PAVING ROSEDALE LLC,619 BATAVIA FARM RD,ROSEDALE,BALTIMORE,MD,21237,,,39.318283,-76.500173,,NA,,GRAY & SON INC,NA,,NA,NO,324,Petroleum,,,,,,,324121,,,,,,1324222999880,"Benzo[g,h,i]perylene",NO,0000191242,191-24-2,40576,YES,PBT,NO,Non_Metal,NO,YES,NO,R,Pounds,0.000,0.010,0.000,0.000,0.000,0.000,0.000,0.000,0.000,0.000,0.000,0.000,0.000,0.000,0.010,0.000,0.000,0.000,0.000,0.000,0.000,0.000,0.000,0.000,0.000,0.000,0.000,0.000,0.000,0.000,0.000,0.000,0.000,0.000,0.000,0.000,0.000,0.000,0.000,0.000,0.000,0.000,0.000,0.000,0.000,0.000,0.000,0.000,0.000,0.000,0.000,0.000,0.000,0.000,0.000,0.000,0.010,0.000,0.000,0.010,0.000,0.000,0.000,0.000,0.000,0.000,0.000,0.000,0.010,,PRODUCTION,0.690
2024,21218CLVRL2701L,110000496419,CLOVERLAND FARMS DAIRY,2701 LOCH RAVEN RD,BALTIMORE,BALTIMORE (CITY),MD,21218,,,39.320598,-76.604455,,TWO FARMS INC,003076650,TWO FARMS INC,NA,,NA,NO,311,Food,,,,,,,311511,,,,,,1324222593434,Sodium nitrite,NO,0007632000,7632-00-0,152058,NO,TRI,NO,Individually-listed compounds that contain metal,NO,NO,NO,R,Pounds,0.000,0.000,0.000,0.000,0.000,0.000,0.000,0.000,0.000,0.000,0.000,0.000,0.000,0.000,0.000,0.000,0.000,0.000,0.000,0.000,0.000,0.000,0.000,0.000,0.000,0.000,0.000,0.000,0.000,0.000,0.000,0.000,0.000,0.000,0.000,0.000,0.000,0.000,0.000,0.000,0.000,0.000,0.000,0.000,0.000,0.000,0.000,0.000,0.000,0.000,0.000,0.000,0.000,0.000,0.000,0.000,0.000,0.000,0.000,0.000,0.000,0.000,0.000,0.000,0.000,0.000,24961.200,0.000,24961.200,,ACTIVITY,1.120
2024,21643CNGRBBOX34,110000340300,AMICK FARMS LLC,274 NEALSON ST,HURLOCK,DORCHESTER,MD,21643,,,38.632588,-75.858648,,OSI GROUP LLC,NA,OSI GROUP LLC,NA,,NA,NO,311,Food,,,,,,,311615,,,,,,1324222852941,Peracetic acid,NO,0000079210,79-21-0,7682,NO,TRI,NO,Non_Metal,NO,NO,NO,A,Pounds,0.000,0.000,0.000,0.000,0.000,0.000,0.000,0.000,0.000,0.000,0.000,0.000,0.000,0.000,0.000,0.000,0.000,0.000,0.000,0.000,0.000,0.000,0.000,0.000,0.000,0.000,0.000,0.000,0.000,0.000,0.000,0.000,0.000,0.000,0.000,0.000,0.000,0.000,0.000,0.000,0.000,0.000,0.000,0.000,0.000,0.000,0.000,0.000,0.000,0.000,0.000,0.000,0.000,0.000,0.000,0.000,0.000,0.000,0.000,0.000,0.000,0.000,0.000,0.000,0.000,0.000,0.000,0.000,0.000,0.000,,0.000
2024,21750JFFRS14738,110000492547,LANCO PENNLAND,14738 WARFORDSBURG RD,HANCOCK,WASHINGTON,MD,21750,,,39.716744,-78.180951,,NA,,NA,NA,,NA,NO,311,Food,,,,,,,311513,,,,,,1324222764399,Peracetic acid,NO,0000079210,79-21-0,7682,NO,TRI,NO,Non_Metal,NO,NO,NO,R,Pounds,0.000,0.000,0.000,0.000,0.000,0.000,0.000,0.000,0.000,0.000,0.000,0.000,0.000,0.000,0.000,0.000,0.000,0.000,0.000,0.000,0.000,0.000,0.000,0.000,0.000,0.000,0.000,0.000,0.000,0.000,0.000,0.000,0.000,0.000,0.000,0.000,0.000,0.000,0.000,0.000,0.000,0.000,0.000,0.000,0.000,0.000,0.000,0.000,0.000,0.000,0.000,0.000,0.000,0.000,0.000,0.000,0.000,0.000,0.000,0.000,0.000,0.000,0.000,0.000,0.000,0.000,17825.000,0.000,17825.000,,PRODUCTION,1.100
2024,21502SWRRR11600,110000551055,AES WARRIOR RUN INC,11600 MEXICO FARMS RD SE,CUMBERLAND,ALLEGANY,MD,21502,,,39.598758,-78.744078,,AES CORP,043857812,AES CORP,NA,,NA,NO,2211,Electric Utilities,,,,,,,221112,,,,,,1324222610154,Hydrogen fluoride,NO,0007664393,7664-39-3,152371,YES,TRI,NO,Non_Metal,NO,NO,NO,R,Pounds,0.000,108.000,0.000,0.000,0.000,0.000,0.000,0.000,0.000,0.000,0.000,0.000,0.000,0.000,108.000,0.000,0.000,0.000,0.000,0.000,0.000,0.000,0.000,0.000,0.000,0.000,0.000,0.000,0.000,0.000,0.000,0.000,0.000,0.000,0.000,0.000,0.000,0.000,0.000,0.000,0.000,0.000,0.000,0.000,0.000,0.000,0.000,0.000,0.000,0.000,0.000,0.000,0.000,0.000,0.000,0.000,108.000,0.000,0.000,108.000,0.000,0.000,0.000,0.000,0.000,0.000,41013.000,0.000,41121.000,,PRODUCTION,0.500
2024,21502SWRRR11600,110000551055,AES WARRIOR RUN INC,11600 MEXICO FARMS RD SE,CUMBERLAND,ALLEGANY,MD,21502,,,39.598758,-78.744078,,AES CORP,043857812,AES CORP,NA,,NA,NO,2211,Electric Utilities,,,,,,,221112,,,,,,1324222610178,Manganese compounds,NO,N450,N450,650010,YES,TRI,YES,Metal complound categories,NO,NO,NO,R,Pounds,0.300,3.000,1.170,0.000,0.000,0.000,0.000,0.000,0.000,0.000,0.000,0.000,0.000,0.000,4.470,0.000,0.000,0.000,0.000,0.000,0.000,0.000,0.000,0.000,0.000,0.000,0.000,0.000,0.000,0.000,0.000,0.000,0.000,22410.000,0.000,0.000,0.000,22410.000,0.000,0.000,0.000,0.000,0.000,0.000,0.000,0.000,0.000,0.000,0.000,0.000,0.000,0.000,0.000,0.000,0.000,22410.000,22414.470,0.000,0.000,4.470,0.000,22410.000,0.000,0.000,0.000,0.000,0.000,0.000,22414.470,,PRODUCTION,0.500
2024,21741RCKYT1201M,110000340417,GREAT SOUTHERN WOOD - MD INC.,1201 MARYLAND AVE,HAGERSTOWN,WASHINGTON,MD,21740,,,39.620872,-77.735668,,GREAT SOUTHERN WOOD PRESERVING INC,057211823,GREAT SOUTHERN WOOD PRESERVING INC,NA,,NA,NO,321,Wood Products,,,,,,,321114,,,,,,1324222939389,Arsenic compounds,NO,N020,N020,649418,YES,TRI,YES,Metal complound categories,YES,NO,NO,R,Pounds,0.000,0.000,0.000,0.000,0.000,0.000,0.000,0.000,0.000,0.000,0.000,0.000,0.000,0.000,0.000,0.000,0.000,0.000,0.000,2146.500,0.000,0.000,0.000,0.000,0.000,0.000,0.000,0.000,0.000,0.000,0.000,0.000,0.000,0.000,0.000,0.000,0.000,2146.500,0.000,0.000,0.000,0.000,0.000,0.000,0.000,0.000,0.000,0.000,0.000,0.000,0.000,0.000,0.000,0.000,0.000,2146.500,2146.500,0.000,0.000,0.000,0.000,2146.500,0.000,0.000,2.750,0.000,0.000,0.000,2149.250,,PRODUCTION,1.010
2024,21226BRNDN1000B,110038162902,BRANDON SHORES & WAGNER COMPLEX,3000 BRANDON SHORES RD,CURTIS BAY,ANNE ARUNDEL,MD,21226,,,39.178257,-76.541842,,TALEN ENERGY,078612047,TALEN ENERGY CORP,NA,,NA,NO,2211,Electric Utilities,,,,,,,221112,,,,,,1324222802290,Vanadium compounds,NO,N770,N770,755389,NO,TRI,YES,Metal complound categories,NO,NO,NO,R,Pounds,1.000,42.000,0.000,0.000,0.000,0.000,0.000,0.000,0.000,0.000,0.000,0.000,0.000,0.000,43.000,0.000,0.000,0.000,0.000,0.000,0.000,0.000,0.000,0.000,0.000,0.000,0.000,0.000,0.000,0.000,7024.000,0.000,0.000,0.000,0.000,0.000,0.000,7024.000,0.000,0.000,0.000,0.000,0.000,0.000,0.000,0.000,0.000,0.000,0.000,0.000,0.000,0.000,0.000,0.000,0.000,7024.000,7067.000,0.000,0.000,43.000,7024.000,0.000,0.000,0.000,0.000,0.000,0.000,0.000,7067.000,,PRODUCTION,1.520
2024,21226BRNDN1000B,110038162902,BRANDON SHORES & WAGNER COMPLEX,3000 BRANDON SHORES RD,CURTIS BAY,ANNE ARUNDEL,MD,21226,,,39.178257,-76.541842,,TALEN ENERGY,078612047,TALEN ENERGY CORP,NA,,NA,NO,2211,Electric Utilities,,,,,,,221112,,,,,,1324222802338,Copper compounds,NO,N100,N100,649491,NO,TRI,YES,Metal complound categories,NO,NO,NO,R,Pounds,0.000,26.000,6.000,0.000,0.000,0.000,0.000,0.000,0.000,0.000,0.000,0.000,0.000,0.000,32.000,0.000,0.000,0.000,0.000,0.000,0.000,0.000,0.000,0.000,0.000,0.000,0.000,0.000,0.000,0.000,2388.000,0.000,0.000,0.000,0.000,0.000,0.000,2388.000,0.000,0.000,0.000,0.000,0.000,0.000,0.000,0.000,0.000,0.000,0.000,0.000,0.000,0.000,0.000,0.000,0.000,2388.000,2420.000,0.000,0.000,32.000,2388.000,0.000,0.000,0.000,0.000,0.000,0.000,0.000,2420.000,,PRODUCTION,1.000
2024,21157GRFFT8SULL,110002341476,GRIFFITH ENERGY SERVICES INC BARE,8 SULLIVAN AVE,WESTMINSTER,CARROLL,MD,21157,,,39.588030,-76.996047,,STAR GROUP LP,NA,STAR GROUP LP,NA,,NA,NO,999,Other,,,,,,,457210,,,,,,1324223106232,Naphthalene,NO,0000091203,91-20-3,13326,YES,TRI,NO,Non_Metal,YES,NO,NO,A,Pounds,0.000,0.000,0.000,0.000,0.000,0.000,0.000,0.000,0.000,0.000,0.000,0.000,0.000,0.000,0.000,0.000,0.000,0.000,0.000,0.000,0.000,0.000,0.000,0.000,0.000,0.000,0.000,0.000,0.000,0.000,0.000,0.000,0.000,0.000,0.000,0.000,0.000,0.000,0.000,0.000,0.000,0.000,0.000,0.000,0.000,0.000,0.000,0.000,0.000,0.000,0.000,0.000,0.000,0.000,0.000,0.000,0.000,0.000,0.000,0.000,0.000,0.000,0.000,0.000,0.000,0.000,0.000,0.000,0.000,0.000,,0.000
2024,21226LCLCX3440F,110000867321,SOLVAY USA LLC,3440 FAIRFIELD RD,BALTIMORE,BALTIMORE (CITY),MD,21226,,,39.233914,-76.576864,,SYENSQO HOLDING INC,874748937,SYENSQO HOLDING INC,SYENSQO SA,372787070,SYENSQO SA,NO,325,Chemicals,,,,,,,325613,325199,,,,,1324223130966,"Hydrochloric acid (acid aerosols including mists, vapors, gas, fog, and other airborne forms of any particle size)",NO,0007647010,7647-01-0,152231,YES,TRI,NO,Non_Metal,NO,NO,NO,R,Pounds,22.000,10.000,0.000,0.000,0.000,0.000,0.000,0.000,0.000,0.000,0.000,0.000,0.000,0.000,32.000,0.000,0.000,0.000,0.000,0.000,0.000,0.000,0.000,0.000,0.000,0.000,0.000,0.000,0.000,0.000,0.000,0.000,0.000,0.000,0.000,0.000,0.000,0.000,0.000,0.000,0.000,0.000,0.000,0.000,0.000,0.000,0.000,0.000,0.000,0.000,0.000,0.000,0.000,0.000,0.000,0.000,32.000,0.000,0.000,32.000,0.000,0.000,0.000,0.000,0.000,0.000,613021.000,0.000,613053.000,,PRODUCTION,1.210
2024,2065WSMMCH2823T,110071071785,SMO MECHANICSVILLE PLANT,28230 THREE NOTCH RD,MECHANICSVILLE,ST. MARY'S,MD,20659,,,38.443676,-76.738429,,STAR GROUP LP,NA,STAR GROUP LP,NA,,NA,NO,999,Other,,,,,,,454310,,,,,,1324223091859,Naphthalene,NO,0000091203,91-20-3,13326,YES,TRI,NO,Non_Metal,YES,NO,NO,A,Pounds,0.000,0.000,0.000,0.000,0.000,0.000,0.000,0.000,0.000,0.000,0.000,0.000,0.000,0.000,0.000,0.000,0.000,0.000,0.000,0.000,0.000,0.000,0.000,0.000,0.000,0.000,0.000,0.000,0.000,0.000,0.000,0.000,0.000,0.000,0.000,0.000,0.000,0.000,0.000,0.000,0.000,0.000,0.000,0.000,0.000,0.000,0.000,0.000,0.000,0.000,0.000,0.000,0.000,0.000,0.000,0.000,0.000,0.000,0.000,0.000,0.000,0.000,0.000,0.000,0.000,0.000,0.000,0.000,0.000,0.000,,0.000
2024,2120WSCHST3625E,110019905209,SCHUSTER CONCRETE READY MIX LLC-MONUMENT ST,3625 E MONUMENT ST,BALTIMORE,BALTIMORE (CITY),MD,21205,,,39.299362,-76.567795,,SCHUSTER CONCRETE READY MIX LLC,NA,SCHUSTER CONCRETE READY MIX LLC,NA,,NA,NO,327,Nonmetallic Mineral Product,,,,,,,327320,,,,,,1324222431049,Chromium compounds (except for chromite ore mined in the Transvaal Region),NO,N090,N090,649475,YES,TRI,YES,Metal complound categories,NO,NO,NO,A,Pounds,0.000,0.000,0.000,0.000,0.000,0.000,0.000,0.000,0.000,0.000,0.000,0.000,0.000,0.000,0.000,0.000,0.000,0.000,0.000,0.000,0.000,0.000,0.000,0.000,0.000,0.000,0.000,0.000,0.000,0.000,0.000,0.000,0.000,0.000,0.000,0.000,0.000,0.000,0.000,0.000,0.000,0.000,0.000,0.000,0.000,0.000,0.000,0.000,0.000,0.000,0.000,0.000,0.000,0.000,0.000,0.000,0.000,0.000,0.000,0.000,0.000,0.000,0.000,0.000,0.000,0.000,0.000,0.000,0.000,0.000,,0.000
2024,2100WHRFRD2225P,110006637979,HARFORD SYSTEMS LLC,2225 PULASKI HWY,ABERDEEN,HARFORD,MD,21001,,,39.524675,-76.138463,,NA,,NA,NA,,NA,NO,332,Fabricated Metals,,,,,,,332322,,,,,,1324222424525,Nickel,NO,0007440020,7440-02-0,149674,YES,TRI,YES,Elemental metals,YES,NO,NO,R,Pounds,0.000,0.000,0.000,0.000,0.000,0.000,0.000,0.000,0.000,0.000,0.000,0.000,0.000,0.000,0.000,0.000,0.000,0.000,0.000,0.000,0.000,0.000,0.000,0.000,0.000,0.000,0.000,0.000,0.000,0.000,0.000,0.000,0.000,0.000,0.000,0.000,0.000,0.000,0.000,0.000,0.000,0.000,0.000,0.000,0.000,0.000,0.000,0.000,0.000,0.000,0.000,0.000,0.000,0.000,0.000,0.000,0.000,0.000,0.000,0.000,0.000,0.000,0.000,0.000,0.000,0.000,0.000,0.000,0.000,,,
2024,2122WSGCNC5FRAN,110022841709,S&G CONCRETE BROOKLYN PLANT,500 FRANKFURST AVENUE,BALTIMORE,BALTIMORE (CITY),MD,21225,,,39.242168,-76.600169,,VULCAN MATERIALS CO,805344798,VULCAN MATERIALS CO,NA,,NA,NO,327,Nonmetallic Mineral Product,,,,,,,327320,,,,,,1324222996086,Lead,NO,0007439921,7439-92-1,149583,NO,PBT,YES,Elemental metals,YES,YES,NO,R,Pounds,0.035,0.003,0.000,0.000,0.000,0.000,0.000,0.000,0.000,0.000,0.000,0.000,0.000,0.000,0.039,0.000,0.000,0.000,0.000,0.000,0.000,0.000,0.000,0.000,0.000,0.000,0.000,0.000,0.000,0.000,0.000,0.000,0.000,0.000,0.000,0.000,0.000,0.000,0.000,0.000,0.000,0.000,0.000,0.000,0.000,0.000,0.000,0.000,0.000,0.000,0.000,0.000,0.000,0.000,0.000,0.000,0.039,0.000,0.000,0.039,0.000,0.000,0.000,0.000,0.000,0.000,0.000,0.000,0.039,,PRODUCTION,0.930
2024,21741RSTLMINTER,110000555907,RUST-OLEUM CORP IN MD,16410 INDUSTRIAL LN,WILLIAMSPORT,WASHINGTON,MD,21795,,,39.597398,-77.800943,,RPM INTERNATIONAL INC,005054420,RPM INTERNATIONAL INC,NA,,NA,NO,325,Chemicals,,,,,,,325510,,,,,,1324223154853,Cobalt compounds,NO,N096,N096,649970,YES,TRI,YES,Metal complound categories,YES,NO,NO,R,Pounds,0.000,0.000,0.000,0.000,0.000,0.000,0.000,0.000,0.000,0.000,0.000,0.000,0.000,0.000,0.000,0.000,0.000,0.000,388.000,0.000,0.000,0.000,0.000,0.000,0.000,0.000,0.000,0.000,0.000,0.000,0.000,0.000,0.000,0.000,0.000,0.000,0.000,388.000,0.000,0.000,0.000,0.000,5366.000,5366.000,0.000,0.000,0.000,0.000,0.000,0.000,0.000,0.000,0.000,0.000,0.000,5754.000,388.000,0.000,0.000,0.000,0.000,388.000,0.000,0.000,0.000,5366.000,0.000,0.000,5754.000,,PRODUCTION,1.100
2024,21740MCKTR1999P,110000340391,MACK TRUCKS INC,13302 PENNSYLVANIA AVE,HAGERSTOWN,WASHINGTON,MD,21742,,,39.678469,-77.720055,,VOLVO GROUP,NA,VOLVO GROUP,AB VOLVO,353952559,AB VOLVO,NO,336,Transportation Equipment,,,,,,,336350,,,,,,1324223221742,Copper,NO,0007440508,7440-50-8,150086,NO,TRI,YES,Elemental metals,NO,NO,NO,R,Pounds,0.000,0.080,0.000,0.000,0.000,0.000,0.000,0.000,0.000,0.000,0.000,0.000,0.000,0.000,0.080,31.440,0.000,31.440,0.000,0.000,2.600,0.000,0.000,0.000,0.000,0.000,0.000,0.000,0.000,0.000,0.000,0.000,0.000,0.000,0.000,344.000,0.000,378.040,0.000,0.000,0.000,0.000,21141.000,21141.000,0.000,0.000,0.000,0.000,0.000,0.000,0.000,0.000,0.000,0.000,0.000,21519.040,378.120,0.000,0.000,0.080,22.637,355.403,0.000,0.000,0.000,21141.000,0.000,0.000,21519.120,,PRODUCTION,1.020
2024,21226CHMTL711PI,110000867036,VIBRANTZ SPECIALTY PRODUCTS LLC,610 PITTMAN RD,BALTIMORE,ANNE ARUNDEL,MD,21226,,,39.194777,-76.564171,,VIBRANTZ TECHNOLOGIES INC,080520213,VIBRANTZ TECHNOLOGIES INC,NA,,NA,NO,325,Chemicals,,,,,,,325180,,,,,,1324223034582,Nitric acid,NO,0007697372,7697-37-2,152686,NO,TRI,NO,Non_Metal,NO,NO,NO,R,Pounds,18.380,433.910,0.000,0.000,0.000,0.000,0.000,0.000,0.000,0.000,0.000,0.000,0.000,0.000,452.290,0.000,0.000,0.000,0.000,0.000,0.000,0.000,0.000,0.000,0.000,0.000,0.000,0.000,0.000,0.000,0.000,0.000,0.000,0.000,0.000,0.000,0.000,0.000,0.000,0.000,0.000,0.000,0.000,0.000,0.000,0.000,0.000,0.000,0.000,0.000,0.000,0.000,0.000,0.000,0.000,0.000,452.290,0.000,0.000,452.290,0.000,0.000,0.000,0.000,0.000,0.000,0.000,0.000,452.290,,PRODUCTION,0.610
2024,2122WPLYSL181PR,110000796746,POLYSEAL CORP,1810 PORTAL ST.,BALTIMORE,BALTIMORE,MD,21224,,,39.271002,-76.535541,,NA,,MAGNERA CORP,NA,,NA,NO,326,Plastics and Rubber,,,,,,,326199,,,,,,1324222538391,Phenol,NO,0000108952,108-95-2,25510,YES,TRI,NO,Non_Metal,NO,NO,NO,A,Pounds,0.000,0.000,0.000,0.000,0.000,0.000,0.000,0.000,0.000,0.000,0.000,0.000,0.000,0.000,0.000,0.000,0.000,0.000,0.000,0.000,0.000,0.000,0.000,0.000,0.000,0.000,0.000,0.000,0.000,0.000,0.000,0.000,0.000,0.000,0.000,0.000,0.000,0.000,0.000,0.000,0.000,0.000,0.000,0.000,0.000,0.000,0.000,0.000,0.000,0.000,0.000,0.000,0.000,0.000,0.000,0.000,0.000,0.000,0.000,0.000,0.000,0.000,0.000,0.000,0.000,0.000,0.000,0.000,0.000,0.000,,0.000
2024,21795CRTNTPOBOX,110000340505,CERTAINTEED CORP,10131 GOVERNOR LN BLVD,WILLIAMSPORT,WASHINGTON,MD,21795,,,39.592624,-77.806710,,COMPAGNIE DE SAINT GOBAIN,879321644,SAINT-GOBAIN CORP,COMPAGNIE DE SAINT GOBAIN,275133692,COMPAGNIE DE SAINT GOBAIN SA,NO,326,Plastics and Rubber,,,,,,,326199,,,,,,1324222419412,Antimony  And Antimony Compounds,YES,N010,N010,649921,YES,TRI,YES,Metal complound categories,NO,NO,NO,R,Pounds,0.000,0.000,0.000,0.000,0.000,0.000,0.000,0.000,0.000,0.000,0.000,0.000,0.000,0.000,0.000,0.000,0.000,0.000,0.000,0.000,0.000,0.000,0.000,0.000,0.000,0.000,0.000,0.000,0.000,0.000,0.000,0.000,0.000,0.000,0.000,0.000,0.000,0.000,0.000,0.000,0.000,0.000,0.000,0.000,0.000,0.000,0.000,0.000,0.000,0.000,0.000,0.000,0.000,0.000,0.000,0.000,0.000,0.000,0.000,0.000,0.000,0.000,0.000,0.000,0.000,0.000,0.000,0.000,0.000,,PRODUCTION,1.100
2024,2162WSCHST26425,110071042645,SCHUSTER CONCRETE READY MIX LLC-HOBBS RD,26425 HOBBS RD,DENTON,CAROLINE,MD,21629,,,38.862432,-75.787579,,NA,,SCHUSTER CONCRETE READY MIX LLC,NA,,NA,NO,327,Nonmetallic Mineral Product,,,,,,,327320,,,,,,1324222431381,Lead,NO,0007439921,7439-92-1,149583,NO,PBT,YES,Elemental metals,YES,YES,NO,R,Pounds,0.000,0.009,0.000,0.000,0.000,0.000,0.000,0.000,0.000,0.000,0.000,0.000,0.000,0.000,0.009,0.000,0.000,0.000,0.000,0.000,0.000,0.000,0.000,0.000,0.000,0.000,0.000,0.000,0.000,0.000,0.000,0.000,0.000,0.000,0.000,0.000,0.000,0.000,0.000,0.000,0.000,0.000,0.000,0.000,0.000,0.000,0.000,0.000,0.000,0.000,0.000,0.000,0.000,0.000,0.000,0.000,0.009,0.000,0.000,0.009,0.000,0.000,0.000,0.000,0.000,0.000,0.000,0.000,0.009,,PRODUCTION,0.920
2024,21741PRNML11671,110000340426,PURINA ANIMAL NUTRITION LLC - HAGERSTOWN,11671 HOPEWELL RD,HAGERSTOWN,WASHINGTON,MD,21740,,,39.633666,-77.777814,,LAND O LAKES INC,006253835,LAND O LAKES INC,NA,,NA,NO,311,Food,,,,,,,311119,,,,,,1324222671063,Manganese compounds,NO,N450,N450,650010,YES,TRI,YES,Metal complound categories,NO,NO,NO,A,Pounds,0.000,0.000,0.000,0.000,0.000,0.000,0.000,0.000,0.000,0.000,0.000,0.000,0.000,0.000,0.000,0.000,0.000,0.000,0.000,0.000,0.000,0.000,0.000,0.000,0.000,0.000,0.000,0.000,0.000,0.000,0.000,0.000,0.000,0.000,0.000,0.000,0.000,0.000,0.000,0.000,0.000,0.000,0.000,0.000,0.000,0.000,0.000,0.000,0.000,0.000,0.000,0.000,0.000,0.000,0.000,0.000,0.000,0.000,0.000,0.000,0.000,0.000,0.000,0.000,0.000,0.000,0.000,0.000,0.000,0.000,,0.000
2024,21226CTGPT2201S,110019893329,CITGO PETROLEUM CORP,2201 SOUTHPORT AVE,BALTIMORE,BALTIMORE (CITY),MD,21226,,,39.229478,-76.568788,,PDV HOLDING INC.,119272531,PDV HOLDING INC,PDVSA PETROLEOS S.A.,885354373,PDVSA PETROLEOS SA,NO,4247,Petroleum Bulk Terminals,,,,,,,424710,,,,,,1324222771875,Xylene (mixed isomers),NO,0001330207,1330-20-7,84970,YES,TRI,NO,Non_Metal,NO,NO,NO,R,Pounds,45.000,501.000,0.000,0.000,0.000,0.000,0.000,0.000,0.000,0.000,0.000,0.000,0.000,0.000,546.000,0.000,0.000,0.000,0.000,0.000,0.000,0.000,0.000,0.000,0.000,0.000,0.000,0.000,0.000,0.000,0.000,0.000,0.000,0.000,0.000,0.000,0.000,0.000,0.000,0.000,0.000,0.000,0.000,0.000,0.000,0.000,0.000,0.000,0.000,0.000,0.000,0.000,0.000,0.000,0.000,0.000,546.000,0.000,0.000,546.000,0.000,0.000,0.000,0.000,0.000,0.000,4775.000,0.000,5321.000,,PRODUCTION,0.860
2024,2073WSMCLN568KI,110071071826,SMO CLINTON PLANT,5608 KIRBY RD,CLINTON,PRINCE GEORGE'S,MD,20735,,,38.783284,-76.910730,,STAR GROUP LP,NA,STAR GROUP LP,NA,,NA,NO,999,Other,,,,,,,457210,,,,,,1324223096684,"1,2,4-Trimethylbenzene",NO,0000095636,95-63-6,16261,NO,TRI,NO,Non_Metal,NO,NO,NO,A,Pounds,0.000,0.000,0.000,0.000,0.000,0.000,0.000,0.000,0.000,0.000,0.000,0.000,0.000,0.000,0.000,0.000,0.000,0.000,0.000,0.000,0.000,0.000,0.000,0.000,0.000,0.000,0.000,0.000,0.000,0.000,0.000,0.000,0.000,0.000,0.000,0.000,0.000,0.000,0.000,0.000,0.000,0.000,0.000,0.000,0.000,0.000,0.000,0.000,0.000,0.000,0.000,0.000,0.000,0.000,0.000,0.000,0.000,0.000,0.000,0.000,0.000,0.000,0.000,0.000,0.000,0.000,0.000,0.000,0.000,0.000,,0.000
2024,20640SDDND101ST,110000492495,U.S. NAVY  NAVAL SUPPORT FACILITY INDIAN HEAD,101 STRAUSS AVE,INDIAN HEAD,CHARLES,MD,20640,,,38.584955,-77.190950,,US DEPARTMENT OF DEFENSE,NA,US DEPARTMENT OF DEFENSE,NA,,NA,YES,999,Other,,,,,,,928110,,,,,,1324222880837,Nitric acid,NO,0007697372,7697-37-2,152686,NO,TRI,NO,Non_Metal,NO,NO,NO,R,Pounds,0.000,0.000,0.000,0.000,0.000,0.000,0.000,0.000,0.000,0.000,0.000,0.000,0.000,0.000,0.000,0.000,0.000,0.000,0.000,0.000,0.000,0.000,0.000,0.000,0.000,0.000,0.000,0.000,0.000,0.000,0.000,0.000,0.000,0.000,0.000,157.430,0.000,157.430,0.000,0.000,0.000,0.000,0.000,0.000,0.000,0.000,0.000,0.000,0.000,0.000,0.000,0.000,0.000,0.000,0.000,157.430,157.430,0.000,0.000,0.000,0.000,157.430,0.000,0.000,0.000,0.000,200953.000,0.000,201110.430,,PRODUCTION,7.840
2024,21701RNKRM1751M,110019905110,RINKER MATERIALS HYDRO CONDUIT,1751 MONOCACY BLVD,FREDERICK,FREDERICK,MD,21701,,,39.436901,-77.376630,,QUIKRETE HOLDINGS,969583546,QUIKRETE HOLDINGS,NA,,NA,NO,327,Nonmetallic Mineral Product,,,,,,,327390,,,,,,1324222454086,Lead,NO,0007439921,7439-92-1,149583,NO,PBT,YES,Elemental metals,YES,YES,NO,R,Pounds,0.139,0.004,0.000,0.000,0.000,0.000,0.000,0.000,0.000,0.000,0.000,0.000,0.000,0.000,0.143,0.000,0.000,0.000,0.000,0.000,0.000,0.000,0.000,0.000,0.000,0.000,0.000,0.000,0.000,0.000,0.000,0.000,0.000,0.000,0.000,0.000,0.000,0.000,0.000,0.000,0.000,0.000,0.000,0.000,0.000,0.000,0.000,0.000,0.000,0.000,0.000,0.000,0.000,0.000,0.000,0.000,0.143,0.000,0.000,0.143,0.000,0.000,0.000,0.000,0.000,0.000,0.000,0.000,0.143,,PRODUCTION,0.800
2024,2163WVLPCN14IND,110015308273,VALPAC INC.,1400 INDUSTRIAL PARK ROAD,FEDERALSBURG,CAROLINE,MD,21632,,,38.686325,-75.758080,,NA,,NA,NA,,NA,NO,325,Chemicals,,,,,,,325520,,,,,,1324222716526,Styrene,NO,0000100425,100-42-5,19414,YES,TRI,NO,Non_Metal,YES,NO,NO,R,Pounds,9.200,71.000,0.000,0.000,0.000,0.000,0.000,0.000,0.000,0.000,0.000,0.000,0.000,0.000,80.200,0.000,0.000,0.000,0.000,0.000,0.000,0.000,0.000,0.000,0.000,0.000,0.000,0.000,0.000,0.000,0.000,0.000,0.000,0.000,0.000,0.000,0.000,0.000,0.000,0.000,0.000,0.000,0.000,0.000,0.000,0.000,0.000,0.000,0.000,0.000,0.000,0.000,0.000,0.000,0.000,0.000,80.200,0.000,0.000,80.200,0.000,0.000,0.000,0.000,0.000,0.000,0.000,0.000,80.200,,PRODUCTION,2.860
2024,21001MRYLN141CA,110009684092,MARYLAND PAVING INC,1401 CARSINS RUN RD,ABERDEEN,HARFORD,MD,21001,,,39.525192,-76.223905,,NA,,GRAY & SON INC,NA,,NA,NO,324,Petroleum,,,,,,,324121,,,,,,1324222999839,"Benzo[g,h,i]perylene",NO,0000191242,191-24-2,40576,YES,PBT,NO,Non_Metal,NO,YES,NO,R,Pounds,0.000,0.007,0.000,0.000,0.000,0.000,0.000,0.000,0.000,0.000,0.000,0.000,0.000,0.000,0.007,0.000,0.000,0.000,0.000,0.000,0.000,0.000,0.000,0.000,0.000,0.000,0.000,0.000,0.000,0.000,0.000,0.000,0.000,0.000,0.000,0.000,0.000,0.000,0.000,0.000,0.000,0.000,0.000,0.000,0.000,0.000,0.000,0.000,0.000,0.000,0.000,0.000,0.000,0.000,0.000,0.000,0.007,0.000,0.000,0.007,0.000,0.000,0.000,0.000,0.000,0.000,0.000,0.000,0.007,,PRODUCTION,1.770
2024,2067WSMBRS21BUG,110071071824,SMO BARSTOW PLANT,201 BUGEYE SQ,PRINCE FREDERICK,CALVERT,MD,20678,,,38.512073,-76.644255,,STAR GROUP LP,NA,STAR GROUP LP,NA,,NA,NO,999,Other,,,,,,,457210,,,,,,1324223094917,"1,2,4-Trimethylbenzene",NO,0000095636,95-63-6,16261,NO,TRI,NO,Non_Metal,NO,NO,NO,A,Pounds,0.000,0.000,0.000,0.000,0.000,0.000,0.000,0.000,0.000,0.000,0.000,0.000,0.000,0.000,0.000,0.000,0.000,0.000,0.000,0.000,0.000,0.000,0.000,0.000,0.000,0.000,0.000,0.000,0.000,0.000,0.000,0.000,0.000,0.000,0.000,0.000,0.000,0.000,0.000,0.000,0.000,0.000,0.000,0.000,0.000,0.000,0.000,0.000,0.000,0.000,0.000,0.000,0.000,0.000,0.000,0.000,0.000,0.000,0.000,0.000,0.000,0.000,0.000,0.000,0.000,0.000,0.000,0.000,0.000,0.000,,0.000
2024,21227CHSPK6754S,110000340024,PRECOAT METALS,6754 SANTA BARBARA CT,ELKRIDGE,HOWARD,MD,21075,,,39.187013,-76.742830,,AZZ INC,NA,AZZ INC,NA,,NA,NO,332,Fabricated Metals,,,,,,,332812,,,,,,1324222518021,Chromium compounds (except for chromite ore mined in the Transvaal Region),NO,N090,N090,649475,YES,TRI,YES,Metal complound categories,NO,NO,NO,R,Pounds,0.000,0.000,0.000,0.000,0.000,0.000,0.000,0.000,0.000,0.000,0.000,0.000,0.000,0.000,0.000,0.000,0.000,0.000,0.000,0.000,0.000,0.000,0.000,0.000,0.000,0.000,0.000,0.000,0.000,0.000,1.320,0.000,0.000,0.000,0.000,1791.540,0.000,1792.860,0.000,0.000,0.000,0.000,0.000,0.000,0.000,0.000,0.000,0.000,0.000,0.000,0.000,0.000,0.000,0.000,0.000,1792.860,1792.860,0.000,0.000,0.000,1.320,1791.540,0.000,0.000,0.000,0.000,0.000,0.000,1792.860,,PRODUCTION,0.610
2024,21157GRFFT8SULL,110002341476,GRIFFITH ENERGY SERVICES INC BARE,8 SULLIVAN AVE,WESTMINSTER,CARROLL,MD,21157,,,39.588030,-76.996047,,STAR GROUP LP,NA,STAR GROUP LP,NA,,NA,NO,999,Other,,,,,,,457210,,,,,,1324223105622,Cyclohexane,NO,0000110827,110-82-7,27003,NO,TRI,NO,Non_Metal,NO,NO,NO,A,Pounds,0.000,0.000,0.000,0.000,0.000,0.000,0.000,0.000,0.000,0.000,0.000,0.000,0.000,0.000,0.000,0.000,0.000,0.000,0.000,0.000,0.000,0.000,0.000,0.000,0.000,0.000,0.000,0.000,0.000,0.000,0.000,0.000,0.000,0.000,0.000,0.000,0.000,0.000,0.000,0.000,0.000,0.000,0.000,0.000,0.000,0.000,0.000,0.000,0.000,0.000,0.000,0.000,0.000,0.000,0.000,0.000,0.000,0.000,0.000,0.000,0.000,0.000,0.000,0.000,0.000,0.000,0.000,0.000,0.000,0.000,,0.000
2024,21220DRYDN9300P,110000339722,US LUBRICANTS BALTIMORE,9300 PULASKI HWY,BALTIMORE,BALTIMORE,MD,21220,,,39.348560,-76.460198,,U.S. VENTURE INC.,NA,US VENTURE INC,NA,,NA,NO,324,Petroleum,,,,,,,324191,,,,,,1324222417558,Zinc compounds,NO,N982,N982,649699,NO,TRI,YES,Metal complound categories,NO,NO,NO,A,Pounds,0.000,0.000,0.000,0.000,0.000,0.000,0.000,0.000,0.000,0.000,0.000,0.000,0.000,0.000,0.000,0.000,0.000,0.000,0.000,0.000,0.000,0.000,0.000,0.000,0.000,0.000,0.000,0.000,0.000,0.000,0.000,0.000,0.000,0.000,0.000,0.000,0.000,0.000,0.000,0.000,0.000,0.000,0.000,0.000,0.000,0.000,0.000,0.000,0.000,0.000,0.000,0.000,0.000,0.000,0.000,0.000,0.000,0.000,0.000,0.000,0.000,0.000,0.000,0.000,0.000,0.000,0.000,0.000,0.000,0.000,,0.000
2024,21502SWRRR11600,110000551055,AES WARRIOR RUN INC,11600 MEXICO FARMS RD SE,CUMBERLAND,ALLEGANY,MD,21502,,,39.598758,-78.744078,,AES CORP,043857812,AES CORP,NA,,NA,NO,2211,Electric Utilities,,,,,,,221112,,,,,,1324222610139,Dioxin and dioxin-like compounds,NO,N150,N150,755371,YES,Dioxin,NO,Non_Metal,YES,YES,NO,R,Grams,0.000,0.277,0.000,0.000,0.000,0.000,0.000,0.000,0.000,0.000,0.000,0.000,0.000,0.000,0.277,0.000,0.000,0.000,0.000,0.000,0.000,0.000,0.000,0.000,0.000,0.000,0.000,0.000,0.000,0.000,0.000,0.000,0.000,0.000,0.000,0.000,0.000,0.000,0.000,0.000,0.000,0.000,0.000,0.000,0.000,0.000,0.000,0.000,0.000,0.000,0.000,0.000,0.000,0.000,0.000,0.000,0.277,0.000,0.000,0.277,0.000,0.000,0.000,0.000,0.000,0.000,0.000,0.000,0.277,,PRODUCTION,0.500
2024,21801PLYMT2000I,110000340630,PLYMOUTH TUBE CO,2000 INDUSTRIAL PKWY,SALISBURY,WICOMICO,MD,21801,,,38.397551,-75.588358,,PLYMOUTH TUBE CO,049813314,PLYMOUTH TUBE CO,NA,,NA,NO,331,Primary Metals,,,,,,,331210,,,,,,1324222470294,1-Bromopropane,NO,0000106945,106-94-5,23994,YES,TRI,NO,Non_Metal,YES,NO,NO,R,Pounds,1160.000,22037.000,0.000,0.000,0.000,0.000,0.000,0.000,0.000,0.000,0.000,0.000,0.000,0.000,23197.000,0.000,0.000,0.000,0.000,0.000,0.000,0.000,0.000,0.000,0.000,0.000,0.000,0.000,0.000,0.000,0.000,0.000,0.000,0.000,0.000,0.000,0.000,0.000,0.000,0.000,0.000,0.000,63745.000,63745.000,0.000,0.000,0.000,0.000,0.000,0.000,0.000,0.000,0.000,0.000,0.000,63745.000,23197.000,0.000,0.000,23197.000,0.000,0.000,0.000,0.000,0.000,63745.000,0.000,0.000,86942.000,,PRODUCTION,1.010
2024,21218CLVRL2701L,110000496419,CLOVERLAND FARMS DAIRY,2701 LOCH RAVEN RD,BALTIMORE,BALTIMORE (CITY),MD,21218,,,39.320598,-76.604455,,TWO FARMS INC,003076650,TWO FARMS INC,NA,,NA,NO,311,Food,,,,,,,311511,,,,,,1324222592216,Nitric acid,NO,0007697372,7697-37-2,152686,NO,TRI,NO,Non_Metal,NO,NO,NO,R,Pounds,0.000,0.000,0.000,0.000,0.000,0.000,0.000,0.000,0.000,0.000,0.000,0.000,0.000,0.000,0.000,0.000,0.000,0.000,0.000,0.000,0.000,0.000,0.000,0.000,0.000,0.000,0.000,0.000,0.000,0.000,0.000,0.000,0.000,0.000,0.000,0.000,0.000,0.000,0.000,0.000,0.000,0.000,0.000,0.000,0.000,0.000,0.000,0.000,0.000,0.000,0.000,0.000,0.000,0.000,0.000,0.000,0.000,0.000,0.000,0.000,0.000,0.000,0.000,0.000,0.000,0.000,57821.750,0.000,57821.750,,ACTIVITY,1.190
2024,21030THWRD10615,110000796327,BW PAPERSYSTEMS,10615 BEAVER DAM RD,COCKEYSVILLE,BALTIMORE,MD,21030,,,39.476059,-76.651315,,BARRY-WEHMILLER COS INC,NA,BARRY-WEHMILLER COS INC,NA,,NA,NO,333,Machinery,,,,,,,333248,,,,,,1324222507877,Chromium compounds (except for chromite ore mined in the Transvaal Region),NO,N090,N090,649475,YES,TRI,YES,Metal complound categories,NO,NO,NO,R,Pounds,0.000,0.000,0.000,0.000,0.000,0.000,0.000,0.000,0.000,0.000,0.000,0.000,0.000,0.000,0.000,0.000,0.000,0.000,0.000,0.000,0.000,0.000,0.000,0.000,0.000,0.000,0.000,0.000,0.000,0.000,0.000,0.000,0.000,0.000,0.000,0.000,0.000,0.000,0.000,0.000,0.000,0.000,92443.000,92443.000,0.000,0.000,0.000,0.000,0.000,0.000,0.000,0.000,0.000,0.000,0.000,92443.000,0.000,0.000,0.000,0.000,0.000,0.000,0.000,0.000,0.000,92443.000,0.000,0.000,92443.000,,PRODUCTION,0.790
2024,2185WLDCST3452L,110019905361,OLDCASTLE LAWN & GARDEN,34052 OLD OCEAN CITY ROAD,PITTSVILLE,WICOMICO,MD,21850,,,38.391770,-75.431029,,CRH AMERICAS INC,037176591,CRH AMERICAS INC,NA,,CRH PUBLIC LTD CO,NO,321,Wood Products,,,,,,,321999,,,,,,1324222989408,Trifluralin,NO,0001582098,1582-09-8,89060,YES,PBT,NO,Non_Metal,NO,YES,NO,R,Pounds,0.000,0.000,0.000,0.000,0.000,0.000,0.000,0.000,0.000,0.000,0.000,0.000,0.000,0.000,0.000,0.000,0.000,0.000,0.000,0.000,0.000,0.000,0.000,0.000,0.000,0.000,0.000,0.000,0.000,0.000,0.000,0.000,0.000,0.000,0.000,0.000,0.000,0.000,0.000,0.000,0.000,0.000,0.000,0.000,0.000,0.000,0.000,0.000,0.000,0.000,0.000,0.000,0.000,0.000,0.000,0.000,0.000,0.000,0.000,0.000,0.000,0.000,0.000,0.000,0.000,0.000,0.000,0.000,0.000,,PRODUCTION,0.710
2024,2123WMRYLN619BA,110001276262,MARYLAND PAVING ROSEDALE LLC,619 BATAVIA FARM RD,ROSEDALE,BALTIMORE,MD,21237,,,39.318283,-76.500173,,NA,,GRAY & SON INC,NA,,NA,NO,324,Petroleum,,,,,,,324121,,,,,,1324222999676,Polycyclic aromatic compounds,NO,N590,N590,649749,YES,PBT,NO,Non_Metal,YES,YES,NO,R,Pounds,0.000,0.088,0.000,0.000,0.000,0.000,0.000,0.000,0.000,0.000,0.000,0.000,0.000,0.000,0.088,0.000,0.000,0.000,0.000,0.000,0.000,0.000,0.000,0.000,0.000,0.000,0.000,0.000,0.000,0.000,0.000,0.000,0.000,0.000,0.000,0.000,0.000,0.000,0.000,0.000,0.000,0.000,0.000,0.000,0.000,0.000,0.000,0.000,0.000,0.000,0.000,0.000,0.000,0.000,0.000,0.000,0.088,0.000,0.000,0.088,0.000,0.000,0.000,0.000,0.000,0.000,0.000,0.000,0.088,,PRODUCTION,0.690
2024,21219DPNCX4630N,110003512002,DAP GLOBAL INC,4630 N POINT BLVD,SPARROWS POINT,BALTIMORE,MD,21219,,,39.250502,-76.459252,,RPM INTERNATIONAL INC,004155651,RPM INTERNATIONAL INC,NA,,NA,NO,325,Chemicals,,,,,,,325520,,,,,,1324222922421,Ethylene glycol,NO,0000107211,107-21-1,24257,YES,TRI,NO,Non_Metal,NO,NO,NO,R,Pounds,1.000,1.000,0.000,0.000,0.000,0.000,0.000,0.000,0.000,0.000,0.000,0.000,0.000,0.000,2.000,0.000,0.000,0.000,0.000,0.000,0.000,0.000,0.000,0.000,0.000,0.000,0.000,0.000,0.000,0.000,153.000,0.000,0.000,0.000,0.000,0.000,0.000,153.000,0.000,0.000,0.000,0.000,0.000,0.000,504.000,0.000,504.000,0.000,0.000,0.000,0.000,0.000,0.000,0.000,0.000,657.000,155.000,0.000,0.000,2.000,153.000,0.000,0.000,504.000,0.000,0.000,0.000,0.000,659.000,,PRODUCTION,1.000
2024,21791LHGHP117SO,110003507385,HEIDELBERG MATERIALS US CEMENT LLC,675 QUAKER HILL RD,UNION BRIDGE,CARROLL,MD,21791,,,39.559177,-77.167277,,HEIDELBERG MATERIALS US INC,967342197,HEIDELBERG MATERIALS US INC,NA,,HEIDELBERG MATERIALS,NO,327,Nonmetallic Mineral Product,,,,,,,327310,,,,,,1324222440543,Ammonia,NO,0007664417,7664-41-7,152389,NO,TRI,NO,Non_Metal,NO,NO,NO,R,Pounds,5.000,2228.000,0.000,0.000,0.000,0.000,0.000,0.000,0.000,0.000,0.000,0.000,0.000,0.000,2233.000,0.000,0.000,0.000,0.000,0.000,0.000,0.000,0.000,0.000,0.000,0.000,0.000,0.000,0.000,0.000,0.000,0.000,0.000,0.000,0.000,0.000,0.000,0.000,0.000,0.000,0.000,0.000,0.000,0.000,0.000,0.000,0.000,0.000,0.000,0.000,0.000,0.000,0.000,0.000,0.000,0.000,2233.000,0.000,0.000,2233.000,0.000,0.000,0.000,0.000,0.000,0.000,0.000,0.000,2233.000,,PRODUCTION,1.000
2024,21226BLTMR1955C,110019893016,PIKE BALTIMORE TERMINAL LLC,1955 CHESAPEAKE AVE,BALTIMORE,BALTIMORE (CITY),MD,21226,,,39.239551,-76.571522,,APS PROPERTIES 4 LLC.,NA,APS PROPERTIES 4 LLC,NA,,NA,NO,324,Petroleum,,,,,,,324121,,,,,,1324222419323,Polycyclic aromatic compounds,NO,N590,N590,649749,YES,PBT,NO,Non_Metal,YES,YES,NO,R,Pounds,0.000,1.490,0.000,0.000,0.000,0.000,0.000,0.000,0.000,0.000,0.000,0.000,0.000,0.000,1.490,0.000,0.000,0.000,0.000,0.000,0.000,0.000,0.000,0.000,0.000,0.000,0.000,0.000,0.000,0.000,0.000,0.000,0.000,0.000,0.000,0.000,0.000,0.000,0.000,0.000,0.000,0.000,0.000,0.000,0.000,0.000,0.000,0.000,0.000,0.000,0.000,0.000,0.000,0.000,0.000,0.000,1.490,0.000,0.000,1.490,0.000,0.000,0.000,0.000,0.000,0.000,0.000,0.000,1.490,,PRODUCTION,5.560
2024,21040LCRNC1502Q,110000339438,THE GILL CORPORATION-MARYLAND,1502 QUARRY DR,EDGEWOOD,HARFORD,MD,21040,,,39.447271,-76.314463,,THE GILL CORP,786677716,THE GILL CORP,THE GILL CORP,78677716,THE GILL CORP,NO,332,Fabricated Metals,,,,,,,332999,,,,,,1324223057720,Methanol,NO,0000067561,67-56-1,4283,YES,TRI,NO,Non_Metal,NO,NO,NO,R,Pounds,0.000,750.000,0.000,0.000,0.000,0.000,0.000,0.000,0.000,0.000,0.000,0.000,0.000,0.000,750.000,0.000,0.000,0.000,0.000,0.000,0.000,0.000,0.000,0.000,0.000,0.000,0.000,0.000,0.000,0.000,0.000,0.000,0.000,0.000,0.000,0.000,0.000,0.000,0.000,0.000,56064.000,0.000,0.000,56064.000,0.000,0.000,0.000,0.000,0.000,0.000,0.000,0.000,0.000,0.000,0.000,56064.000,750.000,0.000,0.000,750.000,0.000,0.000,0.000,0.000,0.000,56064.000,0.000,0.000,56814.000,,,
2024,2123WCLNHR191RU,110029273417,CLEAN HARBORS OF BALTIMORE INC.,1910 RUSSELL STREET,BALTIMORE,BALTIMORE (CITY),MD,21230,,,39.270654,-76.632639,,CLEAN HARBORS INC,039322250,CLEAN HARBORS INC,NA,,NA,NO,562,Hazardous Waste,,,,,,,562211,,,,,,1324223156807,Polychlorinated biphenyls,NO,0001336363,1336-36-3,85878,YES,PBT,NO,Non_Metal,YES,YES,NO,R,Pounds,201.530,327.450,0.000,0.000,0.000,0.000,0.000,0.000,0.000,0.000,0.000,0.000,0.000,0.000,528.980,0.000,0.000,0.000,0.000,0.000,0.000,0.000,0.000,0.000,0.000,0.000,0.000,0.000,0.000,0.000,0.010,0.000,0.000,0.000,0.000,0.000,0.000,0.010,0.000,0.000,4.630,0.000,0.000,4.630,0.000,0.000,0.000,0.000,0.000,0.000,0.000,0.000,0.000,0.000,0.000,4.640,528.990,0.000,0.000,528.980,0.010,0.000,0.000,0.000,0.000,4.630,59.190,0.000,592.810,,PRODUCTION,0.150
2024,20850LFRGM14824,110022522377,LAFARGE MID ATLANTIC LLC -ROCKVILLE EAST CONCRETE,14824 S LAWN LN,ROCKVILLE,MONTGOMERY,MD,20850,,,39.098978,-77.136243,,HOLCIM PARTICIPATIONS (US) INC,081260273,HOLCIM PARTICIPATIONS (US) INC,HOLCIM LTD,NA,HOLCIM LTD,NO,327,Nonmetallic Mineral Product,,,,,,,327320,,,,,,1324222798302,Mercury  And Mercury Compounds,YES,N458,N458,650028,YES,PBT,YES,Metal complound categories,NO,YES,NO,R,Pounds,0.560,0.560,0.000,0.000,0.000,0.000,0.000,0.000,0.000,0.000,0.000,0.000,0.000,0.000,1.120,0.000,0.000,0.000,0.000,0.000,0.000,0.000,0.000,0.000,0.000,0.000,0.000,0.000,0.000,0.000,0.000,0.000,0.000,0.000,0.000,0.000,0.000,0.000,0.000,0.000,1.180,0.000,0.000,1.180,0.000,0.000,0.000,0.000,0.000,0.000,0.000,0.000,0.000,0.000,0.000,1.180,1.120,0.000,0.000,1.120,0.000,0.000,0.000,0.000,0.000,1.180,0.000,0.000,2.300,,PRODUCTION,1.150
2024,21224THNTDBALTI,110000764254,UNITED OIL INC,4405 E BALTIMORE ST,BALTIMORE,BALTIMORE (CITY),MD,21224,,,39.292886,-76.559829,,NA,,NA,NA,,NA,NO,324,Petroleum,,,,,,,324191,,,,,,1324222435935,Certain glycol ethers,NO,N230,N230,649541,YES,TRI,NO,May contain metal,NO,NO,NO,R,Pounds,0.000,0.000,0.000,0.000,0.000,0.000,0.000,0.000,0.000,0.000,0.000,0.000,0.000,0.000,0.000,0.000,0.000,0.000,0.000,0.000,0.000,0.000,0.000,0.000,0.000,0.000,0.000,0.000,0.000,0.000,0.000,0.000,0.000,0.000,0.000,0.000,0.000,0.000,0.000,0.000,0.000,0.000,0.000,0.000,0.000,0.000,0.000,0.000,0.000,0.000,0.000,0.000,0.000,0.000,0.000,0.000,0.000,0.000,0.000,0.000,0.000,0.000,0.000,0.000,0.000,0.000,0.000,0.000,0.000,,,
2024,21157GRFFT8SULL,110002341476,GRIFFITH ENERGY SERVICES INC BARE,8 SULLIVAN AVE,WESTMINSTER,CARROLL,MD,21157,,,39.588030,-76.996047,,STAR GROUP LP,NA,STAR GROUP LP,NA,,NA,NO,999,Other,,,,,,,457210,,,,,,1324223106218,Cumene,NO,0000098828,98-82-8,18309,YES,TRI,NO,Non_Metal,YES,NO,NO,A,Pounds,0.000,0.000,0.000,0.000,0.000,0.000,0.000,0.000,0.000,0.000,0.000,0.000,0.000,0.000,0.000,0.000,0.000,0.000,0.000,0.000,0.000,0.000,0.000,0.000,0.000,0.000,0.000,0.000,0.000,0.000,0.000,0.000,0.000,0.000,0.000,0.000,0.000,0.000,0.000,0.000,0.000,0.000,0.000,0.000,0.000,0.000,0.000,0.000,0.000,0.000,0.000,0.000,0.000,0.000,0.000,0.000,0.000,0.000,0.000,0.000,0.000,0.000,0.000,0.000,0.000,0.000,0.000,0.000,0.000,0.000,,0.000
2024,21613CLDWT904WO,110000554454,PROTENERGY NATURAL FOODS INC.,904 WOODS RD,CAMBRIDGE,DORCHESTER,MD,21613,,,38.551056,-76.063047,,TREEHOUSE FOODS INC,046333789,TREEHOUSE FOODS INC,NA,,NA,NO,311,Food,,,,,,,311999,,,,,,1324223044494,Nitric acid,NO,0007697372,7697-37-2,152686,NO,TRI,NO,Non_Metal,NO,NO,NO,R,Pounds,0.000,0.000,0.000,0.000,0.000,0.000,0.000,0.000,0.000,0.000,0.000,0.000,0.000,0.000,0.000,0.000,13632.100,13632.100,0.000,0.000,0.000,0.000,0.000,0.000,0.000,0.000,0.000,0.000,0.000,0.000,0.000,0.000,0.000,0.000,0.000,0.000,0.000,0.000,0.000,0.000,0.000,0.000,0.000,0.000,0.000,0.000,0.000,0.000,0.000,0.000,0.000,0.000,0.000,13632.100,0.000,13632.100,0.000,0.000,0.000,0.000,0.000,0.000,0.000,0.000,0.000,0.000,144052.700,13632.100,157684.800,,PRODUCTION,0.810
2024,2174WQKRTH11831,110071433347,QUIKRETE - HAGERSTOWN MD PLANT,11831 HOPEWELL RD,HAGERSTOWN,WASHINGTON,MD,21740,,,39.637623,-77.772910,,NA,,QUIKRETE HOLDINGS,,,NA,NO,327,Nonmetallic Mineral Product,,,,,,,327999,,,,,,1324222799126,Lead,NO,0007439921,7439-92-1,149583,NO,PBT,YES,Elemental metals,YES,YES,NO,R,Pounds,0.162,0.003,0.000,0.000,0.000,0.000,0.000,0.000,0.000,0.000,0.000,0.000,0.000,0.000,0.165,0.000,0.000,0.000,0.000,0.000,0.000,0.000,0.000,0.000,0.000,0.000,0.000,0.000,0.000,0.000,0.000,0.000,0.000,0.000,0.000,0.000,0.000,0.000,0.000,0.000,0.000,0.000,0.000,0.000,0.000,0.000,0.000,0.000,0.000,0.000,0.000,0.000,0.000,0.000,0.000,0.000,0.165,0.000,0.000,0.165,0.000,0.000,0.000,0.000,0.000,0.000,0.000,0.000,0.165,,PRODUCTION,1.240
2024,21502SWRRR11600,110000551055,AES WARRIOR RUN INC,11600 MEXICO FARMS RD SE,CUMBERLAND,ALLEGANY,MD,21502,,,39.598758,-78.744078,,AES CORP,043857812,AES CORP,NA,,NA,NO,2211,Electric Utilities,,,,,,,221112,,,,,,1324222608869,Barium  And Barium Compounds,YES,N040,N040,649426,NO,TRI,NO,Metal complound categories,NO,NO,NO,R,Pounds,0.800,8.000,35.450,0.000,0.000,0.000,0.000,0.000,0.000,0.000,0.000,0.000,0.000,0.000,44.250,0.000,0.000,0.000,0.000,0.000,0.000,0.000,0.000,0.000,0.000,0.000,0.000,0.000,0.000,0.000,0.000,0.000,0.000,64991.000,0.000,0.000,0.000,64991.000,0.000,0.000,0.000,0.000,0.000,0.000,0.000,0.000,0.000,0.000,0.000,0.000,0.000,0.000,0.000,0.000,0.000,64991.000,65035.250,0.000,0.000,44.250,0.000,64991.000,0.000,0.000,0.000,0.000,0.000,0.000,65035.250,,PRODUCTION,0.500
2024,21219DPNCX4630N,110003512002,DAP GLOBAL INC,4630 N POINT BLVD,SPARROWS POINT,BALTIMORE,MD,21219,,,39.250502,-76.459252,,RPM INTERNATIONAL INC,004155651,RPM INTERNATIONAL INC,NA,,NA,NO,325,Chemicals,,,,,,,325520,,,,,,1324222922407,Ammonia,NO,0007664417,7664-41-7,152389,NO,TRI,NO,Non_Metal,NO,NO,NO,R,Pounds,494.000,493.000,0.000,0.000,0.000,0.000,0.000,0.000,0.000,0.000,0.000,0.000,0.000,0.000,987.000,0.000,0.000,0.000,0.000,0.000,0.000,0.000,0.000,0.000,0.000,0.000,0.000,0.000,0.000,0.000,25.000,0.000,0.000,0.000,0.000,0.000,0.000,25.000,0.000,0.000,0.000,0.000,0.000,0.000,0.000,0.000,0.000,51.000,0.000,0.000,0.000,0.000,0.000,51.000,0.000,76.000,1012.000,0.000,0.000,987.000,25.000,0.000,0.000,0.000,0.000,0.000,0.000,51.000,1063.000,,PRODUCTION,1.000
2024,21157GRFFT8SULL,110002341476,GRIFFITH ENERGY SERVICES INC BARE,8 SULLIVAN AVE,WESTMINSTER,CARROLL,MD,21157,,,39.588030,-76.996047,,STAR GROUP LP,NA,STAR GROUP LP,NA,,NA,NO,999,Other,,,,,,,457210,,,,,,1324223106244,n-Hexane,NO,0000110543,110-54-3,26740,YES,TRI,NO,Non_Metal,NO,NO,NO,A,Pounds,0.000,0.000,0.000,0.000,0.000,0.000,0.000,0.000,0.000,0.000,0.000,0.000,0.000,0.000,0.000,0.000,0.000,0.000,0.000,0.000,0.000,0.000,0.000,0.000,0.000,0.000,0.000,0.000,0.000,0.000,0.000,0.000,0.000,0.000,0.000,0.000,0.000,0.000,0.000,0.000,0.000,0.000,0.000,0.000,0.000,0.000,0.000,0.000,0.000,0.000,0.000,0.000,0.000,0.000,0.000,0.000,0.000,0.000,0.000,0.000,0.000,0.000,0.000,0.000,0.000,0.000,0.000,0.000,0.000,0.000,,0.000
2024,2111WSCHST3713C,110070007399,SCHUSTER CONCRETE READY MIX LLC-CRONDALL LN,3713 CRONDALL LN - BALTIMORE COUNTY,OWINGS MILLS,BALTIMORE,MD,21117,,,39.433980,-76.779008,,SCHUSTER CONCRETE READY MIX LLC,NA,SCHUSTER CONCRETE READY MIX LLC,NA,,NA,NO,327,Nonmetallic Mineral Product,,,,,,,327320,,,,,,1324222431165,Chromium compounds (except for chromite ore mined in the Transvaal Region),NO,N090,N090,649475,YES,TRI,YES,Metal complound categories,NO,NO,NO,A,Pounds,0.000,0.000,0.000,0.000,0.000,0.000,0.000,0.000,0.000,0.000,0.000,0.000,0.000,0.000,0.000,0.000,0.000,0.000,0.000,0.000,0.000,0.000,0.000,0.000,0.000,0.000,0.000,0.000,0.000,0.000,0.000,0.000,0.000,0.000,0.000,0.000,0.000,0.000,0.000,0.000,0.000,0.000,0.000,0.000,0.000,0.000,0.000,0.000,0.000,0.000,0.000,0.000,0.000,0.000,0.000,0.000,0.000,0.000,0.000,0.000,0.000,0.000,0.000,0.000,0.000,0.000,0.000,0.000,0.000,0.000,,0.000
2024,21795CRTNTPOBOX,110000340505,CERTAINTEED CORP,10131 GOVERNOR LN BLVD,WILLIAMSPORT,WASHINGTON,MD,21795,,,39.592624,-77.806710,,COMPAGNIE DE SAINT GOBAIN,879321644,SAINT-GOBAIN CORP,COMPAGNIE DE SAINT GOBAIN,275133692,COMPAGNIE DE SAINT GOBAIN SA,NO,326,Plastics and Rubber,,,,,,,326199,,,,,,1324222419424,Chromium  and Chromium Compounds(except for chromite ore mined in the Transvaal Region),YES,N090,N090,649475,YES,TRI,YES,Metal complound categories,NO,NO,NO,R,Pounds,0.000,0.000,0.000,0.000,0.000,0.000,0.000,0.000,0.000,0.000,0.000,0.000,0.000,0.000,0.000,0.000,0.000,0.000,0.000,0.000,0.000,0.000,0.000,0.000,0.000,0.000,0.000,0.000,0.000,0.000,0.000,0.000,0.000,0.000,0.000,0.000,0.000,0.000,0.000,0.000,0.000,0.000,0.000,0.000,0.000,0.000,0.000,0.000,0.000,0.000,0.000,0.000,0.000,0.000,0.000,0.000,0.000,0.000,0.000,0.000,0.000,0.000,0.000,0.000,0.000,0.000,0.000,0.000,0.000,,PRODUCTION,1.100
2024,21230SHRWN2325H,110000340131,SHERWIN-WILLIAMS CO,2325 HOLLINS FERRY RD,BALTIMORE,BALTIMORE (CITY),MD,21230,,,39.263753,-76.642670,,THE SHERWIN-WILLIAMS CO,004206397,THE SHERWIN-WILLIAMS CO,NA,,NA,NO,325,Chemicals,,,,,,,325510,,,,,,1324223129103,Xylene (mixed isomers),NO,0001330207,1330-20-7,84970,YES,TRI,NO,Non_Metal,NO,NO,NO,R,Pounds,47.000,673.000,0.000,0.000,0.000,0.000,0.000,0.000,0.000,0.000,0.000,0.000,0.000,0.000,720.000,0.000,0.000,0.000,0.000,0.000,0.000,0.000,0.000,0.000,0.000,0.000,0.000,0.000,0.000,0.000,6.000,0.000,0.000,0.000,0.000,0.000,0.000,6.000,0.000,0.000,0.000,0.000,0.000,0.000,6236.000,0.000,6236.000,0.000,0.000,0.000,0.000,2.000,0.000,2.000,0.000,6244.000,726.000,0.000,0.000,720.000,6.000,0.000,0.000,6236.000,0.000,0.000,0.000,2.000,6964.000,,PRODUCTION,0.960
2024,21226BLTMR2400P,110008432650,GLOBAL BALTIMORE TERMINAL,2400 PETROLIA AVE,BALTIMORE,BALTIMORE (CITY),MD,21226,,,39.235628,-76.564811,,GLOBAL PARTNERS LP,061167842,GLOBAL PARTNERS LP,NA,,NA,NO,4247,Petroleum Bulk Terminals,,,,,,,424710,,,,,,1324223180441,Cumene,NO,0000098828,98-82-8,18309,YES,TRI,NO,Non_Metal,YES,NO,NO,R,Pounds,20.400,13.350,0.000,0.000,0.000,0.000,0.000,0.000,0.000,0.000,0.000,0.000,0.000,0.000,33.750,0.000,0.000,0.000,0.000,0.000,0.000,0.000,0.000,0.000,0.000,0.000,0.000,0.000,0.000,0.000,0.000,0.000,0.000,0.000,0.000,0.000,0.000,0.000,0.000,0.000,0.000,0.000,0.000,0.000,0.000,17.650,17.650,0.000,0.000,0.000,0.000,0.000,0.000,0.000,0.000,17.650,33.750,0.000,0.000,33.750,0.000,0.000,0.000,17.650,104.460,0.000,0.000,0.000,155.860,,ACTIVITY,1.000
2024,21502SWRRR11600,110000551055,AES WARRIOR RUN INC,11600 MEXICO FARMS RD SE,CUMBERLAND,ALLEGANY,MD,21502,,,39.598758,-78.744078,,AES CORP,043857812,AES CORP,NA,,NA,NO,2211,Electric Utilities,,,,,,,221112,,,,,,1324222610166,Lead  And Lead Compounds,YES,N420,N420,650002,YES,PBT,YES,Metal complound categories,NO,YES,NO,R,Pounds,0.100,1.000,0.070,0.000,0.000,0.000,0.000,0.000,0.000,0.000,0.000,0.000,0.000,0.000,1.170,0.000,0.000,0.000,0.000,0.000,0.000,0.000,0.000,0.000,0.000,0.000,0.000,0.000,0.000,0.000,0.000,0.000,0.000,2766.000,0.000,0.000,0.000,2766.000,0.000,0.000,0.000,0.000,0.000,0.000,0.000,0.000,0.000,0.000,0.000,0.000,0.000,0.000,0.000,0.000,0.000,2766.000,2767.170,0.000,0.000,1.170,0.000,2766.000,0.000,0.000,0.000,0.000,0.000,0.000,2767.170,,PRODUCTION,0.500
2024,21869VNNPWCHAPE,110000585260,VIENNA GENERATING STATION,CHAPEL OF EASE RD,VIENNA,DORCHESTER,MD,21869,,,38.488826,-75.822114,,NRG ENERGY INC,793422213,NRG ENERGY INC,NA,,NA,NO,2211,Electric Utilities,,,,,,,221112,,,,,,1324222607727,"Benzo[g,h,i]perylene",NO,0000191242,191-24-2,40576,YES,PBT,NO,Non_Metal,NO,YES,NO,R,Pounds,0.000,0.100,0.000,0.000,0.000,0.000,0.000,0.000,0.000,0.000,0.000,0.000,0.000,0.000,0.100,0.000,0.000,0.000,0.000,0.000,0.000,0.000,0.000,0.000,0.000,0.000,0.000,0.000,0.000,0.000,0.000,0.000,0.000,0.000,0.000,0.000,0.000,0.000,0.000,0.000,0.000,0.000,0.100,0.100,0.000,0.000,0.000,0.000,0.000,0.000,0.000,0.000,0.000,0.000,0.000,0.100,0.100,0.000,0.000,0.100,0.000,0.000,0.000,0.000,0.000,0.100,0.000,0.000,0.200,,PRODUCTION,1.120
2024,21227CHSPK6754S,110000340024,PRECOAT METALS,6754 SANTA BARBARA CT,ELKRIDGE,HOWARD,MD,21075,,,39.187013,-76.742830,,AZZ INC,NA,AZZ INC,NA,,NA,NO,332,Fabricated Metals,,,,,,,332812,,,,,,1324222518019,Xylene (mixed isomers),NO,0001330207,1330-20-7,84970,YES,TRI,NO,Non_Metal,NO,NO,NO,R,Pounds,0.000,170.350,0.000,0.000,0.000,0.000,0.000,0.000,0.000,0.000,0.000,0.000,0.000,0.000,170.350,0.000,0.000,0.000,0.000,0.000,0.000,0.000,0.000,0.000,0.000,0.000,0.000,0.000,0.000,0.000,0.000,0.000,0.000,0.000,0.000,0.000,0.000,0.000,1254.620,0.000,0.000,0.000,0.000,1254.620,4109.950,0.000,4109.950,0.000,0.000,0.000,0.000,0.000,0.000,0.000,0.000,5364.570,170.350,0.000,0.000,170.350,0.000,0.000,6087.090,4109.950,0.000,1254.620,17392.000,0.000,29014.010,,PRODUCTION,0.610
2024,21795PSNCH16414,110000340523,ENGINEERED POLYMER SOLUTIONS INC.,16414 INDUSTRIAL LN,WILLIAMSPORT,WASHINGTON,MD,21795,,,39.597371,-77.800568,,THE SHERWIN-WILLIAMS CO,004206397,THE SHERWIN-WILLIAMS CO,NA,,NA,NO,325,Chemicals,,,,,,,325510,,,,,,1324223087103,Methyl methacrylate,NO,0000080626,80-62-6,8458,YES,TRI,NO,Non_Metal,NO,NO,NO,R,Pounds,23.000,11796.000,0.000,0.000,0.000,0.000,0.000,0.000,0.000,0.000,0.000,0.000,0.000,0.000,11819.000,0.000,0.000,0.000,0.000,0.000,0.000,0.000,0.000,0.000,0.000,0.000,0.000,0.000,0.000,0.000,0.000,0.000,0.000,0.000,0.000,0.000,0.000,0.000,0.000,0.000,0.000,0.000,0.000,0.000,0.000,0.000,0.000,0.000,13320.000,0.000,0.000,58935.000,0.000,72255.000,0.000,72255.000,11819.000,0.000,0.000,11819.000,0.000,0.000,0.000,0.000,0.000,0.000,0.000,72255.000,84074.000,,PRODUCTION,1.280
2024,21213CLNDN4309E,110000339660,CLENDENIN BROTHERS INC,4309 ERDMAN AVE,BALTIMORE,BALTIMORE (CITY),MD,21213,,,39.311571,-76.565920,,NA,,NA,NA,,NA,NO,332,Fabricated Metals,,,,,,,332722,,,,,,1324222623896,Copper,NO,0007440508,7440-50-8,150086,NO,TRI,YES,Elemental metals,NO,NO,NO,R,Pounds,0.000,0.000,0.000,0.000,0.000,0.000,0.000,0.000,0.000,0.000,0.000,0.000,0.000,0.000,0.000,19.200,0.000,19.200,0.000,0.000,0.000,0.000,0.000,0.000,0.000,0.000,0.000,0.000,0.000,0.000,0.000,0.000,0.000,0.000,0.000,0.000,0.000,19.200,0.000,0.000,0.000,0.000,17338.000,17338.000,0.000,0.000,0.000,0.000,0.000,0.000,0.000,0.000,0.000,0.000,0.000,17357.200,19.200,0.000,0.000,0.000,13.824,5.376,0.000,0.000,0.000,17338.000,0.000,0.000,17357.200,,PRODUCTION,0.920
2024,20640SDDND101ST,110000492495,U.S. NAVY  NAVAL SUPPORT FACILITY INDIAN HEAD,101 STRAUSS AVE,INDIAN HEAD,CHARLES,MD,20640,,,38.584955,-77.190950,,US DEPARTMENT OF DEFENSE,NA,US DEPARTMENT OF DEFENSE,NA,,NA,YES,999,Other,,,,,,,928110,,,,,,1324222880849,Nitroglycerin,NO,0000055630,55-63-0,1941,NO,TRI,NO,Non_Metal,NO,NO,NO,R,Pounds,18.750,0.000,0.000,0.000,0.000,0.000,0.000,0.000,0.000,0.000,0.000,0.000,0.000,0.000,18.750,0.000,0.000,0.000,0.000,0.000,0.000,0.000,0.000,0.000,0.000,0.000,0.000,0.000,0.000,0.000,0.000,0.000,0.000,0.000,0.000,163.870,0.000,163.870,0.000,0.000,0.000,0.000,0.000,0.000,0.000,0.000,0.000,0.000,0.000,0.000,0.000,0.000,0.000,0.000,0.000,163.870,182.620,0.000,0.000,18.750,0.000,163.870,0.000,0.000,0.000,0.000,26440.600,0.000,26623.220,,PRODUCTION,0.910
2024,21701HGHSD424EP,110000565763,SAPUTO CHEESE USA INC,428 E PATRICK ST,FREDERICK,FREDERICK,MD,21701,,,39.413472,-77.400214,,SAPUTO INC,NA,SAPUTO INC,NA,,NA,NO,311,Food,,,,,,,311511,,,,,,1324222474064,Nitric acid,NO,0007697372,7697-37-2,152686,NO,TRI,NO,Non_Metal,NO,NO,NO,R,Pounds,0.000,0.000,0.000,0.000,0.000,0.000,0.000,0.000,0.000,0.000,0.000,0.000,0.000,0.000,0.000,0.000,0.000,0.000,0.000,0.000,0.000,0.000,0.000,0.000,0.000,0.000,0.000,0.000,0.000,0.000,0.000,0.000,0.000,0.000,0.000,0.000,0.000,0.000,0.000,0.000,0.000,0.000,0.000,0.000,0.000,0.000,0.000,0.000,0.000,0.000,0.000,0.000,0.000,0.000,0.000,0.000,0.000,0.000,0.000,0.000,0.000,0.000,0.000,0.000,0.000,0.000,13053.210,0.000,13053.210,,ACTIVITY,1.100
2024,21226CHMTL711PI,110000867036,VIBRANTZ SPECIALTY PRODUCTS LLC,610 PITTMAN RD,BALTIMORE,ANNE ARUNDEL,MD,21226,,,39.194777,-76.564171,,VIBRANTZ TECHNOLOGIES INC,080520213,VIBRANTZ TECHNOLOGIES INC,NA,,NA,NO,325,Chemicals,,,,,,,325180,,,,,,1324223034568,Manganese  And Manganese Compounds,YES,N450,N450,650010,YES,TRI,YES,Metal complound categories,NO,NO,NO,R,Pounds,362.000,5358.000,130.000,0.000,0.000,0.000,0.000,0.000,0.000,0.000,0.000,307.000,0.000,0.000,6157.000,0.000,0.000,0.000,0.000,0.000,0.000,0.000,0.000,0.000,0.000,0.000,0.000,0.000,0.000,0.000,5371.000,0.000,0.000,0.000,0.000,0.000,0.000,5371.000,0.000,0.000,0.000,0.000,0.000,0.000,0.000,0.000,0.000,0.000,0.000,0.000,0.000,0.000,0.000,0.000,0.000,5371.000,11528.000,0.000,0.000,6157.000,5371.000,0.000,0.000,0.000,12051.000,0.000,0.000,0.000,23579.000,,PRODUCTION,0.850
2024,21222TNMCC2300E,110000339820,TNEMEC CO INC,2300 EDGEWATER AVE,BALTIMORE,BALTIMORE (CITY),MD,21222,,,39.261900,-76.535417,,TNEMEC CO INC,077410538,TNEMEC CO INC,NA,,NA,NO,325,Chemicals,,,,,,,325510,,,,,,1324222732277,n-Butyl alcohol,NO,0000071363,71-36-3,4739,NO,TRI,NO,Non_Metal,NO,NO,NO,R,Pounds,10.000,1008.000,0.000,0.000,0.000,0.000,0.000,0.000,0.000,0.000,0.000,0.000,0.000,0.000,1018.000,0.000,0.000,0.000,0.000,0.000,0.000,0.000,0.000,0.000,0.000,0.000,0.000,0.000,0.000,0.000,0.000,0.000,0.000,0.000,0.000,0.000,0.000,0.000,0.000,0.000,465.000,0.000,0.000,465.000,0.000,0.000,0.000,0.000,0.000,0.000,0.000,0.000,0.000,0.000,0.000,465.000,1018.000,0.000,0.000,1018.000,0.000,0.000,0.000,0.000,0.000,465.000,0.000,0.000,1483.000,,PRODUCTION,1.180
2024,21090LCTRNROUTE,110000339526,NORTHROP GRUMMAN SYSTEMS CORP,7323 AVIATION BLVD,LINTHICUM,ANNE ARUNDEL,MD,21090,,,39.182182,-76.691642,,NORTHROP GRUMMAN CORP,967356127,NORTHROP GRUMMAN CORP,NA,,NA,NO,334,Computers and Electronic Products,,,,,,,334511,,,,,,1324223045511,Lead,NO,0007439921,7439-92-1,149583,NO,PBT,YES,Elemental metals,YES,YES,NO,R,Pounds,2.850,8.680,0.000,0.000,0.000,0.000,0.000,0.000,0.000,0.000,0.000,0.000,0.000,0.000,11.530,1.000,0.000,1.000,0.000,0.000,0.000,0.000,0.000,0.000,0.000,0.000,0.000,0.000,0.000,0.000,0.000,303.900,0.000,0.000,0.000,0.000,0.000,304.900,0.000,109.400,0.000,0.000,0.000,109.400,0.000,0.000,0.000,0.000,0.000,0.000,0.000,0.000,0.000,0.000,0.000,414.300,316.430,0.000,0.000,11.530,303.900,1.000,0.000,0.000,0.000,109.400,0.000,0.000,425.830,,ACTIVITY,1.430
2024,21030MRYLN1BEAV,110023128738,MARYLAND PAVING INC,10000 BEAVERDAM RD,COCKEYSVILLE,BALTIMORE,MD,21030,,,39.463754,-76.643960,,NA,,GRAY & SON INC,NA,,NA,NO,324,Petroleum,,,,,,,324121,,,,,,1324222999803,"Benzo[g,h,i]perylene",NO,0000191242,191-24-2,40576,YES,PBT,NO,Non_Metal,NO,YES,NO,R,Pounds,0.000,0.007,0.000,0.000,0.000,0.000,0.000,0.000,0.000,0.000,0.000,0.000,0.000,0.000,0.007,0.000,0.000,0.000,0.000,0.000,0.000,0.000,0.000,0.000,0.000,0.000,0.000,0.000,0.000,0.000,0.000,0.000,0.000,0.000,0.000,0.000,0.000,0.000,0.000,0.000,0.000,0.000,0.000,0.000,0.000,0.000,0.000,0.000,0.000,0.000,0.000,0.000,0.000,0.000,0.000,0.000,0.007,0.000,0.000,0.007,0.000,0.000,0.000,0.000,0.000,0.000,0.000,0.000,0.007,,PRODUCTION,0.770
2024,21226BLTMR2400P,110008432650,GLOBAL BALTIMORE TERMINAL,2400 PETROLIA AVE,BALTIMORE,BALTIMORE (CITY),MD,21226,,,39.235628,-76.564811,,GLOBAL PARTNERS LP,061167842,GLOBAL PARTNERS LP,NA,,NA,NO,4247,Petroleum Bulk Terminals,,,,,,,424710,,,,,,1324223179971,n-Hexane,NO,0000110543,110-54-3,26740,YES,TRI,NO,Non_Metal,NO,NO,NO,R,Pounds,165.220,491.800,0.000,0.000,0.000,0.000,0.000,0.000,0.000,0.000,0.000,0.000,0.000,0.000,657.020,0.000,0.000,0.000,0.000,0.000,0.000,0.000,0.000,0.000,0.000,0.000,0.000,0.000,0.000,0.000,0.000,0.000,0.000,0.000,0.000,0.000,0.000,0.000,0.000,0.000,0.000,0.000,0.000,0.000,0.000,35.290,35.290,0.000,0.000,0.000,0.000,0.000,0.000,0.000,0.000,35.290,657.020,0.000,0.000,657.020,0.000,0.000,0.000,35.290,7466.490,0.000,0.000,0.000,8158.800,,ACTIVITY,1.000
2024,21048MRYLN2914I,110023128747,MARYLAND PAVING INC,2914 INDUSTRIAL PARK DR,FINKSBURG,CARROLL,MD,21048,,,39.498633,-76.890260,,NA,,GRAY & SON INC,NA,,NA,NO,324,Petroleum,,,,,,,324121,,,,,,1324222999308,Polycyclic aromatic compounds,NO,N590,N590,649749,YES,PBT,NO,Non_Metal,YES,YES,NO,R,Pounds,0.000,0.003,0.000,0.000,0.000,0.000,0.000,0.000,0.000,0.000,0.000,0.000,0.000,0.000,0.003,0.000,0.000,0.000,0.000,0.000,0.000,0.000,0.000,0.000,0.000,0.000,0.000,0.000,0.000,0.000,0.000,0.000,0.000,0.000,0.000,0.000,0.000,0.000,0.000,0.000,0.000,0.000,0.000,0.000,0.000,0.000,0.000,0.000,0.000,0.000,0.000,0.000,0.000,0.000,0.000,0.000,0.003,0.000,0.000,0.003,0.000,0.000,0.000,0.000,0.000,0.000,0.000,0.000,0.003,,PRODUCTION,0.960
2024,2067WSMBRS21BUG,110071071824,SMO BARSTOW PLANT,201 BUGEYE SQ,PRINCE FREDERICK,CALVERT,MD,20678,,,38.512073,-76.644255,,STAR GROUP LP,NA,STAR GROUP LP,NA,,NA,NO,999,Other,,,,,,,457210,,,,,,1324223094994,Ethylbenzene,NO,0000100414,100-41-4,19406,YES,TRI,NO,Non_Metal,YES,NO,NO,A,Pounds,0.000,0.000,0.000,0.000,0.000,0.000,0.000,0.000,0.000,0.000,0.000,0.000,0.000,0.000,0.000,0.000,0.000,0.000,0.000,0.000,0.000,0.000,0.000,0.000,0.000,0.000,0.000,0.000,0.000,0.000,0.000,0.000,0.000,0.000,0.000,0.000,0.000,0.000,0.000,0.000,0.000,0.000,0.000,0.000,0.000,0.000,0.000,0.000,0.000,0.000,0.000,0.000,0.000,0.000,0.000,0.000,0.000,0.000,0.000,0.000,0.000,0.000,0.000,0.000,0.000,0.000,0.000,0.000,0.000,0.000,,0.000
2024,21157GRFFT8SULL,110002341476,GRIFFITH ENERGY SERVICES INC BARE,8 SULLIVAN AVE,WESTMINSTER,CARROLL,MD,21157,,,39.588030,-76.996047,,STAR GROUP LP,NA,STAR GROUP LP,NA,,NA,NO,999,Other,,,,,,,457210,,,,,,1324223106220,Ethylbenzene,NO,0000100414,100-41-4,19406,YES,TRI,NO,Non_Metal,YES,NO,NO,A,Pounds,0.000,0.000,0.000,0.000,0.000,0.000,0.000,0.000,0.000,0.000,0.000,0.000,0.000,0.000,0.000,0.000,0.000,0.000,0.000,0.000,0.000,0.000,0.000,0.000,0.000,0.000,0.000,0.000,0.000,0.000,0.000,0.000,0.000,0.000,0.000,0.000,0.000,0.000,0.000,0.000,0.000,0.000,0.000,0.000,0.000,0.000,0.000,0.000,0.000,0.000,0.000,0.000,0.000,0.000,0.000,0.000,0.000,0.000,0.000,0.000,0.000,0.000,0.000,0.000,0.000,0.000,0.000,0.000,0.000,0.000,,0.000
2024,21741RCKYT1201M,110000340417,GREAT SOUTHERN WOOD - MD INC.,1201 MARYLAND AVE,HAGERSTOWN,WASHINGTON,MD,21740,,,39.620872,-77.735668,,GREAT SOUTHERN WOOD PRESERVING INC,057211823,GREAT SOUTHERN WOOD PRESERVING INC,NA,,NA,NO,321,Wood Products,,,,,,,321114,,,,,,1324222939391,Copper  And Copper Compounds,YES,N100,N100,649491,NO,TRI,YES,Metal complound categories,NO,NO,NO,R,Pounds,0.000,0.000,0.000,0.000,0.000,0.000,0.000,0.000,0.000,0.000,0.000,0.000,0.000,0.000,0.000,0.000,0.000,0.000,0.000,2146.500,0.000,0.000,0.000,0.000,0.000,0.000,0.000,0.000,0.000,0.000,0.000,0.000,0.000,0.000,0.000,0.000,0.000,2146.500,0.000,0.000,0.000,0.000,0.000,0.000,0.000,0.000,0.000,0.000,0.000,0.000,0.000,0.000,0.000,0.000,0.000,2146.500,2146.500,0.000,0.000,0.000,0.000,2146.500,0.000,0.000,39.410,0.000,0.000,0.000,2185.910,,PRODUCTION,1.010
2024,21226WRGRC5500C,110000867214,GRACE DAVISON-CURTIS BAY WORKS,5500 CHEMICAL RD,BALTIMORE,BALTIMORE (CITY),MD,21226,,,39.212538,-76.567648,,W R GRACE & CO,001367846,W R GRACE & CO,NA,,NA,NO,325,Chemicals,,,,,,,325180,,,,,,1324223188956,Nickel  And Nickel Compounds,YES,N495,N495,650036,YES,TRI,YES,Metal complound categories,YES,NO,NO,R,Pounds,18.000,22.000,186.000,0.000,0.000,0.000,0.000,0.000,380.000,0.000,0.000,0.000,0.000,0.000,606.000,0.000,0.000,0.000,0.000,0.000,0.000,0.000,0.000,0.000,0.000,0.000,0.000,0.000,0.000,0.000,0.000,0.000,0.000,0.000,0.000,0.000,0.000,0.000,0.000,0.000,0.000,0.000,0.000,0.000,0.000,0.000,0.000,0.000,0.000,0.000,0.000,0.000,0.000,0.000,0.000,0.000,606.000,0.000,380.000,226.000,0.000,0.000,0.000,0.000,30898.000,0.000,0.000,0.000,31504.000,,PRODUCTION,0.940
2024,21078MRCNC1300R,110012464001,CYTEC ENGINEERED INC,1300 REVOLUTION ST,HAVRE DE GRACE,HARFORD,MD,21078,,,39.536988,-76.112063,,SYENSQO HOLDING INC,874748937,SYENSQO HOLDING INC,SYENSQO SA,372787070,SYENSQO SA,NO,325,Chemicals,,,,,,,325520,,,,,,1324222915771,Methanol,NO,0000067561,67-56-1,4283,YES,TRI,NO,Non_Metal,NO,NO,NO,R,Pounds,0.000,122.000,0.000,0.000,0.000,0.000,0.000,0.000,0.000,0.000,0.000,0.000,0.000,0.000,122.000,0.000,0.000,0.000,0.000,0.000,0.000,0.000,0.000,0.000,0.000,0.000,0.000,0.000,0.000,0.000,0.000,0.000,0.000,0.000,0.000,0.000,0.000,0.000,69225.000,0.000,0.000,0.000,0.000,69225.000,0.000,1131.000,1131.000,0.000,152.000,0.000,0.000,0.000,0.000,152.000,0.000,70508.000,122.000,0.000,0.000,122.000,0.000,0.000,0.000,1131.000,0.000,69225.000,0.000,152.000,70630.000,,PRODUCTION,0.950
2024,2089WNTNLN1BURE,110037102587,NATIONAL INSTITUTE OF STANDARDS & TECHNOLOGY,100 BUREAU DRIVE MS 1730,GAITHERSBURG,MONTGOMERY,MD,20899,,,39.139878,-77.218410,,NA,,NATIONAL INSTITUTE OF STANDARDS & TECHNOLOGY,NA,,NA,YES,999,Other,,,,,,,921190,,,,,,1324222874861,Lead,NO,0007439921,7439-92-1,149583,NO,PBT,YES,Elemental metals,YES,YES,NO,R,Pounds,0.000,0.000,0.000,0.000,0.000,0.000,0.000,0.000,0.000,0.000,0.000,0.000,0.000,0.000,0.000,0.000,0.000,0.000,0.000,0.000,0.000,0.000,0.000,0.000,0.000,0.000,0.000,0.000,0.000,0.000,0.000,0.000,0.000,0.000,0.000,0.000,0.000,0.000,0.000,5757.000,0.000,0.000,0.000,5757.000,0.000,0.000,0.000,0.000,0.000,0.000,0.000,0.000,0.000,0.000,0.000,5757.000,0.000,0.000,0.000,0.000,0.000,0.000,0.000,0.000,0.000,5757.000,0.000,0.000,5757.000,,PRODUCTION,0.860
2024,2120WSCHST3625E,110019905209,SCHUSTER CONCRETE READY MIX LLC-MONUMENT ST,3625 E MONUMENT ST,BALTIMORE,BALTIMORE (CITY),MD,21205,,,39.299362,-76.567795,,SCHUSTER CONCRETE READY MIX LLC,NA,SCHUSTER CONCRETE READY MIX LLC,NA,,NA,NO,327,Nonmetallic Mineral Product,,,,,,,327320,,,,,,1324222431052,Lead,NO,0007439921,7439-92-1,149583,NO,PBT,YES,Elemental metals,YES,YES,NO,R,Pounds,0.000,0.047,0.000,0.000,0.000,0.000,0.000,0.000,0.000,0.000,0.000,0.000,0.000,0.000,0.047,0.000,0.000,0.000,0.000,0.000,0.000,0.000,0.000,0.000,0.000,0.000,0.000,0.000,0.000,0.000,0.000,0.000,0.000,0.000,0.000,0.000,0.000,0.000,0.000,0.000,0.000,0.000,0.000,0.000,0.000,0.000,0.000,0.000,0.000,0.000,0.000,0.000,0.000,0.000,0.000,0.000,0.047,0.000,0.000,0.047,0.000,0.000,0.000,0.000,0.000,0.000,0.000,0.000,0.047,,PRODUCTION,0.770
2024,21863HLLYF207BA,110000340694,TYSON FARMS INC FEED MILL SNOW HILL,207 BAY ST,SNOW HILL,WORCESTER,MD,21863,,,38.176715,-75.384620,,TYSON FOODS INC,006903702,TYSON FOODS INC,NA,,NA,NO,311,Food,,,,,,,311119,,,,,,1324222514782,Zinc compounds,NO,N982,N982,649699,NO,TRI,YES,Metal complound categories,NO,NO,NO,A,Pounds,0.000,0.000,0.000,0.000,0.000,0.000,0.000,0.000,0.000,0.000,0.000,0.000,0.000,0.000,0.000,0.000,0.000,0.000,0.000,0.000,0.000,0.000,0.000,0.000,0.000,0.000,0.000,0.000,0.000,0.000,0.000,0.000,0.000,0.000,0.000,0.000,0.000,0.000,0.000,0.000,0.000,0.000,0.000,0.000,0.000,0.000,0.000,0.000,0.000,0.000,0.000,0.000,0.000,0.000,0.000,0.000,0.000,0.000,0.000,0.000,0.000,0.000,0.000,0.000,0.000,0.000,0.000,0.000,0.000,0.000,,0.000
2024,2087WGRFFT1LEWI,110071732591,GRIFFITH ENERGY SERVICES - DAMASCUS FUELS PLANT,10000 LEWIS DR,DAMASCUS,MONTGOMERY,MD,20872,,,39.290561,-77.206759,,STAR GROUP LP,NA,STAR GROUP LP,NA,,NA,NO,999,Other,,,,,,,457210,,,,,,1324223095670,Xylene (mixed isomers),NO,0001330207,1330-20-7,84970,YES,TRI,NO,Non_Metal,NO,NO,NO,A,Pounds,0.000,0.000,0.000,0.000,0.000,0.000,0.000,0.000,0.000,0.000,0.000,0.000,0.000,0.000,0.000,0.000,0.000,0.000,0.000,0.000,0.000,0.000,0.000,0.000,0.000,0.000,0.000,0.000,0.000,0.000,0.000,0.000,0.000,0.000,0.000,0.000,0.000,0.000,0.000,0.000,0.000,0.000,0.000,0.000,0.000,0.000,0.000,0.000,0.000,0.000,0.000,0.000,0.000,0.000,0.000,0.000,0.000,0.000,0.000,0.000,0.000,0.000,0.000,0.000,0.000,0.000,0.000,0.000,0.000,0.000,,0.000
2024,21230SFTYK1448D,110000340122,SAFETY-KLEEN SYSTEMS BALTIMORE (BAL),1448 DESOTO RD,BALTIMORE,BALTIMORE (CITY),MD,21230,,,39.268048,-76.659358,,CLEAN HARBORS INC,157793639,CLEAN HARBORS INC,NA,,NA,NO,562,Hazardous Waste,,,,,,,562112,484230,484220,,,,1324222671859,Ethylene glycol,NO,0000107211,107-21-1,24257,YES,TRI,NO,Non_Metal,NO,NO,NO,R,Pounds,2.000,0.000,0.000,0.000,0.000,0.000,0.000,0.000,0.000,0.000,0.000,0.000,0.000,0.000,2.000,0.000,0.000,0.000,0.000,0.000,0.000,0.000,0.000,0.000,0.000,0.000,0.000,0.000,0.000,0.000,0.000,0.000,0.000,0.000,0.000,0.000,0.000,0.000,0.000,0.000,16321.100,0.000,0.000,16321.100,0.000,0.000,0.000,0.000,0.000,0.000,0.000,28.300,0.000,28.300,0.000,16349.400,2.000,0.000,0.000,2.000,0.000,0.000,0.000,0.000,0.000,16321.100,0.000,28.300,16351.400,,ACTIVITY,0.860
2024,21226WRGRC5500C,110000867214,GRACE DAVISON-CURTIS BAY WORKS,5500 CHEMICAL RD,BALTIMORE,BALTIMORE (CITY),MD,21226,,,39.212538,-76.567648,,W R GRACE & CO,001367846,W R GRACE & CO,NA,,NA,NO,325,Chemicals,,,,,,,325180,,,,,,1324223192966,"Hydrochloric acid (acid aerosols including mists, vapors, gas, fog, and other airborne forms of any particle size)",NO,0007647010,7647-01-0,152231,YES,TRI,NO,Non_Metal,NO,NO,NO,R,Pounds,0.000,3741.000,0.000,0.000,0.000,0.000,0.000,0.000,0.000,0.000,0.000,0.000,0.000,0.000,3741.000,0.000,0.000,0.000,0.000,0.000,0.000,0.000,0.000,0.000,0.000,0.000,0.000,0.000,0.000,0.000,0.000,0.000,0.000,0.000,0.000,0.000,0.000,0.000,0.000,0.000,0.000,0.000,0.000,0.000,0.000,0.000,0.000,0.000,0.000,0.000,0.000,0.000,0.000,0.000,0.000,0.000,3741.000,0.000,0.000,3741.000,0.000,0.000,0.000,0.000,0.000,0.000,2010775.000,0.000,2014516.000,,PRODUCTION,0.870
2024,20892NTNLN9000R,110000869720,U.S. PUBLIC HEALTH SERVICE NATIONAL INSTITUTES OF HEALTH,9000 ROCKVILLE PIKE,BETHESDA,MONTGOMERY,MD,20892,,,39.003730,-77.097478,,US DEPARTMENT OF HEALTH & HUMAN SERVICES,NA,US DEPARTMENT OF HEALTH & HUMAN SERVICES,NA,,NA,YES,999,Other,,,,,,,541711,,,,,,1324222545434,Mercury,NO,0007439976,7439-97-6,149633,YES,PBT,YES,Elemental metals,NO,YES,NO,R,Pounds,0.000,0.000,0.000,0.000,0.000,0.000,0.000,0.000,0.000,0.000,0.000,0.000,0.000,0.000,0.000,0.000,0.000,0.000,0.000,0.000,0.000,0.000,0.000,0.000,0.000,0.000,0.000,0.000,0.000,0.000,0.000,0.000,0.000,0.000,0.000,0.000,0.000,0.000,0.000,2035.000,0.000,0.000,0.000,2035.000,0.000,0.000,0.000,0.000,0.000,0.000,0.000,0.000,0.000,0.000,0.000,2035.000,0.000,0.000,0.000,0.000,0.000,0.000,0.000,0.000,0.000,2035.000,0.000,0.000,2035.000,,PRODUCTION,4.800
2024,21113HTCHC1721M,110000339544,HI-TECH COLOR INC,1721 MIDWAY RD,ODENTON,ANNE ARUNDEL,MD,21113,,,39.108920,-76.695550,,NA,,NA,DAINICHISEIKA COLOR & CHEM MFG CO. LTD.,690536008,DAINICHISEIKA COLOR & CHEM MFG CO LTD,NO,325,Chemicals,,,,,,,325910,,,,,,1324222639205,Toluene,NO,0000108883,108-88-3,25452,YES,TRI,NO,Non_Metal,NO,NO,NO,R,Pounds,27.000,0.000,0.000,0.000,0.000,0.000,0.000,0.000,0.000,0.000,0.000,0.000,0.000,0.000,27.000,0.000,0.000,0.000,0.000,0.000,0.000,0.000,0.000,0.000,0.000,0.000,0.000,0.000,0.000,0.000,0.000,0.000,0.000,0.000,0.000,0.000,0.000,0.000,0.000,0.000,0.000,0.000,0.000,0.000,9.500,0.000,9.500,0.000,0.000,0.000,0.000,0.000,0.000,0.000,0.000,9.500,27.000,0.000,0.000,27.000,0.000,0.000,0.000,9.500,0.000,0.000,0.000,0.000,36.500,,PRODUCTION,0.700
2024,21227CHSPK6754S,110000340024,PRECOAT METALS,6754 SANTA BARBARA CT,ELKRIDGE,HOWARD,MD,21075,,,39.187013,-76.742830,,AZZ INC,NA,AZZ INC,NA,,NA,NO,332,Fabricated Metals,,,,,,,332812,,,,,,1324222517993,Certain glycol ethers,NO,N230,N230,649541,YES,TRI,NO,May contain metal,NO,NO,NO,R,Pounds,0.000,383.580,0.000,0.000,0.000,0.000,0.000,0.000,0.000,0.000,0.000,0.000,0.000,0.000,383.580,0.000,0.000,0.000,0.000,0.000,0.000,0.000,0.000,0.000,0.000,0.000,0.000,0.000,0.000,0.000,0.000,0.000,0.000,0.000,0.000,0.000,0.000,0.000,2715.700,0.000,0.000,0.000,0.000,2715.700,8896.200,0.000,8896.200,0.000,0.000,0.000,0.000,0.000,0.000,0.000,0.000,11611.900,383.580,0.000,0.000,383.580,0.000,0.000,13706.430,8896.200,0.000,2715.700,39161.000,0.000,64862.910,,PRODUCTION,0.610
2024,21740NDPNDSECUR,110000340408,HOLCIM(US) INC.,1260 SECURITY RD,HAGERSTOWN,WASHINGTON,MD,21742,,,39.650032,-77.689572,,HOLCIM PARTICIPATIONS (US) INC,081260273,HOLCIM PARTICIPATIONS (US) INC,HOLCIM LTD,NA,HOLCIM LTD,NO,327,Nonmetallic Mineral Product,,,,,,,327310,,,,,,1324223044811,Manganese compounds,NO,N450,N450,650010,YES,TRI,YES,Metal complound categories,NO,NO,NO,R,Pounds,93.980,233.130,0.000,0.000,0.000,0.000,0.000,0.000,0.000,0.000,0.000,0.000,0.000,0.000,327.110,0.000,0.000,0.000,0.000,0.000,0.000,0.000,0.000,0.000,0.000,0.000,0.000,0.000,0.000,0.000,0.000,0.000,0.000,0.000,0.000,0.000,0.000,0.000,0.000,0.000,0.000,0.000,0.000,0.000,0.000,0.000,0.000,0.000,0.000,0.000,0.000,0.000,0.000,0.000,0.000,0.000,327.110,0.000,0.000,327.110,0.000,0.000,0.000,0.000,0.000,0.000,0.000,0.000,327.110,,PRODUCTION,0.760
2024,21074BLCKD626HA,110000339483,BLACK & DECKER (US) INC,626 HANOVER PIKE,HAMPSTEAD,CARROLL,MD,21074,,,39.592219,-76.845278,,STANLEY BLACK & DECKER,001152461,STANLEY BLACK & DECKER,NA,,NA,NO,332,Fabricated Metals,,,,,,,332510,,,,,,1324222500934,Methanol,NO,0000067561,67-56-1,4283,YES,TRI,NO,Non_Metal,NO,NO,NO,R,Pounds,1.000,50.140,0.000,0.000,0.000,0.000,0.000,0.000,0.000,0.000,0.000,0.000,0.000,0.000,51.140,0.000,0.000,0.000,0.000,0.000,0.000,0.000,0.000,0.000,0.000,0.000,0.000,0.000,0.000,0.000,0.000,0.000,0.000,0.000,0.000,0.000,0.000,0.000,0.000,0.000,0.000,0.000,0.000,0.000,0.000,0.000,0.000,0.000,0.000,0.000,0.000,0.000,0.000,0.000,0.000,0.000,51.140,0.000,0.000,51.140,0.000,0.000,0.000,0.000,0.000,0.000,0.000,0.000,51.140,,PRODUCTION,1.000
2024,21224BLDNG1500P,110001767464,BUILDING MATERIALS MANUFACTURING LLC,1500 S PONCA ST,BALTIMORE,BALTIMORE (CITY),MD,21224,,,39.276046,-76.554340,,G HOLDINGS INC,NA,G HOLDINGS INC,NA,,NA,NO,324,Petroleum,,,,,,,324122,,,,,,1324222526269,Polycyclic aromatic compounds,NO,N590,N590,649749,YES,PBT,NO,Non_Metal,YES,YES,NO,R,Pounds,0.000,0.523,0.000,0.000,0.000,0.000,0.000,0.000,0.000,0.000,0.000,0.000,0.000,0.000,0.523,0.000,0.000,0.000,0.000,0.000,0.000,0.000,0.000,0.000,0.000,0.000,0.000,0.000,0.000,0.000,0.000,0.000,0.000,0.000,0.000,0.000,0.000,0.000,0.000,0.000,0.000,0.000,0.000,0.000,0.000,0.000,0.000,0.000,0.000,1.300,0.000,0.000,0.000,1.300,0.000,1.300,0.523,0.000,0.000,0.523,0.000,0.000,0.000,0.000,0.000,0.000,0.000,1.300,1.823,,PRODUCTION,0.900
2024,21220TLLYC501CH,110019855192,TILLEY DISTRIBUTION,501 CHESAPEAKE PARK PLAZA,MIDDLE RIVER,BALTIMORE,MD,21220,,,39.327018,-76.428022,,SK TILLEY HOLDING LP,NA,SK TILLEY HOLDING LP,NA,,NA,NO,4246,Chemical Wholesalers,,,,,,,424690,,,,,,1324222416113,Ethylene glycol,NO,0000107211,107-21-1,24257,YES,TRI,NO,Non_Metal,NO,NO,NO,R,Pounds,2.000,2.000,0.000,0.000,0.000,0.000,0.000,0.000,0.000,0.000,0.000,0.000,0.000,0.000,4.000,0.000,0.000,0.000,0.000,0.000,0.000,0.000,0.000,0.000,0.000,0.000,0.000,0.000,0.000,0.000,0.000,0.000,0.000,0.000,0.000,820.000,0.000,820.000,0.000,0.000,0.000,0.000,0.000,0.000,0.000,0.000,0.000,0.000,0.000,0.000,0.000,0.000,0.000,0.000,0.000,820.000,824.000,0.000,0.000,4.000,0.000,820.000,0.000,0.000,0.000,0.000,0.000,0.000,824.000,,PRODUCTION,0.890
2024,2170WLDCST672MA,110063872901,OLDCASTLE LAWN & GARDEN,6720 MANOR WOODS ROAD,FREDERICK,FREDERICK,MD,21703,,,39.332109,-77.438371,,CRH AMERICAS INC,037176591,CRH AMERICAS INC,NA,,CRH PUBLIC LTD CO,NO,321,Wood Products,,,,,,,321999,,,,,,1324222989840,Lead  And Lead Compounds,YES,N420,N420,650002,YES,PBT,YES,Metal complound categories,NO,YES,NO,R,Pounds,0.000,0.000,0.000,0.000,0.000,0.000,0.000,0.000,0.000,0.000,0.000,0.000,0.000,0.000,0.000,0.000,0.000,0.000,0.000,0.000,0.000,0.000,0.000,0.000,0.000,0.000,0.000,0.000,0.000,0.000,0.000,0.000,0.000,0.000,0.000,0.000,0.000,0.000,0.000,0.000,0.000,0.000,0.000,0.000,0.000,0.000,0.000,0.000,0.000,0.000,0.000,0.000,0.000,0.000,0.000,0.000,0.000,0.000,0.000,0.000,0.000,0.000,0.000,0.000,0.000,0.000,0.000,0.000,0.000,,PRODUCTION,1.480
2024,21226BLTMR2400P,110008432650,GLOBAL BALTIMORE TERMINAL,2400 PETROLIA AVE,BALTIMORE,BALTIMORE (CITY),MD,21226,,,39.235628,-76.564811,,GLOBAL PARTNERS LP,061167842,GLOBAL PARTNERS LP,NA,,NA,NO,4247,Petroleum Bulk Terminals,,,,,,,424710,,,,,,1324223180478,"1,2,4-Trimethylbenzene",NO,0000095636,95-63-6,16261,NO,TRI,NO,Non_Metal,NO,NO,NO,R,Pounds,283.430,326.930,0.000,0.000,0.000,0.000,0.000,0.000,0.000,0.000,0.000,0.000,0.000,0.000,610.360,0.000,0.000,0.000,0.000,0.000,0.000,0.000,0.000,0.000,0.000,0.000,0.000,0.000,0.000,0.000,0.000,0.000,0.000,0.000,0.000,0.000,0.000,0.000,0.000,0.000,0.000,0.000,0.000,0.000,0.000,119.100,119.100,0.000,0.000,0.000,0.000,0.000,0.000,0.000,0.000,119.100,610.360,0.000,0.000,610.360,0.000,0.000,0.000,119.100,203.010,0.000,0.000,0.000,932.470,,ACTIVITY,1.000
2024,21226BRNDN1000B,110038162902,BRANDON SHORES & WAGNER COMPLEX,3000 BRANDON SHORES RD,CURTIS BAY,ANNE ARUNDEL,MD,21226,,,39.178257,-76.541842,,TALEN ENERGY,078612047,TALEN ENERGY CORP,NA,,NA,NO,2211,Electric Utilities,,,,,,,221112,,,,,,1324222801577,Chromium  and Chromium Compounds(except for chromite ore mined in the Transvaal Region),YES,N090,N090,649475,YES,TRI,YES,Metal complound categories,NO,NO,NO,R,Pounds,1.000,13.000,0.000,0.000,0.000,0.000,0.000,0.000,0.000,0.000,0.000,0.000,0.000,0.000,14.000,0.000,0.000,0.000,0.000,0.000,0.000,0.000,0.000,0.000,0.000,0.000,0.000,0.000,0.000,0.000,5494.000,0.000,0.000,0.000,0.000,0.000,0.000,5494.000,0.000,0.000,0.000,0.000,0.000,0.000,0.000,0.000,0.000,0.000,0.000,0.000,0.000,0.000,0.000,0.000,0.000,5494.000,5508.000,0.000,0.000,14.000,5494.000,0.000,0.000,0.000,0.000,0.000,0.000,0.000,5508.000,,PRODUCTION,1.520
2024,2067WSMBRS21BUG,110071071824,SMO BARSTOW PLANT,201 BUGEYE SQ,PRINCE FREDERICK,CALVERT,MD,20678,,,38.512073,-76.644255,,STAR GROUP LP,NA,STAR GROUP LP,NA,,NA,NO,999,Other,,,,,,,457210,,,,,,1324223094929,Benzene,NO,0000071432,71-43-2,4754,YES,TRI,NO,Non_Metal,YES,NO,NO,A,Pounds,0.000,0.000,0.000,0.000,0.000,0.000,0.000,0.000,0.000,0.000,0.000,0.000,0.000,0.000,0.000,0.000,0.000,0.000,0.000,0.000,0.000,0.000,0.000,0.000,0.000,0.000,0.000,0.000,0.000,0.000,0.000,0.000,0.000,0.000,0.000,0.000,0.000,0.000,0.000,0.000,0.000,0.000,0.000,0.000,0.000,0.000,0.000,0.000,0.000,0.000,0.000,0.000,0.000,0.000,0.000,0.000,0.000,0.000,0.000,0.000,0.000,0.000,0.000,0.000,0.000,0.000,0.000,0.000,0.000,0.000,,0.000
2024,21157GRFFT8SULL,110002341476,GRIFFITH ENERGY SERVICES INC BARE,8 SULLIVAN AVE,WESTMINSTER,CARROLL,MD,21157,,,39.588030,-76.996047,,STAR GROUP LP,NA,STAR GROUP LP,NA,,NA,NO,999,Other,,,,,,,457210,,,,,,1324223106257,Toluene,NO,0000108883,108-88-3,25452,YES,TRI,NO,Non_Metal,NO,NO,NO,A,Pounds,0.000,0.000,0.000,0.000,0.000,0.000,0.000,0.000,0.000,0.000,0.000,0.000,0.000,0.000,0.000,0.000,0.000,0.000,0.000,0.000,0.000,0.000,0.000,0.000,0.000,0.000,0.000,0.000,0.000,0.000,0.000,0.000,0.000,0.000,0.000,0.000,0.000,0.000,0.000,0.000,0.000,0.000,0.000,0.000,0.000,0.000,0.000,0.000,0.000,0.000,0.000,0.000,0.000,0.000,0.000,0.000,0.000,0.000,0.000,0.000,0.000,0.000,0.000,0.000,0.000,0.000,0.000,0.000,0.000,0.000,,0.000
2024,21791LHGHP117SO,110003507385,HEIDELBERG MATERIALS US CEMENT LLC,675 QUAKER HILL RD,UNION BRIDGE,CARROLL,MD,21791,,,39.559177,-77.167277,,HEIDELBERG MATERIALS US INC,967342197,HEIDELBERG MATERIALS US INC,NA,,HEIDELBERG MATERIALS,NO,327,Nonmetallic Mineral Product,,,,,,,327310,,,,,,1324222440392,Nickel  And Nickel Compounds,YES,N495,N495,650036,YES,TRI,YES,Metal complound categories,YES,NO,NO,R,Pounds,0.000,14.000,0.000,0.000,0.000,0.000,0.000,0.000,0.000,0.000,0.000,0.000,0.000,0.000,14.000,0.000,0.000,0.000,0.000,0.000,0.000,0.000,0.000,0.000,0.000,0.000,0.000,0.000,0.000,0.000,0.000,0.000,0.000,0.000,0.000,0.000,0.000,0.000,0.000,0.000,0.000,0.000,0.000,0.000,0.000,0.000,0.000,0.000,0.000,0.000,0.000,0.000,0.000,0.000,0.000,0.000,14.000,0.000,0.000,14.000,0.000,0.000,0.000,0.000,0.000,0.000,0.000,0.000,14.000,,PRODUCTION,1.830
2024,2061WSMBRY7115I,110071071806,SMO BRYANS ROAD PLANT,7115 INDIAN HEAD HWY,BRYANS ROAD,CHARLES,MD,20616,,,38.628660,-77.069376,,STAR GROUP LP,NA,STAR GROUP LP,NA,,NA,NO,999,Other,,,,,,,454310,,,,,,1324223085996,Naphthalene,NO,0000091203,91-20-3,13326,YES,TRI,NO,Non_Metal,YES,NO,NO,A,Pounds,0.000,0.000,0.000,0.000,0.000,0.000,0.000,0.000,0.000,0.000,0.000,0.000,0.000,0.000,0.000,0.000,0.000,0.000,0.000,0.000,0.000,0.000,0.000,0.000,0.000,0.000,0.000,0.000,0.000,0.000,0.000,0.000,0.000,0.000,0.000,0.000,0.000,0.000,0.000,0.000,0.000,0.000,0.000,0.000,0.000,0.000,0.000,0.000,0.000,0.000,0.000,0.000,0.000,0.000,0.000,0.000,0.000,0.000,0.000,0.000,0.000,0.000,0.000,0.000,0.000,0.000,0.000,0.000,0.000,0.000,,0.000
2024,21741RSTLMINTER,110000555907,RUST-OLEUM CORP IN MD,16410 INDUSTRIAL LN,WILLIAMSPORT,WASHINGTON,MD,21795,,,39.597398,-77.800943,,RPM INTERNATIONAL INC,005054420,RPM INTERNATIONAL INC,NA,,NA,NO,325,Chemicals,,,,,,,325510,,,,,,1324223154788,Toluene,NO,0000108883,108-88-3,25452,YES,TRI,NO,Non_Metal,NO,NO,NO,R,Pounds,292.000,497.000,0.000,0.000,0.000,0.000,0.000,0.000,0.000,0.000,0.000,0.000,0.000,0.000,789.000,0.000,0.000,0.000,4.000,0.000,0.000,0.000,0.000,0.000,0.000,0.000,0.000,0.000,0.000,0.000,0.000,0.000,0.000,0.000,573.000,0.000,0.000,577.000,516937.000,0.000,0.000,0.000,0.000,516937.000,0.000,0.000,0.000,0.000,0.000,0.000,0.000,0.000,0.000,0.000,0.000,517514.000,1366.000,0.000,0.000,789.000,0.000,577.000,0.000,0.000,0.000,516937.000,0.000,0.000,518303.000,,PRODUCTION,1.100
2024,21227CHSPK6754S,110000340024,PRECOAT METALS,6754 SANTA BARBARA CT,ELKRIDGE,HOWARD,MD,21075,,,39.187013,-76.742830,,AZZ INC,NA,AZZ INC,NA,,NA,NO,332,Fabricated Metals,,,,,,,332812,,,,,,1324222518007,n-Butyl alcohol,NO,0000071363,71-36-3,4739,NO,TRI,NO,Non_Metal,NO,NO,NO,R,Pounds,0.000,174.650,0.000,0.000,0.000,0.000,0.000,0.000,0.000,0.000,0.000,0.000,0.000,0.000,174.650,0.000,0.000,0.000,0.000,0.000,0.000,0.000,0.000,0.000,0.000,0.000,0.000,0.000,0.000,0.000,0.000,0.000,0.000,0.000,0.000,0.000,0.000,0.000,1285.200,0.000,0.000,0.000,0.000,1285.200,4210.140,0.000,4210.140,0.000,0.000,0.000,0.000,0.000,0.000,0.000,0.000,5495.340,174.650,0.000,0.000,174.650,0.000,0.000,17830.000,4210.140,0.000,1285.200,6240.570,0.000,29740.560,,PRODUCTION,0.610
2024,2087WGRFFT1LEWI,110071732591,GRIFFITH ENERGY SERVICES - DAMASCUS FUELS PLANT,10000 LEWIS DR,DAMASCUS,MONTGOMERY,MD,20872,,,39.290561,-77.206759,,STAR GROUP LP,NA,STAR GROUP LP,NA,,NA,NO,999,Other,,,,,,,457210,,,,,,1324223095668,Naphthalene,NO,0000091203,91-20-3,13326,YES,TRI,NO,Non_Metal,YES,NO,NO,A,Pounds,0.000,0.000,0.000,0.000,0.000,0.000,0.000,0.000,0.000,0.000,0.000,0.000,0.000,0.000,0.000,0.000,0.000,0.000,0.000,0.000,0.000,0.000,0.000,0.000,0.000,0.000,0.000,0.000,0.000,0.000,0.000,0.000,0.000,0.000,0.000,0.000,0.000,0.000,0.000,0.000,0.000,0.000,0.000,0.000,0.000,0.000,0.000,0.000,0.000,0.000,0.000,0.000,0.000,0.000,0.000,0.000,0.000,0.000,0.000,0.000,0.000,0.000,0.000,0.000,0.000,0.000,0.000,0.000,0.000,0.000,,0.000
2024,21741RSTLMINTER,110000555907,RUST-OLEUM CORP IN MD,16410 INDUSTRIAL LN,WILLIAMSPORT,WASHINGTON,MD,21795,,,39.597398,-77.800943,,RPM INTERNATIONAL INC,005054420,RPM INTERNATIONAL INC,NA,,NA,NO,325,Chemicals,,,,,,,325510,,,,,,1324223154826,Copper compounds,NO,N100,N100,649491,NO,TRI,YES,Metal complound categories,NO,NO,NO,R,Pounds,0.000,0.000,0.000,0.000,0.000,0.000,0.000,0.000,0.000,0.000,0.000,0.000,0.000,0.000,0.000,0.000,0.000,0.000,504.000,0.000,0.000,0.000,0.000,0.000,0.000,0.000,0.000,0.000,0.000,0.000,0.000,0.000,0.000,0.000,0.000,0.000,0.000,504.000,0.000,0.000,0.000,0.000,6976.000,6976.000,0.000,0.000,0.000,0.000,0.000,0.000,0.000,0.000,0.000,0.000,0.000,7480.000,504.000,0.000,0.000,0.000,0.000,504.000,0.000,0.000,0.000,6976.000,0.000,0.000,7480.000,,PRODUCTION,1.100
2024,21741RSTLMINTER,110000555907,RUST-OLEUM CORP IN MD,16410 INDUSTRIAL LN,WILLIAMSPORT,WASHINGTON,MD,21795,,,39.597398,-77.800943,,RPM INTERNATIONAL INC,005054420,RPM INTERNATIONAL INC,NA,,NA,NO,325,Chemicals,,,,,,,325510,,,,,,1324223154814,Ethylbenzene,NO,0000100414,100-41-4,19406,YES,TRI,NO,Non_Metal,YES,NO,NO,R,Pounds,21.000,605.000,0.000,0.000,0.000,0.000,0.000,0.000,0.000,0.000,0.000,0.000,0.000,0.000,626.000,0.000,0.000,0.000,11.000,0.000,0.000,0.000,0.000,0.000,0.000,0.000,0.000,0.000,0.000,0.000,0.000,0.000,0.000,0.000,1706.000,0.000,0.000,1717.000,0.000,0.000,0.000,0.000,0.000,0.000,0.000,0.000,0.000,0.000,0.000,0.000,0.000,0.000,0.000,0.000,0.000,1717.000,2343.000,0.000,0.000,626.000,0.000,1717.000,0.000,0.000,0.000,0.000,0.000,0.000,2343.000,,PRODUCTION,1.100
2024,2123WCLNHR191RU,110029273417,CLEAN HARBORS OF BALTIMORE INC.,1910 RUSSELL STREET,BALTIMORE,BALTIMORE (CITY),MD,21230,,,39.270654,-76.632639,,CLEAN HARBORS INC,039322250,CLEAN HARBORS INC,NA,,NA,NO,562,Hazardous Waste,,,,,,,562211,,,,,,1324223156896,Hexachlorobenzene,NO,0000118741,118-74-1,30346,YES,PBT,NO,Non_Metal,YES,YES,NO,R,Pounds,0.000,0.000,0.000,0.000,0.000,0.000,0.000,0.000,0.000,0.000,0.000,0.000,0.000,0.000,0.000,0.000,0.000,0.000,0.000,0.000,0.000,0.000,0.000,0.000,0.000,0.000,0.000,0.000,0.000,0.000,0.000,0.000,0.000,0.000,0.000,0.000,0.000,0.000,0.000,0.000,0.000,0.000,0.000,0.000,0.000,0.000,0.000,0.000,0.000,0.000,0.000,0.000,0.000,0.000,0.000,0.000,0.000,0.000,0.000,0.000,0.000,0.000,0.000,0.000,0.000,0.000,14290.670,0.000,14290.670,,PRODUCTION,3.500
2024,20707LRLRD5501V,110008055013,SCHUSTER CONCRETE READY MIX LLC-VAN DUSEN RD,5501 VAN DUSEN RD,LAUREL,PRINCE GEORGE'S,MD,20707,,,39.080545,-76.918944,,SCHUSTER CONCRETE READY MIX LLC,NA,SCHUSTER CONCRETE READY MIX LLC,NA,,NA,NO,327,Nonmetallic Mineral Product,,,,,,,327320,,,,,,1324222430771,Lead,NO,0007439921,7439-92-1,149583,NO,PBT,YES,Elemental metals,YES,YES,NO,R,Pounds,0.000,0.021,0.000,0.000,0.000,0.000,0.000,0.000,0.000,0.000,0.000,0.000,0.000,0.000,0.021,0.000,0.000,0.000,0.000,0.000,0.000,0.000,0.000,0.000,0.000,0.000,0.000,0.000,0.000,0.000,0.000,0.000,0.000,0.000,0.000,0.000,0.000,0.000,0.000,0.000,0.000,0.000,0.000,0.000,0.000,0.000,0.000,0.000,0.000,0.000,0.000,0.000,0.000,0.000,0.000,0.000,0.021,0.000,0.000,0.021,0.000,0.000,0.000,0.000,0.000,0.000,0.000,0.000,0.021,,PRODUCTION,1.020
2024,2122WCHSPK2111V,110043418922,CHESAPEAKE OPTICAL LABORATORY,2111 VAN DEMAN ST,DUNDALK,BALTIMORE (CITY),MD,21224,,,39.264357,-76.535400,,ESSILOR LABORATORIES OF AMERICA,064114564,ESSILORLUXOTTICA USA INC,ESSILORLUXOTTICA S.A.,NA,ESSILORLUXOTTICA SA,NO,339,Miscellaneous Manufacturing,,,,,,,339115,,,,,,1324222951547,Lead,NO,0007439921,7439-92-1,149583,NO,PBT,YES,Elemental metals,YES,YES,NO,R,Pounds,0.000,0.000,0.000,0.000,0.000,0.000,0.000,0.000,0.000,0.000,0.000,0.000,0.000,0.000,0.000,2.600,0.000,2.600,0.000,0.000,0.000,0.000,0.000,0.000,0.000,0.000,0.000,0.000,0.000,0.000,0.000,0.000,0.000,0.000,150.000,0.000,0.000,152.600,0.000,0.000,0.000,0.000,0.000,0.000,0.000,0.000,0.000,0.000,0.000,0.000,0.000,0.000,0.000,0.000,0.000,152.600,152.600,0.000,0.000,0.000,0.000,152.600,0.000,0.000,0.000,0.000,0.000,0.000,152.600,,PRODUCTION,0.990
2024,2107WLTCMF19CLA,110071423698,ELITE COMFORT SOLUTIONS - HAVRE DE GRACE,1900 CLARK ROAD,HAVRE DE GRACE,HARFORD,MD,21078,,,39.530576,-76.115543,,LEGGETT & PLATT INC,007140064,LEGGETT & PLATT INC,NA,,NA,NO,326,Plastics and Rubber,,,,,,,326150,,,,,,1324222561045,Toluene diisocyanate (mixed isomers),NO,0026471625,26471-62-5,239681,NO,TRI,NO,Non_Metal,YES,NO,NO,R,Pounds,0.001,2.836,0.000,0.000,0.000,0.000,0.000,0.000,0.000,0.000,0.000,0.000,0.000,0.000,2.837,0.000,0.000,0.000,0.000,0.000,0.000,0.000,0.000,0.000,0.000,0.000,0.000,0.000,0.000,0.000,0.000,0.000,0.000,0.000,0.000,0.000,0.000,0.000,0.000,0.000,0.000,0.000,0.000,0.000,0.000,0.000,0.000,0.000,0.000,0.000,0.000,0.000,0.000,0.000,0.000,0.000,2.837,0.000,0.000,2.837,0.000,0.000,0.000,0.000,0.000,0.000,0.000,0.000,2.837,,PRODUCTION,11.720
2024,2073WSMCLN568KI,110071071826,SMO CLINTON PLANT,5608 KIRBY RD,CLINTON,PRINCE GEORGE'S,MD,20735,,,38.783284,-76.910730,,STAR GROUP LP,NA,STAR GROUP LP,NA,,NA,NO,999,Other,,,,,,,457210,,,,,,1324223096708,Xylene (mixed isomers),NO,0001330207,1330-20-7,84970,YES,TRI,NO,Non_Metal,NO,NO,NO,A,Pounds,0.000,0.000,0.000,0.000,0.000,0.000,0.000,0.000,0.000,0.000,0.000,0.000,0.000,0.000,0.000,0.000,0.000,0.000,0.000,0.000,0.000,0.000,0.000,0.000,0.000,0.000,0.000,0.000,0.000,0.000,0.000,0.000,0.000,0.000,0.000,0.000,0.000,0.000,0.000,0.000,0.000,0.000,0.000,0.000,0.000,0.000,0.000,0.000,0.000,0.000,0.000,0.000,0.000,0.000,0.000,0.000,0.000,0.000,0.000,0.000,0.000,0.000,0.000,0.000,0.000,0.000,0.000,0.000,0.000,0.000,,0.000
2024,21230SHRWN2325H,110000340131,SHERWIN-WILLIAMS CO,2325 HOLLINS FERRY RD,BALTIMORE,BALTIMORE (CITY),MD,21230,,,39.263753,-76.642670,,THE SHERWIN-WILLIAMS CO,004206397,THE SHERWIN-WILLIAMS CO,NA,,NA,NO,325,Chemicals,,,,,,,325510,,,,,,1324223129040,Ethylbenzene,NO,0000100414,100-41-4,19406,YES,TRI,NO,Non_Metal,YES,NO,NO,R,Pounds,10.000,145.000,0.000,0.000,0.000,0.000,0.000,0.000,0.000,0.000,0.000,0.000,0.000,0.000,155.000,0.000,0.000,0.000,0.000,0.000,0.000,0.000,0.000,0.000,0.000,0.000,0.000,0.000,0.000,0.000,5.000,0.000,0.000,0.000,0.000,0.000,0.000,5.000,0.000,0.000,0.000,0.000,0.000,0.000,1111.000,0.000,1111.000,0.000,0.000,0.000,0.000,1.000,0.000,1.000,0.000,1117.000,160.000,0.000,0.000,155.000,5.000,0.000,0.000,1111.000,0.000,0.000,0.000,1.000,1272.000,,PRODUCTION,0.960
2024,21157GRFFT8SULL,110002341476,GRIFFITH ENERGY SERVICES INC BARE,8 SULLIVAN AVE,WESTMINSTER,CARROLL,MD,21157,,,39.588030,-76.996047,,STAR GROUP LP,NA,STAR GROUP LP,NA,,NA,NO,999,Other,,,,,,,457210,,,,,,1324223106206,Benzene,NO,0000071432,71-43-2,4754,YES,TRI,NO,Non_Metal,YES,NO,NO,A,Pounds,0.000,0.000,0.000,0.000,0.000,0.000,0.000,0.000,0.000,0.000,0.000,0.000,0.000,0.000,0.000,0.000,0.000,0.000,0.000,0.000,0.000,0.000,0.000,0.000,0.000,0.000,0.000,0.000,0.000,0.000,0.000,0.000,0.000,0.000,0.000,0.000,0.000,0.000,0.000,0.000,0.000,0.000,0.000,0.000,0.000,0.000,0.000,0.000,0.000,0.000,0.000,0.000,0.000,0.000,0.000,0.000,0.000,0.000,0.000,0.000,0.000,0.000,0.000,0.000,0.000,0.000,0.000,0.000,0.000,0.000,,0.000
2024,21795XRXSCRTE3B,110000340578,XERXES CORP,16404 ELLIOTT PKWY,WILLIAMSPORT,WASHINGTON,MD,21795,,,39.621017,-77.800995,,NA,,MATTR CORP USA,NA,,NA,NO,326,Plastics and Rubber,,,,,,,326199,,,,,,1324222864860,Styrene,NO,0000100425,100-42-5,19414,YES,TRI,NO,Non_Metal,YES,NO,NO,R,Pounds,0.000,114060.000,0.000,0.000,0.000,0.000,0.000,0.000,0.000,0.000,0.000,0.000,0.000,0.000,114060.000,0.000,0.000,0.000,0.000,0.000,0.000,0.000,0.000,0.000,0.000,0.000,0.000,0.000,0.000,0.000,0.000,0.000,0.000,0.000,0.000,0.000,0.000,0.000,0.000,0.000,0.000,0.000,0.000,0.000,0.000,0.000,0.000,0.000,0.000,0.000,0.000,0.000,0.000,0.000,0.000,0.000,114060.000,0.000,0.000,114060.000,0.000,0.000,0.000,0.000,0.000,0.000,0.000,0.000,114060.000,,PRODUCTION,1.040
2024,21237STLTN1101T,110002097132,INDEPENDENT CAN CO,1101 TODDS LN,ROSEDALE,BALTIMORE,MD,21237,,,39.322005,-76.499706,,NA,,INDEPENDENT CAN CO,NA,,NA,NO,332,Fabricated Metals,,,,,,,332431,,,,,,1324222686255,Copper,NO,0007440508,7440-50-8,150086,NO,TRI,YES,Elemental metals,NO,NO,NO,R,Pounds,331.000,0.000,0.000,0.000,0.000,0.000,0.000,0.000,0.000,0.000,0.000,0.000,0.000,0.000,331.000,0.000,0.000,0.000,0.000,0.000,0.000,0.000,0.000,0.000,0.000,0.000,0.000,0.000,0.000,0.000,0.000,0.000,0.000,0.000,0.000,0.000,0.000,0.000,0.000,0.000,0.000,0.000,613.000,613.000,0.000,0.000,0.000,0.000,0.000,0.000,0.000,0.000,0.000,0.000,0.000,613.000,331.000,0.000,0.000,331.000,0.000,0.000,0.000,0.000,0.000,613.000,0.000,0.000,944.000,,PRODUCTION,0.720
2024,21224BLDNG1500P,110001767464,BUILDING MATERIALS MANUFACTURING LLC,1500 S PONCA ST,BALTIMORE,BALTIMORE (CITY),MD,21224,,,39.276046,-76.554340,,G HOLDINGS INC,NA,G HOLDINGS INC,NA,,NA,NO,324,Petroleum,,,,,,,324122,,,,,,1324222526244,Copper compounds,NO,N100,N100,649491,NO,TRI,YES,Metal complound categories,NO,NO,NO,R,Pounds,0.013,0.002,0.000,0.000,0.000,0.000,0.000,0.000,0.000,0.000,0.000,0.000,0.000,0.000,0.015,0.000,0.000,0.000,0.000,0.000,0.000,0.000,0.000,0.000,0.000,0.000,0.000,0.000,0.000,0.000,0.200,0.000,0.000,0.000,0.000,0.000,0.000,0.200,0.000,0.000,0.000,0.000,0.000,0.000,0.000,0.000,0.000,0.000,0.000,0.000,0.000,0.000,0.000,0.000,0.000,0.200,0.215,0.000,0.000,0.015,0.200,0.000,0.000,0.000,0.000,0.000,0.000,0.000,0.215,,PRODUCTION,0.930
2024,21502SWRRR11600,110000551055,AES WARRIOR RUN INC,11600 MEXICO FARMS RD SE,CUMBERLAND,ALLEGANY,MD,21502,,,39.598758,-78.744078,,AES CORP,043857812,AES CORP,NA,,NA,NO,2211,Electric Utilities,,,,,,,221112,,,,,,1324222610192,"Sulfuric acid (acid aerosols including mists, vapors, gas, fog, and other airborne forms of any particle size)",NO,0007664939,7664-93-9,152405,NO,TRI,NO,Non_Metal,NO,NO,NO,R,Pounds,28.000,3839.000,0.000,0.000,0.000,0.000,0.000,0.000,0.000,0.000,0.000,0.000,0.000,0.000,3867.000,0.000,0.000,0.000,0.000,0.000,0.000,0.000,0.000,0.000,0.000,0.000,0.000,0.000,0.000,0.000,0.000,0.000,0.000,0.000,0.000,0.000,0.000,0.000,0.000,0.000,0.000,0.000,0.000,0.000,0.000,0.000,0.000,0.000,0.000,0.000,0.000,0.000,0.000,0.000,0.000,0.000,3867.000,0.000,0.000,3867.000,0.000,0.000,0.000,0.000,0.000,0.000,129718.000,0.000,133585.000,,PRODUCTION,0.500
2024,21224GLDBN2301S,110001251797,GOLD BOND BUILDING PRODUCTS - BALTIMORE,2301 S NEWKIRK ST,BALTIMORE,BALTIMORE (CITY),MD,21224,,,39.265546,-76.555299,,SPANGLER COS INC,055165518,SPANGLER COS INC,NA,,NA,NO,327,Nonmetallic Mineral Product,,,,,,,327420,,,,,,1324222853867,Manganese,NO,0007439965,7439-96-5,149625,YES,TRI,YES,Elemental metals,NO,NO,NO,R,Pounds,0.450,2.250,0.000,0.000,0.000,0.000,0.000,0.000,0.000,0.000,0.000,0.000,0.000,0.000,2.700,0.000,0.000,0.000,0.000,0.000,0.000,0.000,0.000,0.000,0.000,0.000,0.000,0.000,0.000,0.000,1168.950,0.000,0.000,0.000,0.000,0.000,0.000,1168.950,0.000,0.000,0.000,0.000,0.000,0.000,0.000,0.000,0.000,0.000,0.000,0.000,0.000,0.000,0.000,0.000,0.000,1168.950,1171.650,0.000,0.000,2.700,1168.950,0.000,0.000,0.000,0.000,0.000,0.000,0.000,1171.650,,PRODUCTION,0.990
2024,2180WTRNTY21KIL,110071440424,TRINITY STERILE,201 KILEY DR,SALISBURY,WICOMICO,MD,21801,,,38.402217,-75.572715,,NA,,NA,NA,,NA,NO,999,Other,,,,,,,423450,,,,,,1324222699769,Ethylene oxide,NO,0000075218,75-21-8,5405,YES,TRI,NO,Non_Metal,YES,NO,NO,R,Pounds,250.000,0.478,0.000,0.000,0.000,0.000,0.000,0.000,0.000,0.000,0.000,0.000,0.000,0.000,250.478,0.000,0.000,0.000,0.000,0.000,0.000,0.000,0.000,0.000,0.000,0.000,0.000,0.000,0.000,0.000,0.000,0.000,0.000,0.000,0.000,0.000,0.000,0.000,0.000,0.000,0.000,0.000,0.000,0.000,0.000,0.000,0.000,0.000,0.000,0.000,0.000,0.000,0.000,0.000,0.000,0.000,250.478,0.000,0.000,250.478,0.000,0.000,0.000,0.000,0.000,0.000,0.000,0.000,250.478,,PRODUCTION,0.970
2024,21226WRGRC5500C,110000867214,GRACE DAVISON-CURTIS BAY WORKS,5500 CHEMICAL RD,BALTIMORE,BALTIMORE (CITY),MD,21226,,,39.212538,-76.567648,,W R GRACE & CO,001367846,W R GRACE & CO,NA,,NA,NO,325,Chemicals,,,,,,,325180,,,,,,1324223192081,Nitrate compounds (water dissociable; reportable only when in aqueous solution),NO,N511,N511,649616,NO,TRI,NO,May contain metal,NO,NO,NO,R,Pounds,0.000,0.000,48713.000,0.000,0.000,0.000,0.000,0.000,1223.000,0.000,0.000,0.000,0.000,0.000,49936.000,0.000,0.000,0.000,0.000,0.000,0.000,0.000,0.000,0.000,0.000,0.000,0.000,0.000,0.000,0.000,0.000,0.000,0.000,0.000,0.000,0.000,0.000,0.000,0.000,0.000,0.000,0.000,0.000,0.000,0.000,0.000,0.000,0.000,0.000,0.000,0.000,0.000,0.000,0.000,0.000,0.000,49936.000,0.000,1223.000,48713.000,0.000,0.000,0.000,0.000,0.000,0.000,0.000,0.000,49936.000,,PRODUCTION,0.960
2024,21740MCKTR1999P,110000340391,MACK TRUCKS INC,13302 PENNSYLVANIA AVE,HAGERSTOWN,WASHINGTON,MD,21742,,,39.678469,-77.720055,,VOLVO GROUP,NA,VOLVO GROUP,AB VOLVO,353952559,AB VOLVO,NO,336,Transportation Equipment,,,,,,,336350,,,,,,1324223221730,Nickel,NO,0007440020,7440-02-0,149674,YES,TRI,YES,Elemental metals,YES,NO,NO,R,Pounds,0.110,0.210,0.000,0.000,0.000,0.000,0.000,0.000,0.000,0.000,0.000,0.000,0.000,0.000,0.320,43.670,0.000,43.670,0.000,0.000,0.770,0.000,0.000,0.000,0.000,0.000,0.000,0.000,0.000,0.000,0.000,0.000,0.000,0.000,0.000,329.000,0.000,373.440,0.000,0.000,0.000,0.000,37044.000,37044.000,0.000,0.000,0.000,0.000,0.000,0.000,0.000,0.000,0.000,0.000,0.000,37417.440,373.760,0.000,0.000,0.320,16.595,356.845,0.000,0.000,0.000,37044.000,0.000,0.000,37417.760,,PRODUCTION,1.020
2024,2178WVPCNC5151A,110001276333,EVAPCO INC-TANEYTOWN,5151 ALLENDALE LANE,TANEYTOWN,CARROLL,MD,21787,,,39.653227,-77.180614,,EVAPCO INC,080546625,EVAPCO INC,NA,,NA,NO,333,Machinery,,,,,,,333415,,,,,,1324222829057,Nickel,NO,0007440020,7440-02-0,149674,YES,TRI,YES,Elemental metals,YES,NO,NO,R,Pounds,5.000,0.000,0.000,0.000,0.000,0.000,0.000,0.000,0.000,0.000,0.000,0.000,0.000,0.000,5.000,0.000,0.000,0.000,0.000,0.000,0.000,0.000,0.000,0.000,0.000,0.000,0.000,0.000,0.000,0.000,18.000,0.000,0.000,0.000,0.000,0.000,0.000,18.000,0.000,0.000,0.000,0.000,37000.000,37000.000,0.000,0.000,0.000,0.000,0.000,0.000,0.000,0.000,0.000,0.000,0.000,37018.000,23.000,0.000,0.000,5.000,18.000,0.000,0.000,0.000,0.000,37000.000,0.000,0.000,37023.000,,PRODUCTION,1.000
2024,2107WNRTHR715TR,,NORTHROP GRUMMAN SYSTEMS CORP. - TROY HILL 4,7150 TROY HILL DR - SUITE 500,ELKRIDGE,HOWARD,MD,21075,,,39.198079,-76.751358,,NORTHROP GRUMMAN CORP,008255408,NORTHROP GRUMMAN CORP,NA,,NA,NO,334,Computers and Electronic Products,,,,,,,334511,,,,,,1324223060334,Lead,NO,0007439921,7439-92-1,149583,NO,PBT,YES,Elemental metals,YES,YES,NO,R,Pounds,0.067,0.031,0.000,0.000,0.000,0.000,0.000,0.000,0.000,0.000,0.000,0.000,0.000,0.000,0.098,0.164,0.000,0.164,0.000,0.000,0.000,0.000,0.000,0.000,0.000,0.000,0.000,0.000,0.000,0.000,0.000,0.006,0.000,0.000,0.000,0.000,0.000,0.170,0.000,0.000,0.000,0.000,0.000,0.000,0.000,0.000,0.000,0.000,0.000,0.000,0.000,0.000,0.000,0.000,0.000,0.170,0.268,0.000,0.000,0.098,0.109,0.061,0.000,0.000,0.000,0.000,0.000,0.000,0.268,,,
2024,21222TNMCC2300E,110000339820,TNEMEC CO INC,2300 EDGEWATER AVE,BALTIMORE,BALTIMORE (CITY),MD,21222,,,39.261900,-76.535417,,TNEMEC CO INC,077410538,TNEMEC CO INC,NA,,NA,NO,325,Chemicals,,,,,,,325510,,,,,,1324222732226,Ethylbenzene,NO,0000100414,100-41-4,19406,YES,TRI,NO,Non_Metal,YES,NO,NO,R,Pounds,25.000,8266.000,0.000,0.000,0.000,0.000,0.000,0.000,0.000,0.000,0.000,0.000,0.000,0.000,8291.000,0.000,0.000,0.000,0.000,0.000,0.000,0.000,0.000,0.000,0.000,0.000,0.000,0.000,0.000,0.000,0.000,0.000,0.000,0.000,0.000,0.000,0.000,0.000,0.000,0.000,0.000,0.000,0.000,0.000,0.000,0.000,0.000,0.000,0.000,0.000,0.000,0.000,0.000,0.000,0.000,0.000,8291.000,0.000,0.000,8291.000,0.000,0.000,0.000,0.000,5048.000,0.000,0.000,0.000,13339.000,,PRODUCTION,1.180
2024,21226CHMTL711PI,110000867036,VIBRANTZ SPECIALTY PRODUCTS LLC,610 PITTMAN RD,BALTIMORE,ANNE ARUNDEL,MD,21226,,,39.194777,-76.564171,,VIBRANTZ TECHNOLOGIES INC,080520213,VIBRANTZ TECHNOLOGIES INC,NA,,NA,NO,325,Chemicals,,,,,,,325180,,,,,,1324223034531,Mercury,NO,0007439976,7439-97-6,149633,YES,PBT,YES,Elemental metals,NO,YES,NO,R,Pounds,0.000,0.000,0.000,0.000,0.000,0.000,0.000,0.000,0.000,0.000,0.000,0.000,0.000,0.000,0.000,0.000,0.000,0.000,0.000,0.321,0.000,0.000,0.000,0.000,0.000,0.000,0.000,0.000,0.000,0.000,0.000,0.000,0.000,0.000,0.000,0.000,0.000,0.321,0.000,0.000,0.000,0.000,0.000,0.000,0.000,0.000,0.000,0.000,0.000,0.000,0.000,0.000,0.000,0.000,0.000,0.321,0.321,0.000,0.000,0.000,0.000,0.321,0.000,0.000,0.000,0.000,0.000,0.000,0.321,,PRODUCTION,0.850
2024,21078TNNRN175CL,110031018645,TANNER INDUSTRIES INC,1750 CLARK RD,HAVRE DE GRACE,HARFORD,MD,21078,,,39.532518,-76.110933,,TANNER INDUSTRIES INC,039026802,TANNER INDUSTRIES INC,NA,,NA,NO,4246,Chemical Wholesalers,,,,,,,424690,,,,,,1324222635207,Ammonia,NO,0007664417,7664-41-7,152389,NO,TRI,NO,Non_Metal,NO,NO,NO,R,Pounds,2090.000,0.000,0.000,0.000,0.000,0.000,0.000,0.000,0.000,0.000,0.000,0.000,0.000,0.000,2090.000,0.000,0.000,0.000,0.000,0.000,0.000,0.000,0.000,0.000,0.000,0.000,0.000,0.000,0.000,0.000,0.000,0.000,0.000,0.000,0.000,0.000,0.000,0.000,0.000,0.000,0.000,0.000,0.000,0.000,0.000,0.000,0.000,0.000,0.000,0.000,0.000,0.000,0.000,0.000,0.000,0.000,2090.000,0.000,0.000,2090.000,0.000,0.000,0.000,0.000,0.000,0.000,0.000,0.000,2090.000,,ACTIVITY,0.980
2024,2111WLDCST25CNW,110070813761,OLDCASTLE APG MID-ATLANTIC CROFTON MD,2500 CONWAY RD,ODENTON,ANNE ARUNDEL,MD,21113,,,39.020100,-76.696739,,CRH AMERICAS INC,037176591,CRH AMERICAS INC,NA,,CRH PUBLIC LTD CO,NO,327,Nonmetallic Mineral Product,,,,,,,327999,,,,,,1324222687509,Mercury,NO,0007439976,7439-97-6,149633,YES,PBT,YES,Elemental metals,NO,YES,NO,R,Pounds,0.000,0.000,0.001,0.000,0.000,0.000,0.000,0.000,0.000,0.000,0.000,0.000,0.000,0.000,0.001,0.000,0.000,0.000,0.000,0.000,0.000,0.000,0.000,0.000,0.000,0.000,0.000,0.000,0.000,0.000,0.000,0.000,0.000,0.000,0.000,0.000,0.000,0.000,0.000,0.000,0.000,0.000,0.000,0.000,0.000,0.000,0.000,0.000,0.000,0.000,0.000,0.000,0.000,0.000,0.000,0.000,0.001,0.000,0.000,0.001,0.000,0.000,0.000,0.000,0.000,0.000,0.000,0.000,0.001,,PRODUCTION,1.030
2024,21005BRDNPSTEAP,110017936117,U.S. ARMY ABERDEEN PROVING GROUND,IMNE APG PWE BLDG 4304,ABERDEEN PROVING GROUND,HARFORD,MD,21005,,,39.494710,-76.146541,,US DEPARTMENT OF DEFENSE,NA,US DEPARTMENT OF DEFENSE,,,NA,YES,999,Other,,,,,,,928110,,,,,,1324222527792,Lead,NO,0007439921,7439-92-1,149583,NO,PBT,YES,Elemental metals,YES,YES,NO,R,Pounds,0.000,0.000,0.000,0.000,0.000,0.000,0.000,0.000,0.000,0.000,0.000,0.000,0.000,6256.000,6256.000,0.000,0.000,0.000,0.000,0.000,0.000,0.000,0.000,0.000,0.000,0.000,0.000,0.000,0.000,0.000,0.000,0.000,0.000,0.000,0.000,0.000,0.000,0.000,0.000,0.000,0.000,0.000,0.000,0.000,0.000,0.000,0.000,0.000,0.000,0.000,0.000,0.000,0.000,0.000,0.000,0.000,6256.000,0.000,0.000,6256.000,0.000,0.000,0.000,0.000,0.000,0.000,0.000,0.000,6256.000,,ACTIVITY,0.540
2024,2106WSMGLN74BAL,110071071805,SMO GLEN BURNIE PLANT,7400 BALTIMORE ANNAPOLIS BLVD,GLEN BURNIE,ANNE ARUNDEL,MD,21061,,,39.170012,-76.630366,,STAR GROUP LP,NA,STAR GROUP LP,NA,,NA,NO,999,Other,,,,,,,457210,,,,,,1324223097193,Xylene (mixed isomers),NO,0001330207,1330-20-7,84970,YES,TRI,NO,Non_Metal,NO,NO,NO,A,Pounds,0.000,0.000,0.000,0.000,0.000,0.000,0.000,0.000,0.000,0.000,0.000,0.000,0.000,0.000,0.000,0.000,0.000,0.000,0.000,0.000,0.000,0.000,0.000,0.000,0.000,0.000,0.000,0.000,0.000,0.000,0.000,0.000,0.000,0.000,0.000,0.000,0.000,0.000,0.000,0.000,0.000,0.000,0.000,0.000,0.000,0.000,0.000,0.000,0.000,0.000,0.000,0.000,0.000,0.000,0.000,0.000,0.000,0.000,0.000,0.000,0.000,0.000,0.000,0.000,0.000,0.000,0.000,0.000,0.000,0.000,,0.000
2024,21226LCLCX3440F,110000867321,SOLVAY USA LLC,3440 FAIRFIELD RD,BALTIMORE,BALTIMORE (CITY),MD,21226,,,39.233914,-76.576864,,SYENSQO HOLDING INC,874748937,SYENSQO HOLDING INC,SYENSQO SA,372787070,SYENSQO SA,NO,325,Chemicals,,,,,,,325613,325199,,,,,1324223130954,n-Butyl alcohol,NO,0000071363,71-36-3,4739,NO,TRI,NO,Non_Metal,NO,NO,NO,R,Pounds,1.000,3.000,0.000,0.000,0.000,0.000,0.000,0.000,0.000,0.000,0.000,0.000,0.000,0.000,4.000,3.440,39.560,43.000,0.000,0.000,0.000,0.000,0.000,0.000,0.000,0.000,0.000,0.000,0.000,0.000,0.000,0.000,0.000,0.000,0.000,0.000,0.000,3.440,0.000,0.000,0.000,0.000,0.000,0.000,0.000,0.000,0.000,0.000,0.000,0.000,0.000,0.000,0.000,39.560,0.000,43.000,7.440,0.000,0.000,4.000,0.000,3.440,0.000,0.000,0.000,0.000,43.000,39.560,90.000,,PRODUCTION,10.010
2024,21226BLTMR2400P,110008432650,GLOBAL BALTIMORE TERMINAL,2400 PETROLIA AVE,BALTIMORE,BALTIMORE (CITY),MD,21226,,,39.235628,-76.564811,,GLOBAL PARTNERS LP,061167842,GLOBAL PARTNERS LP,NA,,NA,NO,4247,Petroleum Bulk Terminals,,,,,,,424710,,,,,,1324223180237,Lead compounds,NO,N420,N420,650002,YES,PBT,YES,Metal complound categories,NO,YES,NO,R,Pounds,0.000,0.000,0.000,0.000,0.000,0.000,0.000,0.000,0.000,0.000,0.000,0.000,0.000,0.000,0.000,0.000,0.000,0.000,0.000,0.000,0.000,0.000,0.000,0.000,0.000,0.000,0.000,0.000,0.000,0.000,0.000,0.000,0.000,0.000,0.000,13.502,0.000,13.502,0.000,0.000,0.000,0.000,0.000,0.000,0.000,0.000,0.000,0.000,0.000,0.000,0.000,0.000,0.000,0.000,0.000,13.502,13.502,0.000,0.000,0.000,0.000,13.502,0.000,0.000,0.000,0.000,0.000,0.000,13.502,,ACTIVITY,1.000
2024,20794HNSNP797WA,110001250716,CONCRETE PIPE & PRECAST LLC - JESSUP PLANT,7970 WATERLOO RD,JESSUP,HOWARD,MD,20794,,,39.155031,-76.778516,,NA,,CONCRETE PIPE & PRECAST LLC,NA,,NA,NO,327,Nonmetallic Mineral Product,,,,,,,327332,,,,,,1324222589297,Lead,NO,0007439921,7439-92-1,149583,NO,PBT,YES,Elemental metals,YES,YES,NO,R,Pounds,0.000,214.640,0.000,0.000,0.000,0.000,0.000,0.000,0.000,0.000,0.000,0.000,0.000,0.000,214.640,0.000,0.000,0.000,0.000,0.000,0.000,0.000,0.000,0.000,0.000,0.000,0.000,0.000,0.000,0.000,0.000,0.000,0.000,0.000,0.000,0.000,0.000,0.000,0.000,0.000,0.000,0.000,0.000,0.000,0.000,0.000,0.000,0.000,0.000,0.000,0.000,0.000,0.000,0.000,0.000,0.000,214.640,0.000,0.000,214.640,0.000,0.000,0.000,0.000,0.000,0.000,0.000,0.000,214.640,,ACTIVITY,1.550
2024,2122WFLVRF883KE,110001771716,FLAVOR & FRAGRANCE SPECIALTIES,8803 KELSO DRIVE,ESSEX,BALTIMORE,MD,21221,,,39.334989,-76.474663,,NA,,NA,LUCTA,NA,LUCTA,NO,311,Food,,,,,,,311930,,,,,,1324223054735,"1,3,4,6,7,8-Hexahydro-4,6,6,7,8,8-hexamethylcyclopenta[g]-2-benzopyran",NO,0001222055,1222-05-5,81414,NO,PBT,NO,Non_Metal,NO,YES,NO,R,Pounds,0.000,0.000,0.000,0.000,0.000,0.000,0.000,0.000,0.000,0.000,0.000,0.000,0.000,0.000,0.000,0.000,0.000,0.000,0.000,0.000,0.000,0.000,0.000,0.000,0.000,0.000,0.000,0.000,0.000,0.000,0.000,0.000,0.000,0.000,0.000,0.000,28.499,28.499,0.000,0.000,0.000,0.000,0.000,0.000,46.174,0.000,46.174,0.000,0.000,0.000,0.000,0.000,0.000,0.000,0.000,74.673,28.499,0.000,0.000,0.000,0.000,28.499,0.000,46.174,0.000,0.000,0.000,0.000,74.673,,ACTIVITY,0.370
2024,21701GRFFT200ES,110000340337,GRIFFITH ENERGY SERVICES INC FREDERICK BULK PLANT,200 E S ST,FREDERICK,FREDERICK,MD,21701,,,39.431278,-77.391821,,STAR GAS PARTNERS LP,NA,STAR GROUP LP,NA,,NA,NO,999,Other,,,,,,,457210,,,,,,1324223119443,Cyclohexane,NO,0000110827,110-82-7,27003,NO,TRI,NO,Non_Metal,NO,NO,NO,A,Pounds,0.000,0.000,0.000,0.000,0.000,0.000,0.000,0.000,0.000,0.000,0.000,0.000,0.000,0.000,0.000,0.000,0.000,0.000,0.000,0.000,0.000,0.000,0.000,0.000,0.000,0.000,0.000,0.000,0.000,0.000,0.000,0.000,0.000,0.000,0.000,0.000,0.000,0.000,0.000,0.000,0.000,0.000,0.000,0.000,0.000,0.000,0.000,0.000,0.000,0.000,0.000,0.000,0.000,0.000,0.000,0.000,0.000,0.000,0.000,0.000,0.000,0.000,0.000,0.000,0.000,0.000,0.000,0.000,0.000,0.000,,0.000
2024,21040LDCST141TR,110014457355,OLDCASTLE PRECAST INC,1401 TRIMBLE RD,EDGEWOOD,HARFORD,MD,21040,,,39.415355,-76.319948,,CRH AMERICAS INC,037176591,CRH AMERICAS INC,CRH PLC,NA,CRH PUBLIC LTD CO,NO,327,Nonmetallic Mineral Product,,,,,,,327390,,,,,,1324222576807,Lead compounds,NO,N420,N420,650002,YES,PBT,YES,Metal complound categories,NO,YES,NO,R,Pounds,0.000,0.002,0.450,0.000,0.000,0.000,0.000,0.000,0.000,0.000,0.000,0.000,0.670,24.000,25.122,0.000,0.000,0.000,0.000,0.000,0.000,0.000,0.000,0.000,0.000,0.000,0.000,0.000,0.000,0.000,0.000,0.000,0.000,0.000,0.000,0.000,0.000,0.000,0.000,0.000,24.000,0.000,0.000,24.000,0.000,0.000,0.000,0.000,0.000,0.000,0.000,0.000,0.000,0.000,0.000,24.000,25.122,0.000,0.000,25.122,0.000,0.000,0.000,0.000,0.000,24.000,0.000,0.000,49.122,,PRODUCTION,0.200
2024,20707LRLRD5501V,110008055013,SCHUSTER CONCRETE READY MIX LLC-VAN DUSEN RD,5501 VAN DUSEN RD,LAUREL,PRINCE GEORGE'S,MD,20707,,,39.080545,-76.918944,,SCHUSTER CONCRETE READY MIX LLC,NA,SCHUSTER CONCRETE READY MIX LLC,NA,,NA,NO,327,Nonmetallic Mineral Product,,,,,,,327320,,,,,,1324222430769,Chromium compounds (except for chromite ore mined in the Transvaal Region),NO,N090,N090,649475,YES,TRI,YES,Metal complound categories,NO,NO,NO,A,Pounds,0.000,0.000,0.000,0.000,0.000,0.000,0.000,0.000,0.000,0.000,0.000,0.000,0.000,0.000,0.000,0.000,0.000,0.000,0.000,0.000,0.000,0.000,0.000,0.000,0.000,0.000,0.000,0.000,0.000,0.000,0.000,0.000,0.000,0.000,0.000,0.000,0.000,0.000,0.000,0.000,0.000,0.000,0.000,0.000,0.000,0.000,0.000,0.000,0.000,0.000,0.000,0.000,0.000,0.000,0.000,0.000,0.000,0.000,0.000,0.000,0.000,0.000,0.000,0.000,0.000,0.000,0.000,0.000,0.000,0.000,,0.000
2024,21402SDDNS58BEN,110039498987,US DOD NSA ANNAPOLIS,58 BENNION RD,ANNAPOLIS,ANNE ARUNDEL,MD,21402,,,38.987250,-76.466752,,NA,,US DEPARTMENT OF DEFENSE,,,NA,YES,999,Other,,,,,,,611310,928110,,,,,1324222467449,Lead,NO,0007439921,7439-92-1,149583,NO,PBT,YES,Elemental metals,YES,YES,NO,R,Pounds,0.720,0.095,0.000,0.000,0.000,0.000,0.000,0.000,0.000,0.000,0.000,0.000,0.000,1491.030,1491.845,0.000,0.000,0.000,0.000,0.000,0.000,0.000,0.000,0.000,0.000,0.000,0.000,0.000,0.000,0.000,0.000,480.000,0.000,0.000,0.000,0.000,0.000,480.000,0.000,0.000,0.000,0.000,0.000,0.000,0.000,0.000,0.000,0.000,0.000,0.000,0.000,0.000,0.000,0.000,0.000,480.000,1971.845,0.000,0.000,1491.845,480.000,0.000,0.000,0.000,0.000,0.000,0.000,0.000,1971.845,,ACTIVITY,0.340
2024,2111WSCHST3713C,110070007399,SCHUSTER CONCRETE READY MIX LLC-CRONDALL LN,3713 CRONDALL LN - BALTIMORE COUNTY,OWINGS MILLS,BALTIMORE,MD,21117,,,39.433980,-76.779008,,SCHUSTER CONCRETE READY MIX LLC,NA,SCHUSTER CONCRETE READY MIX LLC,NA,,NA,NO,327,Nonmetallic Mineral Product,,,,,,,327320,,,,,,1324222431330,Lead,NO,0007439921,7439-92-1,149583,NO,PBT,YES,Elemental metals,YES,YES,NO,R,Pounds,0.000,0.032,0.000,0.000,0.000,0.000,0.000,0.000,0.000,0.000,0.000,0.000,0.000,0.000,0.032,0.000,0.000,0.000,0.000,0.000,0.000,0.000,0.000,0.000,0.000,0.000,0.000,0.000,0.000,0.000,0.000,0.000,0.000,0.000,0.000,0.000,0.000,0.000,0.000,0.000,0.000,0.000,0.000,0.000,0.000,0.000,0.000,0.000,0.000,0.000,0.000,0.000,0.000,0.000,0.000,0.000,0.032,0.000,0.000,0.032,0.000,0.000,0.000,0.000,0.000,0.000,0.000,0.000,0.032,,PRODUCTION,0.830
2024,21213CLNDN4309E,110000339660,CLENDENIN BROTHERS INC,4309 ERDMAN AVE,BALTIMORE,BALTIMORE (CITY),MD,21213,,,39.311571,-76.565920,,NA,,NA,NA,,NA,NO,332,Fabricated Metals,,,,,,,332722,,,,,,1324222623884,Chromium,NO,0007440473,7440-47-3,150060,YES,TRI,YES,Elemental metals,NO,NO,NO,R,Pounds,0.000,0.000,0.000,0.000,0.000,0.000,0.000,0.000,0.000,0.000,0.000,0.000,0.000,0.000,0.000,0.900,0.000,0.900,0.000,0.000,0.000,0.000,0.000,0.000,0.000,0.000,0.000,0.000,0.000,0.000,0.000,0.000,0.000,0.000,0.000,0.000,0.000,0.900,0.000,0.000,0.000,0.000,11761.000,11761.000,0.000,0.000,0.000,0.000,0.000,0.000,0.000,0.000,0.000,0.000,0.000,11761.900,0.900,0.000,0.000,0.000,0.684,0.216,0.000,0.000,0.000,11761.000,0.000,0.000,11761.900,,PRODUCTION,0.970
2024,21220TLLYC501CH,110019855192,TILLEY DISTRIBUTION,501 CHESAPEAKE PARK PLAZA,MIDDLE RIVER,BALTIMORE,MD,21220,,,39.327018,-76.428022,,SK TILLEY HOLDING LP,NA,SK TILLEY HOLDING LP,NA,,NA,NO,4246,Chemical Wholesalers,,,,,,,424690,,,,,,1324222417141,Certain glycol ethers,NO,N230,N230,649541,YES,TRI,NO,May contain metal,NO,NO,NO,A,Pounds,0.000,0.000,0.000,0.000,0.000,0.000,0.000,0.000,0.000,0.000,0.000,0.000,0.000,0.000,0.000,0.000,0.000,0.000,0.000,0.000,0.000,0.000,0.000,0.000,0.000,0.000,0.000,0.000,0.000,0.000,0.000,0.000,0.000,0.000,0.000,0.000,0.000,0.000,0.000,0.000,0.000,0.000,0.000,0.000,0.000,0.000,0.000,0.000,0.000,0.000,0.000,0.000,0.000,0.000,0.000,0.000,0.000,0.000,0.000,0.000,0.000,0.000,0.000,0.000,0.000,0.000,0.000,0.000,0.000,0.000,,0.000
2024,20794LTSPC7151M,110000339269,ELITE SPICE INC.,7151 MONTEVIDEO RD,JESSUP,HOWARD,MD,20794,,,39.174072,-76.776287,,ELITE SPICE INC,182893370,ELITE SPICE INC,NA,,NA,NO,311,Food,,,,,,,311942,,,,,,1324223079447,Propylene oxide,NO,0000075569,75-56-9,5660,YES,TRI,NO,Non_Metal,YES,NO,NO,R,Pounds,86.000,206.000,0.000,0.000,0.000,0.000,0.000,0.000,0.000,0.000,0.000,0.000,0.000,0.000,292.000,0.000,0.000,0.000,0.000,0.000,0.000,0.000,0.000,0.000,0.000,0.000,0.000,0.000,0.000,0.000,0.000,0.000,0.000,0.000,0.000,0.000,0.000,0.000,0.000,0.000,0.000,0.000,0.000,0.000,0.000,0.000,0.000,0.000,0.000,0.000,0.000,0.000,0.000,0.000,0.000,0.000,292.000,0.000,0.000,292.000,0.000,0.000,0.000,0.000,0.000,0.000,69000.000,0.000,69292.000,,ACTIVITY,1.100
2024,21502SWRRR11600,110000551055,AES WARRIOR RUN INC,11600 MEXICO FARMS RD SE,CUMBERLAND,ALLEGANY,MD,21502,,,39.598758,-78.744078,,AES CORP,043857812,AES CORP,NA,,NA,NO,2211,Electric Utilities,,,,,,,221112,,,,,,1324222610180,Mercury  And Mercury Compounds,YES,N458,N458,650028,YES,PBT,YES,Metal complound categories,NO,YES,NO,R,Pounds,0.000,0.050,0.010,0.000,0.000,0.000,0.000,0.000,0.000,0.000,0.000,0.000,0.000,0.000,0.060,0.000,0.000,0.000,0.000,0.000,0.000,0.000,0.000,0.000,0.000,0.000,0.000,0.000,0.000,0.000,0.000,0.000,0.000,89.000,0.000,0.000,0.000,89.000,0.000,0.000,0.000,0.000,0.000,0.000,0.000,0.000,0.000,0.000,0.000,0.000,0.000,0.000,0.000,0.000,0.000,89.000,89.060,0.000,0.000,0.060,0.000,89.000,0.000,0.000,0.000,0.000,0.000,0.000,89.060,,PRODUCTION,0.500
2024,21701GRFFT200ES,110000340337,GRIFFITH ENERGY SERVICES INC FREDERICK BULK PLANT,200 E S ST,FREDERICK,FREDERICK,MD,21701,,,39.431278,-77.391821,,STAR GAS PARTNERS LP,NA,STAR GROUP LP,NA,,NA,NO,999,Other,,,,,,,457210,,,,,,1324223119328,Toluene,NO,0000108883,108-88-3,25452,YES,TRI,NO,Non_Metal,NO,NO,NO,A,Pounds,0.000,0.000,0.000,0.000,0.000,0.000,0.000,0.000,0.000,0.000,0.000,0.000,0.000,0.000,0.000,0.000,0.000,0.000,0.000,0.000,0.000,0.000,0.000,0.000,0.000,0.000,0.000,0.000,0.000,0.000,0.000,0.000,0.000,0.000,0.000,0.000,0.000,0.000,0.000,0.000,0.000,0.000,0.000,0.000,0.000,0.000,0.000,0.000,0.000,0.000,0.000,0.000,0.000,0.000,0.000,0.000,0.000,0.000,0.000,0.000,0.000,0.000,0.000,0.000,0.000,0.000,0.000,0.000,0.000,0.000,,0.000
2024,2120WSCHST3625E,110019905209,SCHUSTER CONCRETE READY MIX LLC-MONUMENT ST,3625 E MONUMENT ST,BALTIMORE,BALTIMORE (CITY),MD,21205,,,39.299362,-76.567795,,SCHUSTER CONCRETE READY MIX LLC,NA,SCHUSTER CONCRETE READY MIX LLC,NA,,NA,NO,327,Nonmetallic Mineral Product,,,,,,,327320,,,,,,1324222431076,Nitrate compounds (water dissociable; reportable only when in aqueous solution),NO,N511,N511,649616,NO,TRI,NO,May contain metal,NO,NO,NO,A,Pounds,0.000,0.000,0.000,0.000,0.000,0.000,0.000,0.000,0.000,0.000,0.000,0.000,0.000,0.000,0.000,0.000,0.000,0.000,0.000,0.000,0.000,0.000,0.000,0.000,0.000,0.000,0.000,0.000,0.000,0.000,0.000,0.000,0.000,0.000,0.000,0.000,0.000,0.000,0.000,0.000,0.000,0.000,0.000,0.000,0.000,0.000,0.000,0.000,0.000,0.000,0.000,0.000,0.000,0.000,0.000,0.000,0.000,0.000,0.000,0.000,0.000,0.000,0.000,0.000,0.000,0.000,0.000,0.000,0.000,0.000,,0.000
2024,21226BLTMR2400P,110008432650,GLOBAL BALTIMORE TERMINAL,2400 PETROLIA AVE,BALTIMORE,BALTIMORE (CITY),MD,21226,,,39.235628,-76.564811,,GLOBAL PARTNERS LP,061167842,GLOBAL PARTNERS LP,NA,,NA,NO,4247,Petroleum Bulk Terminals,,,,,,,424710,,,,,,1324223180264,Ethylbenzene,NO,0000100414,100-41-4,19406,YES,TRI,NO,Non_Metal,YES,NO,NO,R,Pounds,77.700,129.510,0.000,0.000,0.000,0.000,0.000,0.000,0.000,0.000,0.000,0.000,0.000,0.000,207.210,0.000,0.000,0.000,0.000,0.000,0.000,0.000,0.000,0.000,0.000,0.000,0.000,0.000,0.000,0.000,0.000,0.000,0.000,0.000,0.000,0.000,0.000,0.000,0.000,0.000,0.000,0.000,0.000,0.000,0.000,49.420,49.420,0.000,0.000,0.000,0.000,0.000,0.000,0.000,0.000,49.420,207.210,0.000,0.000,207.210,0.000,0.000,0.000,49.420,617.850,0.000,0.000,0.000,874.480,,ACTIVITY,1.000
2024,21740NDPNDSECUR,110000340408,HOLCIM(US) INC.,1260 SECURITY RD,HAGERSTOWN,WASHINGTON,MD,21742,,,39.650032,-77.689572,,HOLCIM PARTICIPATIONS (US) INC,081260273,HOLCIM PARTICIPATIONS (US) INC,HOLCIM LTD,NA,HOLCIM LTD,NO,327,Nonmetallic Mineral Product,,,,,,,327310,,,,,,1324223044823,Mercury,NO,0007439976,7439-97-6,149633,YES,PBT,YES,Elemental metals,NO,YES,NO,R,Pounds,0.010,11.810,0.000,0.000,0.000,0.000,0.000,0.000,0.000,0.000,0.000,0.000,0.000,0.000,11.820,0.000,0.000,0.000,0.000,0.000,0.000,0.000,0.000,0.000,0.000,0.000,0.000,0.000,0.000,0.000,0.000,0.000,0.000,0.000,0.000,0.000,0.000,0.000,0.000,0.000,0.000,0.000,0.000,0.000,0.000,0.000,0.000,0.000,0.000,0.000,0.000,0.000,0.000,0.000,0.000,0.000,11.820,0.000,0.000,11.820,0.000,0.000,0.000,0.000,0.000,0.000,0.000,0.000,11.820,,PRODUCTION,0.760
2024,21078MRCNC1300R,110012464001,CYTEC ENGINEERED INC,1300 REVOLUTION ST,HAVRE DE GRACE,HARFORD,MD,21078,,,39.536988,-76.112063,,SYENSQO HOLDING INC,874748937,SYENSQO HOLDING INC,SYENSQO SA,372787070,SYENSQO SA,NO,325,Chemicals,,,,,,,325520,,,,,,1324222915744,Toluene,NO,0000108883,108-88-3,25452,YES,TRI,NO,Non_Metal,NO,NO,NO,R,Pounds,0.000,23.000,0.000,0.000,0.000,0.000,0.000,0.000,0.000,0.000,0.000,0.000,0.000,0.000,23.000,0.000,0.000,0.000,0.000,0.000,0.000,0.000,0.000,0.000,0.000,0.000,0.000,0.000,0.000,0.000,0.000,0.000,0.000,0.000,0.000,0.000,0.000,0.000,6411.000,0.000,0.000,0.000,0.000,6411.000,0.000,0.000,0.000,0.000,30.000,0.000,0.000,0.000,0.000,30.000,0.000,6441.000,23.000,0.000,0.000,23.000,0.000,0.000,0.000,0.000,0.000,6411.000,430.000,30.000,6894.000,,PRODUCTION,0.950
2024,20785MRVMD5SCLU,110037071726,MARYLAND & VIRGINIA MILK PRODUCERS COOPERATIVE INC - LAND,1805 S CLUB DR,HYATTSVILLE,PRINCE GEORGE'S,MD,20785,,,38.917883,-76.900692,,MD & VA MILK PRODUCERS COOPERATIVE INC,003239563,MD & VA MILK PRODUCERS COOPERATIVE INC,NA,,NA,NO,311,Food,,,,,,,311511,,,,,,1324223071628,Nitric acid,NO,0007697372,7697-37-2,152686,NO,TRI,NO,Non_Metal,NO,NO,NO,R,Pounds,0.000,0.000,0.000,0.000,0.000,0.000,0.000,0.000,0.000,0.000,0.000,0.000,0.000,0.000,0.000,0.000,0.000,0.000,0.000,0.000,0.000,0.000,0.000,0.000,0.000,0.000,0.000,0.000,0.000,0.000,0.000,0.000,0.000,0.000,0.000,0.000,0.000,0.000,0.000,0.000,0.000,0.000,0.000,0.000,0.000,0.000,0.000,0.000,0.000,0.000,0.000,0.000,0.000,0.000,0.000,0.000,0.000,0.000,0.000,0.000,0.000,0.000,0.000,0.000,0.000,0.000,13661.000,0.000,13661.000,,ACTIVITY,0.700
2024,21017NDPND1300B,110000869178,INDEPENDENT CAN CO,1300 BRASS MILL RD,BELCAMP,HARFORD,MD,21017,,,39.478749,-76.234951,,INDEPENDENT CAN CO,003070000,INDEPENDENT CAN CO,NA,,NA,NO,332,Fabricated Metals,,,,,,,332431,,,,,,1324222543439,"1,2,4-Trimethylbenzene",NO,0000095636,95-63-6,16261,NO,TRI,NO,Non_Metal,NO,NO,NO,R,Pounds,177.000,0.000,0.000,0.000,0.000,0.000,0.000,0.000,0.000,0.000,0.000,0.000,0.000,0.000,177.000,0.000,0.000,0.000,0.000,0.000,0.000,0.000,0.000,0.000,0.000,0.000,0.000,0.000,0.000,0.000,0.000,0.000,0.000,0.000,0.000,0.000,0.000,0.000,2168.000,0.000,0.000,0.000,0.000,2168.000,0.000,0.000,0.000,0.000,0.000,0.000,0.000,0.000,0.000,0.000,0.000,2168.000,177.000,0.000,0.000,177.000,0.000,0.000,0.000,0.000,0.000,2168.000,0.000,0.000,2345.000,,PRODUCTION,1.670
2024,21830LNGLFOLDRA,110056012826,LONG LIFE TREATED WOOD INC,8150 OLD RAILROAD RD,HEBRON,WICOMICO,MD,21830,,,38.422498,-75.697375,,NA,,NA,NA,,NA,NO,321,Wood Products,,,,,,,321114,,,,,,1324222693778,Arsenic compounds,NO,N020,N020,649418,YES,TRI,YES,Metal complound categories,YES,NO,NO,A,Pounds,0.000,0.000,0.000,0.000,0.000,0.000,0.000,0.000,0.000,0.000,0.000,0.000,0.000,0.000,0.000,0.000,0.000,0.000,0.000,0.000,0.000,0.000,0.000,0.000,0.000,0.000,0.000,0.000,0.000,0.000,0.000,0.000,0.000,0.000,0.000,0.000,0.000,0.000,0.000,0.000,0.000,0.000,0.000,0.000,0.000,0.000,0.000,0.000,0.000,0.000,0.000,0.000,0.000,0.000,0.000,0.000,0.000,0.000,0.000,0.000,0.000,0.000,0.000,0.000,0.000,0.000,0.000,0.000,0.000,0.000,,0.000
2024,21226BRNDN1000B,110038162902,BRANDON SHORES & WAGNER COMPLEX,3000 BRANDON SHORES RD,CURTIS BAY,ANNE ARUNDEL,MD,21226,,,39.178257,-76.541842,,TALEN ENERGY,078612047,TALEN ENERGY CORP,NA,,NA,NO,2211,Electric Utilities,,,,,,,221112,,,,,,1324222802237,Ammonia,NO,0007664417,7664-41-7,152389,NO,TRI,NO,Non_Metal,NO,NO,NO,R,Pounds,1723.000,7140.000,421.000,0.000,0.000,0.000,0.000,0.000,0.000,0.000,0.000,0.000,0.000,0.000,9284.000,0.000,0.000,0.000,0.000,0.000,0.000,0.000,0.000,0.000,0.000,0.000,0.000,0.000,0.000,0.000,0.000,0.000,0.000,0.000,0.000,0.000,0.000,0.000,0.000,0.000,0.000,0.000,0.000,0.000,0.000,0.000,0.000,0.000,0.000,0.000,0.000,0.000,0.000,0.000,0.000,0.000,9284.000,0.000,0.000,9284.000,0.000,0.000,0.000,0.000,0.000,0.000,3565627.000,0.000,3574911.000,,PRODUCTION,1.860
2024,20842NTRNP22301,110003510576,NEUTRON PRODUCTS INC.,22301 MOUNT EPHRAIM RD,DICKERSON,MONTGOMERY,MD,20842,,,39.220237,-77.421500,,NA,,NA,NA,,NA,NO,325,Chemicals,,,,,,,325211,,,,,,1324223124001,Acrylamide,NO,0000079061,79-06-1,7575,YES,TRI,NO,Non_Metal,YES,NO,NO,A,Pounds,0.000,0.000,0.000,0.000,0.000,0.000,0.000,0.000,0.000,0.000,0.000,0.000,0.000,0.000,0.000,0.000,0.000,0.000,0.000,0.000,0.000,0.000,0.000,0.000,0.000,0.000,0.000,0.000,0.000,0.000,0.000,0.000,0.000,0.000,0.000,0.000,0.000,0.000,0.000,0.000,0.000,0.000,0.000,0.000,0.000,0.000,0.000,0.000,0.000,0.000,0.000,0.000,0.000,0.000,0.000,0.000,0.000,0.000,0.000,0.000,0.000,0.000,0.000,0.000,0.000,0.000,0.000,0.000,0.000,0.000,,0.000
2024,21048MRYLN2914I,110023128747,MARYLAND PAVING INC,2914 INDUSTRIAL PARK DR,FINKSBURG,CARROLL,MD,21048,,,39.498633,-76.890260,,NA,,GRAY & SON INC,NA,,NA,NO,324,Petroleum,,,,,,,324121,,,,,,1324222999310,"Benzo[g,h,i]perylene",NO,0000191242,191-24-2,40576,YES,PBT,NO,Non_Metal,NO,YES,NO,R,Pounds,0.000,0.000,0.000,0.000,0.000,0.000,0.000,0.000,0.000,0.000,0.000,0.000,0.000,0.000,0.000,0.000,0.000,0.000,0.000,0.000,0.000,0.000,0.000,0.000,0.000,0.000,0.000,0.000,0.000,0.000,0.000,0.000,0.000,0.000,0.000,0.000,0.000,0.000,0.000,0.000,0.000,0.000,0.000,0.000,0.000,0.000,0.000,0.000,0.000,0.000,0.000,0.000,0.000,0.000,0.000,0.000,0.000,0.000,0.000,0.000,0.000,0.000,0.000,0.000,0.000,0.000,0.000,0.000,0.000,,PRODUCTION,0.960
2024,21835STRNSRFD1X,110000340685,DARLING INGREDIENTS INC.- LINKWOOD FACILITY,5420 LINKWOOD RD,LINKWOOD,DORCHESTER,MD,21835,,,38.561234,-75.934064,,DARLING INGREDIENTS INC,005092358,DARLING INGREDIENTS INC,NA,,NA,NO,311,Food,,,,,,,311613,,,,,,1324222409498,Ammonia,NO,0007664417,7664-41-7,152389,NO,TRI,NO,Non_Metal,NO,NO,NO,R,Pounds,0.000,2120.000,48.000,0.000,0.000,0.000,0.000,0.000,0.000,0.000,0.000,0.000,0.000,0.000,2168.000,0.000,0.000,0.000,0.000,0.000,0.000,0.000,0.000,0.000,0.000,0.000,0.000,0.000,0.000,0.000,0.000,0.000,25903.000,0.000,0.000,0.000,0.000,25903.000,0.000,0.000,0.000,0.000,0.000,0.000,0.000,0.000,0.000,0.000,0.000,0.000,0.000,0.000,0.000,0.000,0.000,25903.000,28071.000,0.000,0.000,2168.000,0.000,25903.000,0.000,0.000,0.000,0.000,15309.000,0.000,43380.000,,ACTIVITY,1.000
2024,2078WBLDNS28252,110043670284,BLADENSBURG READY MIX CONCRETE FACILITY,2820 52ND AVENUE,HYATTSVILLE,PRINCE GEORGE'S,MD,20781,,,38.926060,-76.930964,,HOLCIM PARTICIPATIONS (US) INC,081260273,HOLCIM PARTICIPATIONS (US) INC,HOLCIM LTD.,NA,HOLCIM LTD,NO,327,Nonmetallic Mineral Product,,,,,,,327320,,,,,,1324222798441,Nitrate compounds (water dissociable; reportable only when in aqueous solution),NO,N511,N511,649616,NO,TRI,NO,May contain metal,NO,NO,NO,A,Pounds,0.000,0.000,0.000,0.000,0.000,0.000,0.000,0.000,0.000,0.000,0.000,0.000,0.000,0.000,0.000,0.000,0.000,0.000,0.000,0.000,0.000,0.000,0.000,0.000,0.000,0.000,0.000,0.000,0.000,0.000,0.000,0.000,0.000,0.000,0.000,0.000,0.000,0.000,0.000,0.000,0.000,0.000,0.000,0.000,0.000,0.000,0.000,0.000,0.000,0.000,0.000,0.000,0.000,0.000,0.000,0.000,0.000,0.000,0.000,0.000,0.000,0.000,0.000,0.000,0.000,0.000,0.000,0.000,0.000,0.000,,0.000
2024,20755SDPTF9800S,110000796112,NATIONAL SECURITY AGENCY FIRING RANGE,9800 SAVAGE RD,FORT GEORGE G MEADE,ANNE ARUNDEL,MD,20755,,,39.108788,-76.772881,,US DEPARTMENT OF DEFENSE,NA,US DEPARTMENT OF DEFENSE,NA,,NA,YES,999,Other,,,,,,,928110,,,,,,1324222656163,Lead,NO,0007439921,7439-92-1,149583,NO,PBT,YES,Elemental metals,YES,YES,NO,R,Pounds,5.770,0.000,0.000,0.000,0.000,0.000,0.000,0.000,0.000,0.000,0.000,0.000,0.000,9613.000,9618.770,0.000,0.000,0.000,0.000,0.000,0.000,0.000,0.000,0.000,0.000,0.000,0.000,0.000,0.000,0.000,0.000,0.000,0.000,0.000,0.000,35.150,0.000,35.150,0.000,0.000,0.000,0.000,0.000,0.000,0.000,0.000,0.000,0.000,0.000,0.000,0.000,0.000,0.000,0.000,0.000,35.150,9653.920,0.000,0.000,9618.770,0.000,35.150,0.000,0.000,0.000,0.000,0.000,0.000,9653.920,,ACTIVITY,1.080
2024,21701GRFFT200ES,110000340337,GRIFFITH ENERGY SERVICES INC FREDERICK BULK PLANT,200 E S ST,FREDERICK,FREDERICK,MD,21701,,,39.431278,-77.391821,,STAR GAS PARTNERS LP,NA,STAR GROUP LP,NA,,NA,NO,999,Other,,,,,,,457210,,,,,,1324223119470,"1,2,4-Trimethylbenzene",NO,0000095636,95-63-6,16261,NO,TRI,NO,Non_Metal,NO,NO,NO,A,Pounds,0.000,0.000,0.000,0.000,0.000,0.000,0.000,0.000,0.000,0.000,0.000,0.000,0.000,0.000,0.000,0.000,0.000,0.000,0.000,0.000,0.000,0.000,0.000,0.000,0.000,0.000,0.000,0.000,0.000,0.000,0.000,0.000,0.000,0.000,0.000,0.000,0.000,0.000,0.000,0.000,0.000,0.000,0.000,0.000,0.000,0.000,0.000,0.000,0.000,0.000,0.000,0.000,0.000,0.000,0.000,0.000,0.000,0.000,0.000,0.000,0.000,0.000,0.000,0.000,0.000,0.000,0.000,0.000,0.000,0.000,,0.000
2024,21795CRTNTPOBOX,110000340505,CERTAINTEED CORP,10131 GOVERNOR LN BLVD,WILLIAMSPORT,WASHINGTON,MD,21795,,,39.592624,-77.806710,,COMPAGNIE DE SAINT GOBAIN,879321644,SAINT-GOBAIN CORP,COMPAGNIE DE SAINT GOBAIN,275133692,COMPAGNIE DE SAINT GOBAIN SA,NO,326,Plastics and Rubber,,,,,,,326199,,,,,,1324222421289,Manganese  And Manganese Compounds,YES,N450,N450,650010,YES,TRI,YES,Metal complound categories,NO,NO,NO,R,Pounds,0.000,0.000,0.000,0.000,0.000,0.000,0.000,0.000,0.000,0.000,0.000,0.000,0.000,0.000,0.000,0.000,0.000,0.000,0.000,0.000,0.000,0.000,0.000,0.000,0.000,0.000,0.000,0.000,0.000,0.000,0.000,0.000,0.000,0.000,0.000,0.000,0.000,0.000,0.000,0.000,0.000,0.000,0.000,0.000,0.000,0.000,0.000,0.000,0.000,0.000,0.000,0.000,0.000,0.000,0.000,0.000,0.000,0.000,0.000,0.000,0.000,0.000,0.000,0.000,0.000,0.000,0.000,0.000,0.000,,PRODUCTION,1.100
2024,2174WSCHST1SHER,110062900124,SCHUSTER CONCRETE READY MIX LLC-SHERMAN AVE,1000 SHERMAN AVE,HAGERSTOWN,WASHINGTON,MD,21740,,,39.630587,-77.738591,,SCHUSTER CONCRETE READY MIX LLC,NA,SCHUSTER CONCRETE READY MIX LLC,NA,,NA,NO,327,Nonmetallic Mineral Product,,,,,,,327320,,,,,,1324222431203,Chromium compounds (except for chromite ore mined in the Transvaal Region),NO,N090,N090,649475,YES,TRI,YES,Metal complound categories,NO,NO,NO,A,Pounds,0.000,0.000,0.000,0.000,0.000,0.000,0.000,0.000,0.000,0.000,0.000,0.000,0.000,0.000,0.000,0.000,0.000,0.000,0.000,0.000,0.000,0.000,0.000,0.000,0.000,0.000,0.000,0.000,0.000,0.000,0.000,0.000,0.000,0.000,0.000,0.000,0.000,0.000,0.000,0.000,0.000,0.000,0.000,0.000,0.000,0.000,0.000,0.000,0.000,0.000,0.000,0.000,0.000,0.000,0.000,0.000,0.000,0.000,0.000,0.000,0.000,0.000,0.000,0.000,0.000,0.000,0.000,0.000,0.000,0.000,,0.000
2024,21720FLTCN12129,110000340373,FIL-TEC INC,12129 MAPLEVILLE RD,SMITHSBURG,WASHINGTON,MD,21783,,,39.648743,-77.583548,,NA,,NA,NA,,NA,NO,313,Textiles,,,,,,,313310,,,,,,1324222606903,Methanol,NO,0000067561,67-56-1,4283,YES,TRI,NO,Non_Metal,NO,NO,NO,R,Pounds,270.000,6824.000,0.000,0.000,0.000,0.000,0.000,0.000,0.000,0.000,0.000,0.000,0.000,0.000,7094.000,0.000,0.000,0.000,0.000,0.000,0.000,0.000,0.000,0.000,0.000,0.000,0.000,0.000,0.000,0.000,0.000,0.000,0.000,0.000,0.000,0.000,0.000,0.000,0.000,0.000,0.000,0.000,0.000,0.000,26102.000,0.000,26102.000,0.000,0.000,0.000,0.000,0.000,0.000,0.000,0.000,26102.000,7094.000,0.000,0.000,7094.000,0.000,0.000,0.000,26102.000,0.000,0.000,0.000,0.000,33196.000,,ACTIVITY,1.000
2024,21643HRLCK37DEL,110000340319,PERDUE FOODS LLC - HURLOCK HATCHERY FEEDMILL & GRANARY,37 DELAWARE AVE,HURLOCK,DORCHESTER,MD,21643,,,38.628935,-75.870558,,PERDUE FARMS INC,022666820,PERDUE FARMS INC,NA,,NA,NO,311,Food,,,,,,,311119,,,,,,1324222591087,Manganese compounds,NO,N450,N450,650010,YES,TRI,YES,Metal complound categories,NO,NO,NO,A,Pounds,0.000,0.000,0.000,0.000,0.000,0.000,0.000,0.000,0.000,0.000,0.000,0.000,0.000,0.000,0.000,0.000,0.000,0.000,0.000,0.000,0.000,0.000,0.000,0.000,0.000,0.000,0.000,0.000,0.000,0.000,0.000,0.000,0.000,0.000,0.000,0.000,0.000,0.000,0.000,0.000,0.000,0.000,0.000,0.000,0.000,0.000,0.000,0.000,0.000,0.000,0.000,0.000,0.000,0.000,0.000,0.000,0.000,0.000,0.000,0.000,0.000,0.000,0.000,0.000,0.000,0.000,0.000,0.000,0.000,0.000,,0.000
2024,2100WHRFRD2225P,110006637979,HARFORD SYSTEMS LLC,2225 PULASKI HWY,ABERDEEN,HARFORD,MD,21001,,,39.524675,-76.138463,,NA,,NA,NA,,NA,NO,332,Fabricated Metals,,,,,,,332322,,,,,,1324222424739,Chromium,NO,0007440473,7440-47-3,150060,YES,TRI,YES,Elemental metals,NO,NO,NO,R,Pounds,0.000,0.000,0.000,0.000,0.000,0.000,0.000,0.000,0.000,0.000,0.000,0.000,0.000,0.000,0.000,0.000,0.000,0.000,0.000,0.000,0.000,0.000,0.000,0.000,0.000,0.000,0.000,0.000,0.000,0.000,0.000,0.000,0.000,0.000,0.000,0.000,0.000,0.000,0.000,0.000,0.000,0.000,0.000,0.000,0.000,0.000,0.000,0.000,0.000,0.000,0.000,0.000,0.000,0.000,0.000,0.000,0.000,0.000,0.000,0.000,0.000,0.000,0.000,0.000,0.000,0.000,0.000,0.000,0.000,0.000,,
2024,21224BLDNG1500P,110001767464,BUILDING MATERIALS MANUFACTURING LLC,1500 S PONCA ST,BALTIMORE,BALTIMORE (CITY),MD,21224,,,39.276046,-76.554340,,G HOLDINGS INC,NA,G HOLDINGS INC,NA,,NA,NO,324,Petroleum,,,,,,,324122,,,,,,1324222526257,Lead compounds,NO,N420,N420,650002,YES,PBT,YES,Metal complound categories,NO,YES,NO,R,Pounds,0.000,0.249,0.000,0.000,0.000,0.000,0.000,0.000,0.000,0.000,0.000,0.000,0.000,0.000,0.249,0.000,0.000,0.000,0.000,0.000,0.000,0.000,0.000,0.000,0.000,0.000,0.000,0.000,0.000,0.000,0.200,0.000,0.000,0.000,0.000,0.000,0.000,0.200,0.000,0.000,0.000,0.000,0.000,0.000,0.000,0.000,0.000,0.000,0.000,0.000,0.000,0.000,0.000,0.000,0.000,0.200,0.449,0.000,0.000,0.249,0.200,0.000,0.000,0.000,0.000,0.000,0.000,0.000,0.449,,PRODUCTION,0.900
2024,21030CRPRTYORKR,110055098585,TEXTRON SYSTEMS,124 IND US TRY LN,COCKEYSVILLE,BALTIMORE,MD,21030,,,39.466010,-76.641549,,TEXTRON INC,001338979,TEXTRON INC,NA,,NA,NO,336,Transportation Equipment,,,,,,,336411,541511,336413,541330,332994,,1324222972275,Mercury,NO,0007439976,7439-97-6,149633,YES,PBT,YES,Elemental metals,NO,YES,NO,R,Pounds,0.000,0.000,0.000,0.000,0.000,0.000,0.000,0.000,0.000,0.000,0.000,0.000,0.000,0.000,0.000,0.000,0.000,0.000,0.000,0.000,0.000,0.000,0.000,0.000,0.000,0.000,0.000,0.000,0.000,0.000,100.000,0.000,0.000,0.000,0.000,0.000,0.000,100.000,0.000,0.000,0.000,0.000,0.000,0.000,0.000,0.000,0.000,0.000,0.000,0.000,0.000,0.000,0.000,0.000,0.000,100.000,100.000,0.000,0.000,0.000,100.000,0.000,0.000,0.000,0.000,0.000,0.000,0.000,100.000,,ACTIVITY,2.000
2024,21130PRRYM900CH,110000499559,PERRYMAN GENERATING STATION,900 CHELSEA RD,PERRYMAN,HARFORD,MD,21130,,,39.438936,-76.215953,,CONSTELLATION ENERGY GENERATION LLC,196748938,CONSTELLATION ENERGY GENERATION LLC,NA,,NA,NO,2211,Electric Utilities,,,,,,,221112,,,,,,1324223071198,Benzene,NO,0000071432,71-43-2,4754,YES,TRI,NO,Non_Metal,YES,NO,NO,A,Pounds,0.000,0.000,0.000,0.000,0.000,0.000,0.000,0.000,0.000,0.000,0.000,0.000,0.000,0.000,0.000,0.000,0.000,0.000,0.000,0.000,0.000,0.000,0.000,0.000,0.000,0.000,0.000,0.000,0.000,0.000,0.000,0.000,0.000,0.000,0.000,0.000,0.000,0.000,0.000,0.000,0.000,0.000,0.000,0.000,0.000,0.000,0.000,0.000,0.000,0.000,0.000,0.000,0.000,0.000,0.000,0.000,0.000,0.000,0.000,0.000,0.000,0.000,0.000,0.000,0.000,0.000,0.000,0.000,0.000,0.000,,0.000
2024,2064WSMLPL19NMA,110071071804,SMO LA PLATA PLANT,109 N MAPLE AVE,LA PLATA,CHARLES,MD,20646,,,38.531433,-76.976075,,STAR GROUP LP,NA,STAR GROUP LP,NA,,NA,NO,999,Other,,,,,,,454310,,,,,,1324223088004,"1,2,4-Trimethylbenzene",NO,0000095636,95-63-6,16261,NO,TRI,NO,Non_Metal,NO,NO,NO,A,Pounds,0.000,0.000,0.000,0.000,0.000,0.000,0.000,0.000,0.000,0.000,0.000,0.000,0.000,0.000,0.000,0.000,0.000,0.000,0.000,0.000,0.000,0.000,0.000,0.000,0.000,0.000,0.000,0.000,0.000,0.000,0.000,0.000,0.000,0.000,0.000,0.000,0.000,0.000,0.000,0.000,0.000,0.000,0.000,0.000,0.000,0.000,0.000,0.000,0.000,0.000,0.000,0.000,0.000,0.000,0.000,0.000,0.000,0.000,0.000,0.000,0.000,0.000,0.000,0.000,0.000,0.000,0.000,0.000,0.000,0.000,,0.000
2024,21226BLTMR2400P,110008432650,GLOBAL BALTIMORE TERMINAL,2400 PETROLIA AVE,BALTIMORE,BALTIMORE (CITY),MD,21226,,,39.235628,-76.564811,,GLOBAL PARTNERS LP,061167842,GLOBAL PARTNERS LP,NA,,NA,NO,4247,Petroleum Bulk Terminals,,,,,,,424710,,,,,,1324223180439,Toluene,NO,0000108883,108-88-3,25452,YES,TRI,NO,Non_Metal,NO,NO,NO,R,Pounds,470.850,797.190,0.000,0.000,0.000,0.000,0.000,0.000,0.000,0.000,0.000,0.000,0.000,0.000,1268.040,0.000,0.000,0.000,0.000,0.000,0.000,0.000,0.000,0.000,0.000,0.000,0.000,0.000,0.000,0.000,0.000,0.000,0.000,0.000,0.000,0.000,0.000,0.000,0.000,0.000,0.000,0.000,0.000,0.000,0.000,247.070,247.070,0.000,0.000,0.000,0.000,0.000,0.000,0.000,0.000,247.070,1268.040,0.000,0.000,1268.040,0.000,0.000,0.000,247.070,9501.870,0.000,0.000,0.000,11016.980,,ACTIVITY,1.000
2024,21226CHMTL711PI,110000867036,VIBRANTZ SPECIALTY PRODUCTS LLC,610 PITTMAN RD,BALTIMORE,ANNE ARUNDEL,MD,21226,,,39.194777,-76.564171,,VIBRANTZ TECHNOLOGIES INC,080520213,VIBRANTZ TECHNOLOGIES INC,NA,,NA,NO,325,Chemicals,,,,,,,325180,,,,,,1324223034570,Nitrate compounds (water dissociable; reportable only when in aqueous solution),NO,N511,N511,649616,NO,TRI,NO,May contain metal,NO,NO,NO,R,Pounds,0.000,0.000,7215.900,0.000,0.000,0.000,0.000,0.000,0.000,0.000,0.000,0.000,5.000,0.000,7220.900,0.000,0.000,0.000,0.000,0.000,0.000,0.000,0.000,0.000,0.000,0.000,0.000,0.000,0.000,0.000,0.000,0.000,0.000,0.000,0.000,0.000,0.000,0.000,0.000,0.000,0.000,0.000,0.000,0.000,0.000,0.000,0.000,0.000,0.000,0.000,0.000,0.000,0.000,0.000,0.000,0.000,7220.900,0.000,0.000,7220.900,0.000,0.000,0.000,0.000,324249.000,0.000,0.000,0.000,331469.900,,PRODUCTION,0.610
2024,21801PRDNCZIONC,110009684010,PERDUE AGRIBUSINESS LLC - SALISBURY MD,6906 ZION CHURCH RD,SALISBURY,WICOMICO,MD,21804,,,38.381856,-75.526028,,PERDUE FARMS INC,022666820,PERDUE FARMS INC,NA,,NA,NO,311,Food,,,,,,,311224,311225,311119,,,,1324222868162,Cyclohexane,NO,0000110827,110-82-7,27003,NO,TRI,NO,Non_Metal,NO,NO,NO,R,Pounds,28872.600,16237.250,8.200,0.000,0.000,0.000,0.000,0.000,0.000,0.000,0.000,0.000,0.000,0.000,45118.050,0.000,0.000,0.000,0.000,0.000,0.000,0.000,0.000,0.000,0.000,0.000,0.000,0.000,0.000,0.000,0.000,0.000,0.000,0.000,0.000,0.000,0.000,0.000,0.000,0.000,0.000,0.000,0.000,0.000,0.000,0.000,0.000,0.000,0.000,0.000,0.000,0.000,0.000,0.000,0.000,0.000,45118.050,0.000,0.000,45118.050,0.000,0.000,0.000,0.000,126077554.000,0.000,8.200,0.000,126122680.250,,PRODUCTION,1.000
2024,21791LHGHP117SO,110003507385,HEIDELBERG MATERIALS US CEMENT LLC,675 QUAKER HILL RD,UNION BRIDGE,CARROLL,MD,21791,,,39.559177,-77.167277,,HEIDELBERG MATERIALS US INC,967342197,HEIDELBERG MATERIALS US INC,NA,,HEIDELBERG MATERIALS,NO,327,Nonmetallic Mineral Product,,,,,,,327310,,,,,,1324222440568,Hydrogen sulfide,NO,0007783064,7783-06-4,154518,NO,TRI,NO,Non_Metal,NO,NO,NO,R,Pounds,0.000,8000.000,0.000,0.000,0.000,0.000,0.000,0.000,0.000,0.000,0.000,0.000,0.000,0.000,8000.000,0.000,0.000,0.000,0.000,0.000,0.000,0.000,0.000,0.000,0.000,0.000,0.000,0.000,0.000,0.000,0.000,0.000,0.000,0.000,0.000,0.000,0.000,0.000,0.000,0.000,0.000,0.000,0.000,0.000,0.000,0.000,0.000,0.000,0.000,0.000,0.000,0.000,0.000,0.000,0.000,0.000,8000.000,0.000,0.000,8000.000,0.000,0.000,0.000,0.000,0.000,0.000,0.000,0.000,8000.000,,PRODUCTION,0.890
2024,2101WTLLYL1211B,110070550499,TILLEY DISTRIBUTION,1211 BELMAR DR,BELCAMP,HARFORD,MD,21017,,,39.477250,-76.231613,,SK TILLEY HOLDING LP,NA,SK TILLEY HOLDING LP,NA,,NA,NO,4246,Chemical Wholesalers,,,,,,,424690,,,,,,1324222438881,Ethylene glycol,NO,0000107211,107-21-1,24257,YES,TRI,NO,Non_Metal,NO,NO,NO,R,Pounds,28.000,3.000,0.000,0.000,0.000,0.000,0.000,0.000,0.000,0.000,0.000,0.000,0.000,0.000,31.000,0.000,0.000,0.000,0.000,0.000,0.000,0.000,0.000,0.000,0.000,0.000,0.000,0.000,0.000,0.000,0.000,0.000,0.000,0.000,0.000,0.000,0.000,0.000,0.000,0.000,0.000,0.000,0.000,0.000,0.000,0.000,0.000,0.000,0.000,0.000,0.000,0.000,0.000,0.000,0.000,0.000,31.000,0.000,0.000,31.000,0.000,0.000,0.000,0.000,0.000,0.000,0.000,0.000,31.000,,PRODUCTION,1.110
2024,21222TNMCC2300E,110000339820,TNEMEC CO INC,2300 EDGEWATER AVE,BALTIMORE,BALTIMORE (CITY),MD,21222,,,39.261900,-76.535417,,TNEMEC CO INC,077410538,TNEMEC CO INC,NA,,NA,NO,325,Chemicals,,,,,,,325510,,,,,,1324222732188,Zinc compounds,NO,N982,N982,649699,NO,TRI,YES,Metal complound categories,NO,NO,NO,R,Pounds,0.000,6.000,0.000,0.000,0.000,0.000,0.000,0.000,0.000,0.000,0.000,0.000,0.000,0.000,6.000,0.000,0.000,0.000,0.000,0.000,0.000,0.000,0.000,0.000,0.000,0.000,0.000,0.000,0.000,0.000,0.000,0.000,0.000,0.000,0.000,0.000,0.000,0.000,0.000,0.000,2164.000,0.000,0.000,2164.000,0.000,0.000,0.000,0.000,0.000,0.000,0.000,0.000,0.000,0.000,0.000,2164.000,6.000,0.000,0.000,6.000,0.000,0.000,0.000,0.000,0.000,2164.000,0.000,0.000,2170.000,,PRODUCTION,1.180
2024,2170WSCHST53EAS,110009681433,SCHUSTER CONCRETE READY MIX LLC-SOUTH ST,530 EAST SOUTH STREET,FREDERICK,FREDERICK,MD,21701,,,39.408757,-77.399731,,SCHUSTER CONCRETE READY MIX LLC,NA,SCHUSTER CONCRETE READY MIX LLC,NA,,NA,NO,327,Nonmetallic Mineral Product,,,,,,,327320,,,,,,1324222431304,Chromium compounds (except for chromite ore mined in the Transvaal Region),NO,N090,N090,649475,YES,TRI,YES,Metal complound categories,NO,NO,NO,A,Pounds,0.000,0.000,0.000,0.000,0.000,0.000,0.000,0.000,0.000,0.000,0.000,0.000,0.000,0.000,0.000,0.000,0.000,0.000,0.000,0.000,0.000,0.000,0.000,0.000,0.000,0.000,0.000,0.000,0.000,0.000,0.000,0.000,0.000,0.000,0.000,0.000,0.000,0.000,0.000,0.000,0.000,0.000,0.000,0.000,0.000,0.000,0.000,0.000,0.000,0.000,0.000,0.000,0.000,0.000,0.000,0.000,0.000,0.000,0.000,0.000,0.000,0.000,0.000,0.000,0.000,0.000,0.000,0.000,0.000,0.000,,0.000
2024,21853HDSNFUSRTE,110000585251,MOUNTAIRE FARMS INC-PRINCESS ANNE FEED MILL,30607 REVELS NECK RD,WESTOVER,SOMERSET,MD,21871,,,38.152899,-75.692306,,MOUNTAIRE FARMS INC,091812669,MOUNTAIRE FARMS INC,NA,,NA,NO,311,Food,,,,,,,311119,,,,,,1324222449617,Manganese compounds,NO,N450,N450,650010,YES,TRI,YES,Metal complound categories,NO,NO,NO,A,Pounds,0.000,0.000,0.000,0.000,0.000,0.000,0.000,0.000,0.000,0.000,0.000,0.000,0.000,0.000,0.000,0.000,0.000,0.000,0.000,0.000,0.000,0.000,0.000,0.000,0.000,0.000,0.000,0.000,0.000,0.000,0.000,0.000,0.000,0.000,0.000,0.000,0.000,0.000,0.000,0.000,0.000,0.000,0.000,0.000,0.000,0.000,0.000,0.000,0.000,0.000,0.000,0.000,0.000,0.000,0.000,0.000,0.000,0.000,0.000,0.000,0.000,0.000,0.000,0.000,0.000,0.000,0.000,0.000,0.000,0.000,,0.000
2024,2120WPPCLB81NKR,110063585972,PPC LUBRICANTS INC.,801 N. KRESSON STREET,BALTIMORE,BALTIMORE (CITY),MD,21205,,,39.301167,-76.560426,,RELADYNE LLC,079742657,RELADYNE LLC,NA,,NA,NO,4247,Petroleum Bulk Terminals,,,,,,,424710,,,,,,1324222726960,Ethylene glycol,NO,0000107211,107-21-1,24257,YES,TRI,NO,Non_Metal,NO,NO,NO,A,Pounds,0.000,0.000,0.000,0.000,0.000,0.000,0.000,0.000,0.000,0.000,0.000,0.000,0.000,0.000,0.000,0.000,0.000,0.000,0.000,0.000,0.000,0.000,0.000,0.000,0.000,0.000,0.000,0.000,0.000,0.000,0.000,0.000,0.000,0.000,0.000,0.000,0.000,0.000,0.000,0.000,0.000,0.000,0.000,0.000,0.000,0.000,0.000,0.000,0.000,0.000,0.000,0.000,0.000,0.000,0.000,0.000,0.000,0.000,0.000,0.000,0.000,0.000,0.000,0.000,0.000,0.000,0.000,0.000,0.000,0.000,,0.000
2024,21826TLNTCEDENR,110000340667,CULPEPER OF FRUITLAND LLC,28114 OLD EDEN RD,EDEN,WICOMICO,MD,21822,,,38.290964,-75.638628,,NA,,JEFFERSON HOMEBUILDERS INC,NA,,NA,NO,321,Wood Products,,,,,,,321114,,,,,,1324222406771,Arsenic compounds,NO,N020,N020,649418,YES,TRI,YES,Metal complound categories,YES,NO,NO,R,Pounds,0.000,0.000,0.000,0.000,0.000,0.000,0.000,0.000,0.000,0.000,0.000,0.000,0.000,0.000,0.000,0.000,0.000,0.000,0.000,1216.000,0.000,0.000,0.000,0.000,0.000,0.000,0.000,0.000,0.000,0.000,0.000,0.000,0.000,0.000,0.000,0.000,0.000,1216.000,0.000,0.000,0.000,0.000,0.000,0.000,0.000,0.000,0.000,0.000,0.000,0.000,0.000,0.000,0.000,0.000,0.000,1216.000,1216.000,0.000,0.000,0.000,0.000,1216.000,0.000,0.000,0.000,0.000,0.000,0.000,1216.000,,PRODUCTION,1.000
2024,2064WSMLPL19NMA,110071071804,SMO LA PLATA PLANT,109 N MAPLE AVE,LA PLATA,CHARLES,MD,20646,,,38.531433,-76.976075,,STAR GROUP LP,NA,STAR GROUP LP,NA,,NA,NO,999,Other,,,,,,,454310,,,,,,1324223088016,Xylene (mixed isomers),NO,0001330207,1330-20-7,84970,YES,TRI,NO,Non_Metal,NO,NO,NO,A,Pounds,0.000,0.000,0.000,0.000,0.000,0.000,0.000,0.000,0.000,0.000,0.000,0.000,0.000,0.000,0.000,0.000,0.000,0.000,0.000,0.000,0.000,0.000,0.000,0.000,0.000,0.000,0.000,0.000,0.000,0.000,0.000,0.000,0.000,0.000,0.000,0.000,0.000,0.000,0.000,0.000,0.000,0.000,0.000,0.000,0.000,0.000,0.000,0.000,0.000,0.000,0.000,0.000,0.000,0.000,0.000,0.000,0.000,0.000,0.000,0.000,0.000,0.000,0.000,0.000,0.000,0.000,0.000,0.000,0.000,0.000,,0.000
2024,2079WSCHST1782G,110070244710,SCHUSTER CONCRETE READY MIX LLC-GUILFORD RD,10782 GUILFORD RD,JESSUP,HOWARD,MD,20794,,,39.132446,-76.798086,,SCHUSTER CONCRETE READY MIX LLC,NA,SCHUSTER CONCRETE READY MIX LLC,NA,,NA,NO,327,Nonmetallic Mineral Product,,,,,,,327320,,,,,,1324222431114,Chromium compounds (except for chromite ore mined in the Transvaal Region),NO,N090,N090,649475,YES,TRI,YES,Metal complound categories,NO,NO,NO,A,Pounds,0.000,0.000,0.000,0.000,0.000,0.000,0.000,0.000,0.000,0.000,0.000,0.000,0.000,0.000,0.000,0.000,0.000,0.000,0.000,0.000,0.000,0.000,0.000,0.000,0.000,0.000,0.000,0.000,0.000,0.000,0.000,0.000,0.000,0.000,0.000,0.000,0.000,0.000,0.000,0.000,0.000,0.000,0.000,0.000,0.000,0.000,0.000,0.000,0.000,0.000,0.000,0.000,0.000,0.000,0.000,0.000,0.000,0.000,0.000,0.000,0.000,0.000,0.000,0.000,0.000,0.000,0.000,0.000,0.000,0.000,,0.000
2024,20670SDDNVNAVAL,110011748118,US NAVAL AIR STATION PATUXENT RIVER,22445 PEARY RD BUILDING 504 PWD ENVIRONMENTAL DEPT.,PATUXENT RIVER,ST. MARY'S,MD,20670,,,38.281752,-76.433746,,US DEPARTMENT OF DEFENSE,NA,US DEPARTMENT OF DEFENSE,,,NA,YES,999,Other,,,,,,,928110,,,,,,1324223139546,Lead,NO,0007439921,7439-92-1,149583,NO,PBT,YES,Elemental metals,YES,YES,NO,R,Pounds,0.500,0.004,0.000,0.000,0.000,0.000,0.000,0.000,0.000,0.000,0.000,0.000,0.000,0.000,0.504,0.000,0.000,0.000,0.000,0.000,0.000,0.000,0.000,0.000,0.000,0.000,0.000,0.000,0.000,0.000,0.000,0.000,0.000,0.000,0.000,0.151,0.000,0.151,0.000,0.000,0.000,0.000,4492.000,4492.000,0.000,0.000,0.000,0.000,0.000,0.000,0.000,0.000,0.000,0.000,0.000,4492.151,0.655,0.000,0.000,0.504,0.000,0.151,0.000,0.000,0.000,4492.000,0.000,0.000,4492.655,,ACTIVITY,1.400
2024,21226BRNDN1000B,110038162902,BRANDON SHORES & WAGNER COMPLEX,3000 BRANDON SHORES RD,CURTIS BAY,ANNE ARUNDEL,MD,21226,,,39.178257,-76.541842,,TALEN ENERGY,078612047,TALEN ENERGY CORP,NA,,NA,NO,2211,Electric Utilities,,,,,,,221112,,,,,,1324222802365,Lead  And Lead Compounds,YES,N420,N420,650002,YES,PBT,YES,Metal complound categories,NO,YES,NO,R,Pounds,0.000,34.000,2.000,0.000,0.000,0.000,0.000,0.000,0.000,0.000,0.000,0.000,0.000,0.000,36.000,0.000,0.000,0.000,0.000,0.000,0.000,0.000,0.000,0.000,0.000,0.000,0.000,0.000,0.000,0.000,1716.000,0.000,0.000,0.000,0.000,0.000,0.000,1716.000,0.000,0.000,0.000,0.000,0.000,0.000,0.000,0.000,0.000,0.000,0.000,0.000,0.000,0.000,0.000,0.000,0.000,1716.000,1752.000,0.000,0.000,36.000,1716.000,0.000,0.000,0.000,0.000,0.000,0.000,0.000,1752.000,,PRODUCTION,1.520
2024,21074BLCKD626HA,110000339483,BLACK & DECKER (US) INC,626 HANOVER PIKE,HAMPSTEAD,CARROLL,MD,21074,,,39.592219,-76.845278,,STANLEY BLACK & DECKER,001152461,STANLEY BLACK & DECKER,NA,,NA,NO,332,Fabricated Metals,,,,,,,332510,,,,,,1324222500946,Nickel,NO,0007440020,7440-02-0,149674,YES,TRI,YES,Elemental metals,YES,NO,NO,R,Pounds,0.000,0.000,0.000,0.000,0.000,0.000,0.000,0.000,0.000,0.000,0.000,0.000,0.000,0.000,0.000,0.000,0.000,0.000,0.000,0.000,0.000,0.000,0.000,0.000,0.000,0.000,0.000,0.000,0.000,0.000,1.200,0.000,0.000,0.000,0.000,0.000,0.000,1.200,0.000,0.000,0.000,0.000,0.000,0.000,0.000,0.000,0.000,0.000,0.000,0.000,0.000,0.000,0.000,0.000,0.000,1.200,1.200,0.000,0.000,0.000,1.200,0.000,0.000,0.000,0.000,0.000,0.000,0.000,1.200,,PRODUCTION,1.000
2024,21230SHRWN2325H,110000340131,SHERWIN-WILLIAMS CO,2325 HOLLINS FERRY RD,BALTIMORE,BALTIMORE (CITY),MD,21230,,,39.263753,-76.642670,,THE SHERWIN-WILLIAMS CO,004206397,THE SHERWIN-WILLIAMS CO,NA,,NA,NO,325,Chemicals,,,,,,,325510,,,,,,1324223129127,Zinc compounds,NO,N982,N982,649699,NO,TRI,YES,Metal complound categories,NO,NO,NO,R,Pounds,0.000,8.000,0.000,0.000,0.000,0.000,0.000,0.000,0.000,0.000,0.000,0.000,0.000,0.000,8.000,8.000,0.000,8.000,0.000,0.000,0.000,0.000,0.000,0.000,0.000,0.000,0.000,0.000,0.000,0.000,3524.000,0.000,0.000,0.000,0.000,0.000,337.000,3869.000,0.000,0.000,0.000,0.000,0.000,0.000,0.000,0.000,0.000,0.000,0.000,0.000,0.000,0.000,0.000,0.000,0.000,3869.000,3877.000,0.000,0.000,8.000,3529.280,339.720,0.000,0.000,0.000,0.000,0.000,0.000,3877.000,,PRODUCTION,0.960
2024,2079WSCHST1782G,110070244710,SCHUSTER CONCRETE READY MIX LLC-GUILFORD RD,10782 GUILFORD RD,JESSUP,HOWARD,MD,20794,,,39.132446,-76.798086,,SCHUSTER CONCRETE READY MIX LLC,NA,SCHUSTER CONCRETE READY MIX LLC,NA,,NA,NO,327,Nonmetallic Mineral Product,,,,,,,327320,,,,,,1324222431102,Nitrate compounds (water dissociable; reportable only when in aqueous solution),NO,N511,N511,649616,NO,TRI,NO,May contain metal,NO,NO,NO,A,Pounds,0.000,0.000,0.000,0.000,0.000,0.000,0.000,0.000,0.000,0.000,0.000,0.000,0.000,0.000,0.000,0.000,0.000,0.000,0.000,0.000,0.000,0.000,0.000,0.000,0.000,0.000,0.000,0.000,0.000,0.000,0.000,0.000,0.000,0.000,0.000,0.000,0.000,0.000,0.000,0.000,0.000,0.000,0.000,0.000,0.000,0.000,0.000,0.000,0.000,0.000,0.000,0.000,0.000,0.000,0.000,0.000,0.000,0.000,0.000,0.000,0.000,0.000,0.000,0.000,0.000,0.000,0.000,0.000,0.000,0.000,,0.000
2024,21791LHGHP117SO,110003507385,HEIDELBERG MATERIALS US CEMENT LLC,675 QUAKER HILL RD,UNION BRIDGE,CARROLL,MD,21791,,,39.559177,-77.167277,,HEIDELBERG MATERIALS US INC,967342197,HEIDELBERG MATERIALS US INC,NA,,HEIDELBERG MATERIALS,NO,327,Nonmetallic Mineral Product,,,,,,,327310,,,,,,1324222440531,Mercury  And Mercury Compounds,YES,N458,N458,650028,YES,PBT,YES,Metal complound categories,NO,YES,NO,R,Pounds,0.020,57.000,0.000,0.000,0.000,0.000,0.000,0.000,0.000,0.000,0.000,0.000,0.000,0.000,57.020,0.000,0.000,0.000,0.000,0.000,0.000,0.000,0.000,0.000,0.000,0.000,0.000,0.000,0.000,0.000,0.000,0.000,0.000,0.000,0.000,0.000,0.000,0.000,0.000,0.000,0.000,0.000,0.000,0.000,0.000,0.000,0.000,0.000,0.000,0.000,0.000,0.000,0.000,0.000,0.000,0.000,57.020,0.000,0.000,57.020,0.000,0.000,0.000,0.000,0.000,0.000,0.000,0.000,57.020,,PRODUCTION,0.830
2024,21226BRNDN1000B,110038162902,BRANDON SHORES & WAGNER COMPLEX,3000 BRANDON SHORES RD,CURTIS BAY,ANNE ARUNDEL,MD,21226,,,39.178257,-76.541842,,TALEN ENERGY,078612047,TALEN ENERGY CORP,NA,,NA,NO,2211,Electric Utilities,,,,,,,221112,,,,,,1324222802264,Naphthalene,NO,0000091203,91-20-3,13326,YES,TRI,NO,Non_Metal,YES,NO,NO,R,Pounds,0.000,28.000,0.000,0.000,0.000,0.000,0.000,0.000,0.000,0.000,0.000,0.000,0.000,0.000,28.000,0.000,0.000,0.000,0.000,0.000,0.000,0.000,0.000,0.000,0.000,0.000,0.000,0.000,0.000,0.000,0.000,0.000,0.000,0.000,0.000,0.000,0.000,0.000,0.000,0.000,0.000,0.000,0.000,0.000,0.000,0.000,0.000,0.000,0.000,0.000,0.000,0.000,0.000,0.000,0.000,0.000,28.000,0.000,0.000,28.000,0.000,0.000,0.000,0.000,0.000,0.000,0.000,0.000,28.000,,PRODUCTION,2.330
2024,21220TLLYC501CH,110019855192,TILLEY DISTRIBUTION,501 CHESAPEAKE PARK PLAZA,MIDDLE RIVER,BALTIMORE,MD,21220,,,39.327018,-76.428022,,SK TILLEY HOLDING LP,NA,SK TILLEY HOLDING LP,NA,,NA,NO,4246,Chemical Wholesalers,,,,,,,424690,,,,,,1324222417154,Methyl isobutyl ketone,NO,0000108101,108-10-1,24851,YES,TRI,NO,Non_Metal,YES,NO,NO,A,Pounds,0.000,0.000,0.000,0.000,0.000,0.000,0.000,0.000,0.000,0.000,0.000,0.000,0.000,0.000,0.000,0.000,0.000,0.000,0.000,0.000,0.000,0.000,0.000,0.000,0.000,0.000,0.000,0.000,0.000,0.000,0.000,0.000,0.000,0.000,0.000,0.000,0.000,0.000,0.000,0.000,0.000,0.000,0.000,0.000,0.000,0.000,0.000,0.000,0.000,0.000,0.000,0.000,0.000,0.000,0.000,0.000,0.000,0.000,0.000,0.000,0.000,0.000,0.000,0.000,0.000,0.000,0.000,0.000,0.000,0.000,,0.000
2024,2174WKNRTH16IKW,110070932457,IKO NORTHEAST INC.,160 IKO WAY,HAGERSTOWN,WASHINGTON,MD,21740,,,39.640477,-77.716879,,NA,,GOLDIS ENTERPRISES INC,GOLDIS ENTERPRISES INC,073654287,IKO INDUSTRIES LTD,NO,326,Plastics and Rubber,,,,,,,326299,,,,,,1324222569725,Diisocyanates,NO,N120,N120,649715,NO,TRI,NO,Non_Metal,NO,NO,NO,R,Pounds,0.000,6.500,0.000,0.000,0.000,0.000,0.000,0.000,0.000,0.000,0.000,0.000,0.000,0.000,6.500,0.000,0.000,0.000,0.000,0.000,0.000,0.000,0.000,0.000,0.000,0.000,0.000,0.000,0.000,0.000,0.000,0.000,0.000,0.000,0.000,0.000,0.000,0.000,0.000,0.000,0.000,0.000,0.000,0.000,0.000,0.000,0.000,0.000,410.000,0.000,0.000,0.000,0.000,410.000,0.000,410.000,6.500,0.000,0.000,6.500,0.000,0.000,0.000,0.000,0.000,0.000,0.000,410.000,416.500,,PRODUCTION,1.200
2024,21787NGRSL5310T,110003513305,FLOWSERVE FSG,5310 TANEYTOWN PIKE,TANEYTOWN,CARROLL,MD,21787,,,39.665103,-77.186156,,FLOWSERVE CORP,070155994,FLOWSERVE CORP,NA,,NA,NO,333,Machinery,,,,,,,333996,,,,,,1324222681138,Copper,NO,0007440508,7440-50-8,150086,NO,TRI,YES,Elemental metals,NO,NO,NO,A,Pounds,0.000,0.000,0.000,0.000,0.000,0.000,0.000,0.000,0.000,0.000,0.000,0.000,0.000,0.000,0.000,0.000,0.000,0.000,0.000,0.000,0.000,0.000,0.000,0.000,0.000,0.000,0.000,0.000,0.000,0.000,0.000,0.000,0.000,0.000,0.000,0.000,0.000,0.000,0.000,0.000,0.000,0.000,0.000,0.000,0.000,0.000,0.000,0.000,0.000,0.000,0.000,0.000,0.000,0.000,0.000,0.000,0.000,0.000,0.000,0.000,0.000,0.000,0.000,0.000,0.000,0.000,0.000,0.000,0.000,0.000,,0.000
2024,21226BRNDN1000B,110038162902,BRANDON SHORES & WAGNER COMPLEX,3000 BRANDON SHORES RD,CURTIS BAY,ANNE ARUNDEL,MD,21226,,,39.178257,-76.541842,,TALEN ENERGY,078612047,TALEN ENERGY CORP,NA,,NA,NO,2211,Electric Utilities,,,,,,,221112,,,,,,1324222802252,Dioxin and dioxin-like compounds,NO,N150,N150,755371,YES,Dioxin,NO,Non_Metal,YES,YES,NO,R,Grams,0.000,0.490,0.000,0.000,0.000,0.000,0.000,0.000,0.000,0.000,0.000,0.000,0.000,0.000,0.490,0.000,0.000,0.000,0.000,0.000,0.000,0.000,0.000,0.000,0.000,0.000,0.000,0.000,0.000,0.000,0.000,0.000,0.000,0.000,0.000,0.000,0.000,0.000,0.000,0.000,0.000,0.000,0.000,0.000,0.000,0.000,0.000,0.000,0.000,0.000,0.000,0.000,0.000,0.000,0.000,0.000,0.490,0.000,0.000,0.490,0.000,0.000,0.000,0.000,0.000,0.000,0.000,0.000,0.490,,PRODUCTION,1.840
2024,21226WRGRC5500C,110000867214,GRACE DAVISON-CURTIS BAY WORKS,5500 CHEMICAL RD,BALTIMORE,BALTIMORE (CITY),MD,21226,,,39.212538,-76.567648,,W R GRACE & CO,001367846,W R GRACE & CO,NA,,NA,NO,325,Chemicals,,,,,,,325180,,,,,,1324223188968,Ammonia,NO,0007664417,7664-41-7,152389,NO,TRI,NO,Non_Metal,NO,NO,NO,R,Pounds,8480.000,13000.000,2609.000,0.000,0.000,0.000,0.000,0.000,1331.000,0.000,0.000,0.000,0.000,0.000,25420.000,0.000,0.000,0.000,0.000,0.000,0.000,0.000,0.000,0.000,0.000,0.000,0.000,0.000,0.000,0.000,0.000,0.000,0.000,0.000,6991.000,0.000,0.000,6991.000,0.000,0.000,0.000,0.000,0.000,0.000,0.000,0.000,0.000,0.000,0.000,0.000,0.000,0.000,0.000,0.000,0.000,6991.000,32411.000,0.000,1331.000,24089.000,0.000,6991.000,0.000,0.000,85951.000,0.000,29734.000,0.000,148096.000,,PRODUCTION,1.010
2024,2111WLDCST25CNW,110070813761,OLDCASTLE APG MID-ATLANTIC CROFTON MD,2500 CONWAY RD,ODENTON,ANNE ARUNDEL,MD,21113,,,39.020100,-76.696739,,CRH AMERICAS INC,037176591,CRH AMERICAS INC,NA,,CRH PUBLIC LTD CO,NO,327,Nonmetallic Mineral Product,,,,,,,327999,,,,,,1324222687497,Lead  And Lead Compounds,YES,N420,N420,650002,YES,PBT,YES,Metal complound categories,NO,YES,NO,R,Pounds,0.000,0.033,0.167,0.000,0.000,0.000,0.000,0.000,0.000,0.000,0.000,0.000,0.000,0.000,0.200,0.000,0.000,0.000,0.000,0.000,0.000,0.000,0.000,0.000,0.000,0.000,0.000,0.000,0.000,0.000,0.000,0.000,0.000,0.000,0.000,0.000,0.000,0.000,0.000,0.000,0.000,0.000,0.000,0.000,0.000,0.000,0.000,0.000,0.000,0.000,0.000,0.000,0.000,0.000,0.000,0.000,0.200,0.000,0.000,0.200,0.000,0.000,0.000,0.000,0.000,0.000,0.000,0.000,0.200,,PRODUCTION,1.030
2024,21030NXLLC93BEA,110000772218,NOXELL CORP,93 BEAVER CT,HUNT VALLEY,BALTIMORE,MD,21030,,,39.477449,-76.649707,,NA,,COTY US LLC,NA,,NA,NO,325,Chemicals,,,,,,,325620,,,,,,1324222885081,Zinc compounds,NO,N982,N982,649699,NO,TRI,YES,Metal complound categories,NO,NO,NO,R,Pounds,2.400,7.200,0.000,0.000,0.000,0.000,0.000,0.000,0.000,0.000,0.000,0.000,0.000,0.000,9.600,17.910,0.000,17.910,0.000,0.000,0.000,0.000,0.000,0.000,0.000,0.000,0.000,0.000,0.000,0.000,0.000,0.000,0.000,0.000,0.000,589.000,0.000,606.910,0.000,0.000,0.000,0.000,0.000,0.000,0.000,0.000,0.000,0.000,0.000,0.000,0.000,0.000,0.000,0.000,0.000,606.910,616.510,0.000,0.000,9.600,0.000,606.910,0.000,0.000,0.000,0.000,0.000,0.000,616.510,,PRODUCTION,0.750
2024,2111WSGCNC1852J,110002473430,S&G CONCRETE ODENTON,1852 JACKSON GROVE ROAD,ODENTON,ANNE ARUNDEL,MD,21113,,,39.102740,-76.697772,,VULCAN MATERIALS CO,805344798,VULCAN MATERIALS CO,NA,,NA,NO,327,Nonmetallic Mineral Product,,,,,,,327320,,,,,,1324222995286,Lead,NO,0007439921,7439-92-1,149583,NO,PBT,YES,Elemental metals,YES,YES,NO,R,Pounds,0.019,0.002,0.000,0.000,0.000,0.000,0.000,0.000,0.000,0.000,0.000,0.000,0.000,0.000,0.020,0.000,0.000,0.000,0.000,0.000,0.000,0.000,0.000,0.000,0.000,0.000,0.000,0.000,0.000,0.000,0.000,0.000,0.000,0.000,0.000,0.000,0.000,0.000,0.000,0.000,0.000,0.000,0.000,0.000,0.000,0.000,0.000,0.000,0.000,0.000,0.000,0.000,0.000,0.000,0.000,0.000,0.020,0.000,0.000,0.020,0.000,0.000,0.000,0.000,0.000,0.000,0.000,0.000,0.020,,PRODUCTION,1.850
2024,21226WRGRC5500C,110000867214,GRACE DAVISON-CURTIS BAY WORKS,5500 CHEMICAL RD,BALTIMORE,BALTIMORE (CITY),MD,21226,,,39.212538,-76.567648,,W R GRACE & CO,001367846,W R GRACE & CO,NA,,NA,NO,325,Chemicals,,,,,,,325180,,,,,,1324223192372,Chromium  and Chromium Compounds(except for chromite ore mined in the Transvaal Region),YES,N090,N090,649475,YES,TRI,YES,Metal complound categories,NO,NO,NO,R,Pounds,18.000,112.000,463.000,0.000,0.000,0.000,0.000,0.000,1302.000,0.000,0.000,0.000,0.000,0.000,1895.000,0.000,0.000,0.000,0.000,0.000,0.000,0.000,0.000,0.000,0.000,0.000,0.000,0.000,0.000,0.000,0.000,0.000,0.000,0.000,0.000,10178.000,0.000,10178.000,0.000,0.000,0.000,0.000,0.000,0.000,0.000,0.000,0.000,0.000,0.000,0.000,0.000,0.000,0.000,0.000,0.000,10178.000,12073.000,0.000,1302.000,593.000,0.000,10178.000,0.000,0.000,0.000,0.000,0.000,0.000,12073.000,,PRODUCTION,0.990
2024,21835STRNSRFD1X,110000340685,DARLING INGREDIENTS INC.- LINKWOOD FACILITY,5420 LINKWOOD RD,LINKWOOD,DORCHESTER,MD,21835,,,38.561234,-75.934064,,DARLING INGREDIENTS INC,005092358,DARLING INGREDIENTS INC,NA,,NA,NO,311,Food,,,,,,,311613,,,,,,1324222409500,Nitrate compounds (water dissociable; reportable only when in aqueous solution),NO,N511,N511,649616,NO,TRI,NO,May contain metal,NO,NO,NO,R,Pounds,0.000,0.000,47519.000,0.000,0.000,0.000,0.000,0.000,0.000,0.000,0.000,0.000,0.000,0.000,47519.000,0.000,0.000,0.000,0.000,0.000,0.000,0.000,0.000,0.000,0.000,0.000,0.000,0.000,0.000,0.000,0.000,0.000,36.130,0.000,0.000,0.000,0.000,36.130,0.000,0.000,0.000,0.000,0.000,0.000,0.000,0.000,0.000,0.000,0.000,0.000,0.000,0.000,0.000,0.000,0.000,36.130,47555.130,0.000,0.000,47519.000,0.000,36.130,0.000,0.000,0.000,0.000,15309.000,0.000,62864.130,,ACTIVITY,1.000
2024,21801PLYMT2000I,110000340630,PLYMOUTH TUBE CO,2000 INDUSTRIAL PKWY,SALISBURY,WICOMICO,MD,21801,,,38.397551,-75.588358,,PLYMOUTH TUBE CO,049813314,PLYMOUTH TUBE CO,NA,,NA,NO,331,Primary Metals,,,,,,,331210,,,,,,1324222470306,Hydrogen fluoride,NO,0007664393,7664-39-3,152371,YES,TRI,NO,Non_Metal,NO,NO,NO,R,Pounds,1.000,1.000,0.000,0.000,0.000,0.000,0.000,0.000,0.000,0.000,0.000,0.000,0.000,0.000,2.000,0.000,0.000,0.000,0.000,0.000,0.000,0.000,0.000,0.000,0.000,0.000,0.000,0.000,0.000,0.000,0.000,0.000,0.000,0.000,0.000,0.000,0.000,0.000,0.000,0.000,0.000,0.000,0.000,0.000,0.000,0.000,0.000,0.000,0.000,0.000,0.000,0.000,0.000,0.000,0.000,0.000,2.000,0.000,0.000,2.000,0.000,0.000,0.000,0.000,0.000,0.000,0.000,0.000,2.000,,PRODUCTION,0.950
2024,21226LCLCX3440F,110000867321,SOLVAY USA LLC,3440 FAIRFIELD RD,BALTIMORE,BALTIMORE (CITY),MD,21226,,,39.233914,-76.576864,,SYENSQO HOLDING INC,874748937,SYENSQO HOLDING INC,SYENSQO SA,372787070,SYENSQO SA,NO,325,Chemicals,,,,,,,325613,325199,,,,,1324223130978,"1,4-Dioxane",NO,0000123911,123-91-1,33241,YES,TRI,NO,Non_Metal,YES,NO,NO,R,Pounds,0.000,0.000,0.000,0.000,0.000,0.000,0.000,0.000,0.000,0.000,0.000,0.000,0.000,0.000,0.000,34.260,26.920,61.180,0.000,0.000,0.000,0.000,0.000,0.000,0.000,0.000,0.000,0.000,0.000,0.000,0.000,279.000,0.000,0.000,0.000,0.000,0.000,313.260,0.000,0.000,0.000,0.000,0.000,0.000,0.000,0.000,0.000,0.000,2.000,0.000,0.000,0.000,0.000,28.920,0.000,342.180,313.260,0.000,0.000,0.000,279.610,33.650,0.000,0.000,0.000,0.000,4.000,28.920,346.180,,PRODUCTION,1.210
2024,2073WSMCLN568KI,110071071826,SMO CLINTON PLANT,5608 KIRBY RD,CLINTON,PRINCE GEORGE'S,MD,20735,,,38.783284,-76.910730,,STAR GROUP LP,NA,STAR GROUP LP,NA,,NA,NO,999,Other,,,,,,,457210,,,,,,1324223096696,Naphthalene,NO,0000091203,91-20-3,13326,YES,TRI,NO,Non_Metal,YES,NO,NO,A,Pounds,0.000,0.000,0.000,0.000,0.000,0.000,0.000,0.000,0.000,0.000,0.000,0.000,0.000,0.000,0.000,0.000,0.000,0.000,0.000,0.000,0.000,0.000,0.000,0.000,0.000,0.000,0.000,0.000,0.000,0.000,0.000,0.000,0.000,0.000,0.000,0.000,0.000,0.000,0.000,0.000,0.000,0.000,0.000,0.000,0.000,0.000,0.000,0.000,0.000,0.000,0.000,0.000,0.000,0.000,0.000,0.000,0.000,0.000,0.000,0.000,0.000,0.000,0.000,0.000,0.000,0.000,0.000,0.000,0.000,0.000,,0.000
2024,21801PRDNCZIONC,110009684010,PERDUE AGRIBUSINESS LLC - SALISBURY MD,6906 ZION CHURCH RD,SALISBURY,WICOMICO,MD,21804,,,38.381856,-75.526028,,PERDUE FARMS INC,022666820,PERDUE FARMS INC,NA,,NA,NO,311,Food,,,,,,,311224,311225,311119,,,,1324222868349,Zinc compounds,NO,N982,N982,649699,NO,TRI,YES,Metal complound categories,NO,NO,NO,A,Pounds,0.000,0.000,0.000,0.000,0.000,0.000,0.000,0.000,0.000,0.000,0.000,0.000,0.000,0.000,0.000,0.000,0.000,0.000,0.000,0.000,0.000,0.000,0.000,0.000,0.000,0.000,0.000,0.000,0.000,0.000,0.000,0.000,0.000,0.000,0.000,0.000,0.000,0.000,0.000,0.000,0.000,0.000,0.000,0.000,0.000,0.000,0.000,0.000,0.000,0.000,0.000,0.000,0.000,0.000,0.000,0.000,0.000,0.000,0.000,0.000,0.000,0.000,0.000,0.000,0.000,0.000,0.000,0.000,0.000,0.000,,0.000
2024,2103WBYNNS16ALT,110043326479,BEYNON SPORTS SURFACES,16 ALT RD,HUNT VALLEY,BALTIMORE,MD,21030,,,39.481660,-76.646073,,NA,,NA,NA,,NA,NO,326,Plastics and Rubber,,,,,,,326150,,,,,,1324222559888,Diisocyanates,NO,N120,N120,649715,NO,TRI,NO,Non_Metal,NO,NO,NO,R,Pounds,0.000,0.000,0.000,0.000,0.000,0.000,0.000,0.000,0.000,0.000,0.000,0.000,0.000,0.000,0.000,0.000,0.000,0.000,0.000,0.000,0.000,0.000,0.000,0.000,0.000,0.000,0.000,0.000,0.000,0.000,0.000,0.000,0.000,0.000,0.000,0.000,0.000,0.000,0.000,0.000,0.000,0.000,0.000,0.000,0.000,0.000,0.000,0.000,0.000,20.000,0.000,0.000,0.000,20.000,0.000,20.000,0.000,0.000,0.000,0.000,0.000,0.000,0.000,0.000,0.000,0.000,0.000,20.000,20.000,0.000,PRODUCTION,0.950
2024,2107WFCHSN38HAM,110070234075,FUCHS N.A.,3800 HAMPSTEAD MEXICO RD - TOWN OF HAMSTEAD,HAMPSTEAD,CARROLL,MD,21074,,,39.611781,-76.860887,,NA,,FUCHS NORTH AMERICA,NA,,NA,NO,311,Food,,,,,,,311942,,,,,,1324222443412,Ethylene oxide,NO,0000075218,75-21-8,5405,YES,TRI,NO,Non_Metal,YES,NO,NO,A,Pounds,0.000,0.000,0.000,0.000,0.000,0.000,0.000,0.000,0.000,0.000,0.000,0.000,0.000,0.000,0.000,0.000,0.000,0.000,0.000,0.000,0.000,0.000,0.000,0.000,0.000,0.000,0.000,0.000,0.000,0.000,0.000,0.000,0.000,0.000,0.000,0.000,0.000,0.000,0.000,0.000,0.000,0.000,0.000,0.000,0.000,0.000,0.000,0.000,0.000,0.000,0.000,0.000,0.000,0.000,0.000,0.000,0.000,0.000,0.000,0.000,0.000,0.000,0.000,0.000,0.000,0.000,0.000,0.000,0.000,0.000,,0.000
2024,2075WFRTGR24685,110064273003,FORT GEORGE G MEADE (RANGE),4216 ROBERTS AVE,FORT GEORGE G MEADE,ANNE ARUNDEL,MD,20755,,,39.096457,-76.737760,,US DEPARTMENT OF DEFENSE,NA,US DEPARTMENT OF DEFENSE,NA,,NA,YES,999,Other,,,,,,,928110,,,,,,1324222558645,Lead,NO,0007439921,7439-92-1,149583,NO,PBT,YES,Elemental metals,YES,YES,NO,R,Pounds,0.000,0.000,0.000,0.000,0.000,0.000,0.000,0.000,0.000,0.000,0.000,0.000,0.000,0.000,0.000,0.000,0.000,0.000,0.000,0.000,1.000,0.000,0.000,0.000,0.000,0.000,0.000,0.000,0.000,0.000,0.000,0.000,0.000,0.000,0.000,2.000,0.000,3.000,0.000,862.000,0.000,0.000,0.000,862.000,0.000,0.000,0.000,0.000,0.000,0.000,0.000,0.000,0.000,0.000,0.000,865.000,3.000,0.000,0.000,0.000,0.000,3.000,0.000,0.000,0.000,862.000,0.000,0.000,865.000,,ACTIVITY,1.880
2024,20705GGPRS11642,110000856681,EATON AEROSPACE,11642 OLD BALTIMORE PIKE,BELTSVILLE,PRINCE GEORGE'S,MD,20705,,,39.045655,-76.893607,,EATON CORP,004155818,EATON CORP,NA,,NA,NO,336,Transportation Equipment,,,,,,,336413,,,,,,1324223067873,Chromium,NO,0007440473,7440-47-3,150060,YES,TRI,YES,Elemental metals,NO,NO,NO,R,Pounds,0.000,0.000,0.000,0.000,0.000,0.000,0.000,0.000,0.000,0.000,0.000,0.000,0.000,0.000,0.000,0.100,0.000,0.100,0.000,16.000,0.000,0.000,0.000,0.000,0.000,0.000,0.000,0.000,0.000,0.000,0.000,0.000,0.000,0.000,0.000,0.000,0.000,16.100,0.000,0.000,0.000,0.000,36000.000,36000.000,0.000,0.000,0.000,0.000,0.000,0.000,0.000,0.000,0.000,0.000,0.000,36016.100,16.100,0.000,0.000,0.000,0.076,16.024,0.000,0.000,0.000,36000.000,0.000,0.000,36016.100,,PRODUCTION,1.320
2024,21863HLLYF207BA,110000340694,TYSON FARMS INC FEED MILL SNOW HILL,207 BAY ST,SNOW HILL,WORCESTER,MD,21863,,,38.176715,-75.384620,,TYSON FOODS INC,006903702,TYSON FOODS INC,NA,,NA,NO,311,Food,,,,,,,311119,,,,,,1324222513513,Copper compounds,NO,N100,N100,649491,NO,TRI,YES,Metal complound categories,NO,NO,NO,A,Pounds,0.000,0.000,0.000,0.000,0.000,0.000,0.000,0.000,0.000,0.000,0.000,0.000,0.000,0.000,0.000,0.000,0.000,0.000,0.000,0.000,0.000,0.000,0.000,0.000,0.000,0.000,0.000,0.000,0.000,0.000,0.000,0.000,0.000,0.000,0.000,0.000,0.000,0.000,0.000,0.000,0.000,0.000,0.000,0.000,0.000,0.000,0.000,0.000,0.000,0.000,0.000,0.000,0.000,0.000,0.000,0.000,0.000,0.000,0.000,0.000,0.000,0.000,0.000,0.000,0.000,0.000,0.000,0.000,0.000,0.000,,0.000
2024,21226CTGPT2201S,110019893329,CITGO PETROLEUM CORP,2201 SOUTHPORT AVE,BALTIMORE,BALTIMORE (CITY),MD,21226,,,39.229478,-76.568788,,PDV HOLDING INC.,119272531,PDV HOLDING INC,PDVSA PETROLEOS S.A.,885354373,PDVSA PETROLEOS SA,NO,4247,Petroleum Bulk Terminals,,,,,,,424710,,,,,,1324222771952,Ethylbenzene,NO,0000100414,100-41-4,19406,YES,TRI,NO,Non_Metal,YES,NO,NO,R,Pounds,10.000,47.000,0.000,0.000,0.000,0.000,0.000,0.000,0.000,0.000,0.000,0.000,0.000,0.000,57.000,0.000,0.000,0.000,0.000,0.000,0.000,0.000,0.000,0.000,0.000,0.000,0.000,0.000,0.000,0.000,0.000,0.000,0.000,0.000,0.000,0.000,0.000,0.000,0.000,0.000,0.000,0.000,0.000,0.000,0.000,0.000,0.000,0.000,0.000,0.000,0.000,0.000,0.000,0.000,0.000,0.000,57.000,0.000,0.000,57.000,0.000,0.000,0.000,0.000,0.000,0.000,1095.000,0.000,1152.000,,PRODUCTION,0.890
2024,21778BRLBR9801R,110000340462,GLEN-GERY CORP - ROCKY RIDGE PLANT,9801 ROCKY RIDGE RD,ROCKY RIDGE,FREDERICK,MD,21778,,,39.604800,-77.329204,,BRICKWORKS BUILDING PRODUCTS NA,117186318,BRICKWORKS BUILDING PRODUCTS NORTH AMERICA,BRICKWORKS LTD,750292849,BRICKWORKS LTD,NO,327,Nonmetallic Mineral Product,,,,,,,327120,,,,,,1324222872210,Manganese compounds,NO,N450,N450,650010,YES,TRI,YES,Metal complound categories,NO,NO,NO,A,Pounds,0.000,0.000,0.000,0.000,0.000,0.000,0.000,0.000,0.000,0.000,0.000,0.000,0.000,0.000,0.000,0.000,0.000,0.000,0.000,0.000,0.000,0.000,0.000,0.000,0.000,0.000,0.000,0.000,0.000,0.000,0.000,0.000,0.000,0.000,0.000,0.000,0.000,0.000,0.000,0.000,0.000,0.000,0.000,0.000,0.000,0.000,0.000,0.000,0.000,0.000,0.000,0.000,0.000,0.000,0.000,0.000,0.000,0.000,0.000,0.000,0.000,0.000,0.000,0.000,0.000,0.000,0.000,0.000,0.000,0.000,,0.000
2024,21224BLDNG1500P,110001767464,BUILDING MATERIALS MANUFACTURING LLC,1500 S PONCA ST,BALTIMORE,BALTIMORE (CITY),MD,21224,,,39.276046,-76.554340,,G HOLDINGS INC,NA,G HOLDINGS INC,NA,,NA,NO,324,Petroleum,,,,,,,324122,,,,,,1324222526232,"Benzo[g,h,i]perylene",NO,0000191242,191-24-2,40576,YES,PBT,NO,Non_Metal,NO,YES,NO,R,Pounds,0.000,0.070,0.000,0.000,0.000,0.000,0.000,0.000,0.000,0.000,0.000,0.000,0.000,0.000,0.070,0.000,0.000,0.000,0.000,0.000,0.000,0.000,0.000,0.000,0.000,0.000,0.000,0.000,0.000,0.000,0.000,0.000,0.000,0.000,0.000,0.000,0.000,0.000,0.000,0.000,0.000,0.000,0.000,0.000,0.000,0.000,0.000,0.000,0.000,0.200,0.000,0.000,0.000,0.200,0.000,0.200,0.070,0.000,0.000,0.070,0.000,0.000,0.000,0.000,0.000,0.000,0.000,0.200,0.270,,PRODUCTION,0.900
2024,21230SHRWN2325H,110000340131,SHERWIN-WILLIAMS CO,2325 HOLLINS FERRY RD,BALTIMORE,BALTIMORE (CITY),MD,21230,,,39.263753,-76.642670,,THE SHERWIN-WILLIAMS CO,004206397,THE SHERWIN-WILLIAMS CO,NA,,NA,NO,325,Chemicals,,,,,,,325510,,,,,,1324223129141,Vinyl acetate,NO,0000108054,108-05-4,24828,YES,TRI,NO,Non_Metal,YES,NO,NO,R,Pounds,57.000,238.000,0.000,0.000,0.000,0.000,0.000,0.000,0.000,0.000,0.000,0.000,0.000,0.000,295.000,0.000,0.000,0.000,0.000,0.000,0.000,0.000,0.000,0.000,0.000,0.000,0.000,0.000,0.000,0.000,372.000,0.000,0.000,0.000,0.000,0.000,0.000,372.000,0.000,0.000,0.000,0.000,0.000,0.000,0.000,0.000,0.000,0.000,0.000,0.000,0.000,0.000,0.000,0.000,0.000,372.000,667.000,0.000,0.000,295.000,372.000,0.000,0.000,0.000,0.000,0.000,0.000,0.000,667.000,,PRODUCTION,0.960
2024,21701GRFFT200ES,110000340337,GRIFFITH ENERGY SERVICES INC FREDERICK BULK PLANT,200 E S ST,FREDERICK,FREDERICK,MD,21701,,,39.431278,-77.391821,,STAR GAS PARTNERS LP,NA,STAR GROUP LP,NA,,NA,NO,999,Other,,,,,,,457210,,,,,,1324223119316,Benzene,NO,0000071432,71-43-2,4754,YES,TRI,NO,Non_Metal,YES,NO,NO,A,Pounds,0.000,0.000,0.000,0.000,0.000,0.000,0.000,0.000,0.000,0.000,0.000,0.000,0.000,0.000,0.000,0.000,0.000,0.000,0.000,0.000,0.000,0.000,0.000,0.000,0.000,0.000,0.000,0.000,0.000,0.000,0.000,0.000,0.000,0.000,0.000,0.000,0.000,0.000,0.000,0.000,0.000,0.000,0.000,0.000,0.000,0.000,0.000,0.000,0.000,0.000,0.000,0.000,0.000,0.000,0.000,0.000,0.000,0.000,0.000,0.000,0.000,0.000,0.000,0.000,0.000,0.000,0.000,0.000,0.000,0.000,,0.000
2024,21226BLTMR2400P,110008432650,GLOBAL BALTIMORE TERMINAL,2400 PETROLIA AVE,BALTIMORE,BALTIMORE (CITY),MD,21226,,,39.235628,-76.564811,,GLOBAL PARTNERS LP,061167842,GLOBAL PARTNERS LP,NA,,NA,NO,4247,Petroleum Bulk Terminals,,,,,,,424710,,,,,,1324223180466,"Benzo[g,h,i]perylene",NO,0000191242,191-24-2,40576,YES,PBT,NO,Non_Metal,NO,YES,NO,R,Pounds,0.000,0.008,0.000,0.000,0.000,0.000,0.000,0.000,0.000,0.000,0.000,0.000,0.000,0.000,0.008,0.000,0.000,0.000,0.000,0.000,0.000,0.000,0.000,0.000,0.000,0.000,0.000,0.000,0.000,0.000,0.000,0.000,0.000,0.000,0.000,0.000,0.000,0.000,0.000,0.000,0.000,0.000,0.000,0.000,0.000,0.038,0.038,0.000,0.000,0.000,0.000,0.000,0.000,0.000,0.000,0.038,0.008,0.000,0.000,0.008,0.000,0.000,0.000,0.038,0.000,0.000,0.000,0.000,0.046,,ACTIVITY,1.000
2024,2076WJNTBS3466N,110070057475,US DOD USAF JOINT BASE ANDREWS,3466 NORTH CAROLINA AVE - C/O 316 CES,ANDREWS AIR FORCE BASE,PRINCE GEORGE'S,MD,20762,,,38.814950,-76.856052,,US DEPARTMENT OF DEFENSE,NA,US DEPARTMENT OF DEFENSE,NA,,NA,YES,999,Other,,,,,,,928110,,,,,,1324222882351,Naphthalene,NO,0000091203,91-20-3,13326,YES,TRI,NO,Non_Metal,YES,NO,NO,R,Pounds,23.000,3.000,0.000,0.000,0.000,0.000,0.000,0.000,0.000,0.000,0.000,0.000,0.000,0.000,26.000,0.000,0.000,0.000,0.000,0.000,0.000,0.000,0.000,0.000,0.000,0.000,0.000,0.000,0.000,0.000,270.000,0.000,0.000,0.000,0.000,0.000,0.000,270.000,0.000,0.000,0.000,0.000,0.000,0.000,0.000,0.000,0.000,0.000,0.000,0.000,0.000,0.000,0.000,0.000,0.000,270.000,296.000,0.000,0.000,26.000,270.000,0.000,0.000,0.000,0.000,0.000,0.000,0.000,296.000,,ACTIVITY,1.060
2024,21230SHRWN2325H,110000340131,SHERWIN-WILLIAMS CO,2325 HOLLINS FERRY RD,BALTIMORE,BALTIMORE (CITY),MD,21230,,,39.263753,-76.642670,,THE SHERWIN-WILLIAMS CO,004206397,THE SHERWIN-WILLIAMS CO,NA,,NA,NO,325,Chemicals,,,,,,,325510,,,,,,1324223129053,Ethylene glycol,NO,0000107211,107-21-1,24257,YES,TRI,NO,Non_Metal,NO,NO,NO,R,Pounds,1.000,6.000,0.000,0.000,0.000,0.000,0.000,0.000,0.000,0.000,0.000,0.000,0.000,0.000,7.000,0.000,0.000,0.000,0.000,0.000,0.000,0.000,0.000,0.000,0.000,0.000,0.000,0.000,0.000,0.000,2655.000,0.000,0.000,0.000,0.000,0.000,0.000,2655.000,0.000,0.000,0.000,0.000,0.000,0.000,0.000,0.000,0.000,0.000,0.000,0.000,0.000,21.000,0.000,21.000,0.000,2676.000,2662.000,0.000,0.000,7.000,2655.000,0.000,0.000,0.000,0.000,0.000,0.000,21.000,2683.000,,PRODUCTION,0.960
2024,2101WNBLLS465RI,110071715844,NOBLE OIL SERVICES INC.,4605 RICHLYNN DR,BELCAMP,HARFORD,MD,21017,,,39.476640,-76.233961,,CLEAN HARBORS INC,157793639,CLEAN HARBORS INC,NA,,NA,NO,4247,Petroleum Bulk Terminals,,,,,,,424710,423930,,,,,1324222546792,Polycyclic aromatic compounds,NO,N590,N590,649749,YES,PBT,NO,Non_Metal,YES,YES,NO,R,Pounds,0.030,0.023,0.000,0.000,0.000,0.000,0.000,0.000,0.000,0.000,0.000,0.000,0.000,0.000,0.053,0.000,0.000,0.000,0.000,0.000,0.000,0.000,0.000,0.000,0.000,0.000,0.000,0.000,0.000,0.000,0.702,0.000,0.000,0.000,0.000,0.000,0.000,0.702,0.000,0.000,3615.428,0.000,0.000,3615.428,0.000,0.000,0.000,0.000,0.000,0.000,0.935,0.000,0.000,0.935,0.000,3617.064,0.755,0.000,0.000,0.053,0.702,0.000,0.000,0.000,0.000,3615.428,0.000,0.935,3617.118,,PRODUCTION,0.120
2024,21230STHRN1620B,110000870914,SOUTHERN GALVANIZING CO,1620 BUSH ST,BALTIMORE,BALTIMORE (CITY),MD,21230,,,39.274244,-76.632616,,NA,,NA,NA,,NA,NO,332,Fabricated Metals,,,,,,,332812,,,,,,1324222620546,Zinc compounds,NO,N982,N982,649699,NO,TRI,YES,Metal complound categories,NO,NO,NO,R,Pounds,0.000,0.000,0.000,0.000,0.000,0.000,0.000,0.000,0.000,0.000,0.000,0.000,0.000,0.000,0.000,0.000,0.000,0.000,0.000,0.000,0.000,0.000,0.000,0.000,11090.000,0.000,0.000,0.000,0.000,0.000,0.000,0.000,0.000,0.000,0.000,0.000,0.000,11090.000,0.000,0.000,0.000,0.000,0.000,0.000,0.000,0.000,0.000,0.000,0.000,0.000,0.000,0.000,0.000,0.000,0.000,11090.000,11090.000,0.000,0.000,0.000,11090.000,0.000,0.000,0.000,0.000,0.000,0.000,0.000,11090.000,,PRODUCTION,1.000
2024,20794WMTBR2112M,110069998596,WM. T. BURNETT & CO.,2112 MONTEVIDEO RD,JESSUP,ANNE ARUNDEL,MD,20794,,,39.161873,-76.765151,,NA,,NA,NA,,NA,NO,326,Plastics and Rubber,,,,,,,326150,,,,,,1324222939353,"Tris(1,3-dichloro-2-propyl) phosphate",NO,0013674878,13674-87-8,189563,NO,TRI,NO,Non_Metal,NO,NO,NO,R,Pounds,0.000,0.000,0.000,0.000,0.000,0.000,0.000,0.000,0.000,0.000,0.000,0.000,0.000,0.000,0.000,0.000,0.000,0.000,0.000,0.000,0.000,0.000,0.000,0.000,0.000,0.000,0.000,0.000,0.000,0.000,0.000,0.000,0.000,0.000,0.000,0.000,0.000,0.000,0.000,0.000,0.000,0.000,0.000,0.000,0.000,0.000,0.000,0.000,0.000,0.000,0.000,0.000,0.000,0.000,0.000,0.000,0.000,0.000,0.000,0.000,0.000,0.000,0.000,0.000,0.000,0.000,1.000,0.000,1.000,,ACTIVITY,0.900
2024,21226MRYLN331CH,110008424936,MARYLAND CHEMICAL CO INC,3310 CHILDS ST,BALTIMORE,BALTIMORE,MD,21226,,,39.237249,-76.587739,,NA,,MARYLAND CHEMICAL CO INC,NA,,NA,NO,4246,Chemical Wholesalers,,,,,,,424690,,,,,,1324222588749,Methanol,NO,0000067561,67-56-1,4283,YES,TRI,NO,Non_Metal,NO,NO,NO,A,Pounds,0.000,0.000,0.000,0.000,0.000,0.000,0.000,0.000,0.000,0.000,0.000,0.000,0.000,0.000,0.000,0.000,0.000,0.000,0.000,0.000,0.000,0.000,0.000,0.000,0.000,0.000,0.000,0.000,0.000,0.000,0.000,0.000,0.000,0.000,0.000,0.000,0.000,0.000,0.000,0.000,0.000,0.000,0.000,0.000,0.000,0.000,0.000,0.000,0.000,0.000,0.000,0.000,0.000,0.000,0.000,0.000,0.000,0.000,0.000,0.000,0.000,0.000,0.000,0.000,0.000,0.000,0.000,0.000,0.000,0.000,,0.000
2024,20735KRBYR5401K,110001768891,KIRBY ROAD READY MIX CONCRETE,5401 KIRBY RD,CLINTON,PRINCE GEORGE'S,MD,20735,,,38.780998,-76.917661,,HOLCIM PARTICIPATIONS (US) INC,081260273,HOLCIM PARTICIPATIONS (US) INC,HOLCIM LTD.,NA,HOLCIM LTD,NO,327,Nonmetallic Mineral Product,,,,,,,327320,,,,,,1324222797755,Lead  And Lead Compounds,YES,N420,N420,650002,YES,PBT,YES,Metal complound categories,NO,YES,NO,R,Pounds,0.011,0.011,0.000,0.000,0.000,0.000,0.000,0.000,0.000,0.000,0.000,0.000,0.000,0.000,0.022,0.000,0.000,0.000,0.000,0.000,0.000,0.000,0.000,0.000,0.000,0.000,0.000,0.000,0.000,0.000,0.000,0.000,0.000,0.000,0.000,0.000,0.000,0.000,0.000,0.000,0.000,0.000,0.000,0.000,0.000,0.000,0.000,0.000,0.000,0.000,0.000,0.000,0.000,0.000,0.000,0.000,0.022,0.000,0.000,0.022,0.000,0.000,0.000,0.000,10.500,0.000,0.000,0.000,10.522,,PRODUCTION,1.300
2024,21740NDPNDSECUR,110000340408,HOLCIM(US) INC.,1260 SECURITY RD,HAGERSTOWN,WASHINGTON,MD,21742,,,39.650032,-77.689572,,HOLCIM PARTICIPATIONS (US) INC,081260273,HOLCIM PARTICIPATIONS (US) INC,HOLCIM LTD,NA,HOLCIM LTD,NO,327,Nonmetallic Mineral Product,,,,,,,327310,,,,,,1324223044809,Lead  And Lead Compounds,YES,N420,N420,650002,YES,PBT,YES,Metal complound categories,NO,YES,NO,R,Pounds,3.450,75.670,0.000,0.000,0.000,0.000,0.000,0.000,0.000,0.000,0.000,0.000,0.000,0.000,79.120,0.000,0.000,0.000,0.000,0.000,0.000,0.000,0.000,0.000,0.000,0.000,0.000,0.000,0.000,0.000,0.000,0.000,0.000,0.000,0.000,0.000,0.000,0.000,0.000,0.000,0.000,0.000,0.000,0.000,0.000,0.000,0.000,0.000,0.000,0.000,0.000,0.000,0.000,0.000,0.000,0.000,79.120,0.000,0.000,79.120,0.000,0.000,0.000,0.000,0.000,0.000,0.000,0.000,79.120,,PRODUCTION,0.760
2024,21222TNMCC2300E,110000339820,TNEMEC CO INC,2300 EDGEWATER AVE,BALTIMORE,BALTIMORE (CITY),MD,21222,,,39.261900,-76.535417,,TNEMEC CO INC,077410538,TNEMEC CO INC,NA,,NA,NO,325,Chemicals,,,,,,,325510,,,,,,1324222732176,N-Methyl-2-pyrrolidone,NO,0000872504,872-50-4,72744,NO,TRI,NO,Non_Metal,NO,NO,NO,R,Pounds,0.000,96.000,0.000,0.000,0.000,0.000,0.000,0.000,0.000,0.000,0.000,0.000,0.000,0.000,96.000,0.000,0.000,0.000,0.000,0.000,0.000,0.000,0.000,0.000,0.000,0.000,0.000,0.000,0.000,0.000,0.000,0.000,0.000,0.000,0.000,0.000,0.000,0.000,0.000,0.000,0.000,0.000,0.000,0.000,0.000,0.000,0.000,0.000,0.000,0.000,0.000,0.000,0.000,0.000,0.000,0.000,96.000,0.000,0.000,96.000,0.000,0.000,0.000,0.000,5387.000,0.000,0.000,0.000,5483.000,,PRODUCTION,1.180
2024,2064WSMLPL19NMA,110071071804,SMO LA PLATA PLANT,109 N MAPLE AVE,LA PLATA,CHARLES,MD,20646,,,38.531433,-76.976075,,STAR GROUP LP,NA,STAR GROUP LP,NA,,NA,NO,999,Other,,,,,,,454310,,,,,,1324223088028,Naphthalene,NO,0000091203,91-20-3,13326,YES,TRI,NO,Non_Metal,YES,NO,NO,A,Pounds,0.000,0.000,0.000,0.000,0.000,0.000,0.000,0.000,0.000,0.000,0.000,0.000,0.000,0.000,0.000,0.000,0.000,0.000,0.000,0.000,0.000,0.000,0.000,0.000,0.000,0.000,0.000,0.000,0.000,0.000,0.000,0.000,0.000,0.000,0.000,0.000,0.000,0.000,0.000,0.000,0.000,0.000,0.000,0.000,0.000,0.000,0.000,0.000,0.000,0.000,0.000,0.000,0.000,0.000,0.000,0.000,0.000,0.000,0.000,0.000,0.000,0.000,0.000,0.000,0.000,0.000,0.000,0.000,0.000,0.000,,0.000
2024,21076LTSPC1415M,110037142776,ELITE SPICE INC.,1415 MAGELLAN DR,HANOVER,ANNE ARUNDEL,MD,21076,,,39.175906,-76.715993,,ELITE SPICE INC,182893370,ELITE SPICE INC,NA,,NA,NO,311,Food,,,,,,,311942,,,,,,1324223155476,Ethylene oxide,NO,0000075218,75-21-8,5405,YES,TRI,NO,Non_Metal,YES,NO,NO,R,Pounds,37.000,109.000,0.000,0.000,0.000,0.000,0.000,0.000,0.000,0.000,0.000,0.000,0.000,0.000,146.000,0.000,0.000,0.000,0.000,0.000,0.000,0.000,0.000,0.000,0.000,0.000,0.000,0.000,0.000,0.000,0.000,0.000,0.000,0.000,0.000,0.000,0.000,0.000,0.000,0.000,0.000,0.000,0.000,0.000,0.000,0.000,0.000,0.000,0.000,0.000,0.000,0.000,0.000,0.000,0.000,0.000,146.000,0.000,0.000,146.000,0.000,0.000,0.000,0.000,0.000,0.000,30000.000,0.000,30146.000,,PRODUCTION,1.000
2024,21853HDSNFUSRTE,110000585251,MOUNTAIRE FARMS INC-PRINCESS ANNE FEED MILL,30607 REVELS NECK RD,WESTOVER,SOMERSET,MD,21871,,,38.152899,-75.692306,,MOUNTAIRE FARMS INC,091812669,MOUNTAIRE FARMS INC,NA,,NA,NO,311,Food,,,,,,,311119,,,,,,1324222449629,Copper compounds,NO,N100,N100,649491,NO,TRI,YES,Metal complound categories,NO,NO,NO,A,Pounds,0.000,0.000,0.000,0.000,0.000,0.000,0.000,0.000,0.000,0.000,0.000,0.000,0.000,0.000,0.000,0.000,0.000,0.000,0.000,0.000,0.000,0.000,0.000,0.000,0.000,0.000,0.000,0.000,0.000,0.000,0.000,0.000,0.000,0.000,0.000,0.000,0.000,0.000,0.000,0.000,0.000,0.000,0.000,0.000,0.000,0.000,0.000,0.000,0.000,0.000,0.000,0.000,0.000,0.000,0.000,0.000,0.000,0.000,0.000,0.000,0.000,0.000,0.000,0.000,0.000,0.000,0.000,0.000,0.000,0.000,,0.000
2024,2106WSMGLN74BAL,110071071805,SMO GLEN BURNIE PLANT,7400 BALTIMORE ANNAPOLIS BLVD,GLEN BURNIE,ANNE ARUNDEL,MD,21061,,,39.170012,-76.630366,,STAR GROUP LP,NA,STAR GROUP LP,NA,,NA,NO,999,Other,,,,,,,457210,,,,,,1324223097205,"1,2,4-Trimethylbenzene",NO,0000095636,95-63-6,16261,NO,TRI,NO,Non_Metal,NO,NO,NO,A,Pounds,0.000,0.000,0.000,0.000,0.000,0.000,0.000,0.000,0.000,0.000,0.000,0.000,0.000,0.000,0.000,0.000,0.000,0.000,0.000,0.000,0.000,0.000,0.000,0.000,0.000,0.000,0.000,0.000,0.000,0.000,0.000,0.000,0.000,0.000,0.000,0.000,0.000,0.000,0.000,0.000,0.000,0.000,0.000,0.000,0.000,0.000,0.000,0.000,0.000,0.000,0.000,0.000,0.000,0.000,0.000,0.000,0.000,0.000,0.000,0.000,0.000,0.000,0.000,0.000,0.000,0.000,0.000,0.000,0.000,0.000,,0.000
2024,21226CTGPT2201S,110019893329,CITGO PETROLEUM CORP,2201 SOUTHPORT AVE,BALTIMORE,BALTIMORE (CITY),MD,21226,,,39.229478,-76.568788,,PDV HOLDING INC.,119272531,PDV HOLDING INC,PDVSA PETROLEOS S.A.,885354373,PDVSA PETROLEOS SA,NO,4247,Petroleum Bulk Terminals,,,,,,,424710,,,,,,1324222771949,Cumene,NO,0000098828,98-82-8,18309,YES,TRI,NO,Non_Metal,YES,NO,NO,R,Pounds,2.000,6.000,0.000,0.000,0.000,0.000,0.000,0.000,0.000,0.000,0.000,0.000,0.000,0.000,8.000,0.000,0.000,0.000,0.000,0.000,0.000,0.000,0.000,0.000,0.000,0.000,0.000,0.000,0.000,0.000,0.000,0.000,0.000,0.000,0.000,0.000,0.000,0.000,0.000,0.000,0.000,0.000,0.000,0.000,0.000,0.000,0.000,0.000,0.000,0.000,0.000,0.000,0.000,0.000,0.000,0.000,8.000,0.000,0.000,8.000,0.000,0.000,0.000,0.000,0.000,0.000,181.000,0.000,189.000,,PRODUCTION,0.860
2024,21230SHRWN2325H,110000340131,SHERWIN-WILLIAMS CO,2325 HOLLINS FERRY RD,BALTIMORE,BALTIMORE (CITY),MD,21230,,,39.263753,-76.642670,,THE SHERWIN-WILLIAMS CO,004206397,THE SHERWIN-WILLIAMS CO,NA,,NA,NO,325,Chemicals,,,,,,,325510,,,,,,1324223129115,Sodium nitrite,NO,0007632000,7632-00-0,152058,NO,TRI,NO,Individually-listed compounds that contain metal,NO,NO,NO,A,Pounds,0.000,0.000,0.000,0.000,0.000,0.000,0.000,0.000,0.000,0.000,0.000,0.000,0.000,0.000,0.000,0.000,0.000,0.000,0.000,0.000,0.000,0.000,0.000,0.000,0.000,0.000,0.000,0.000,0.000,0.000,0.000,0.000,0.000,0.000,0.000,0.000,0.000,0.000,0.000,0.000,0.000,0.000,0.000,0.000,0.000,0.000,0.000,0.000,0.000,0.000,0.000,0.000,0.000,0.000,0.000,0.000,0.000,0.000,0.000,0.000,0.000,0.000,0.000,0.000,0.000,0.000,0.000,0.000,0.000,0.000,,0.000
2024,2103WBYNNS16ALT,110043326479,BEYNON SPORTS SURFACES,16 ALT RD,HUNT VALLEY,BALTIMORE,MD,21030,,,39.481660,-76.646073,,NA,,NA,NA,,NA,NO,326,Plastics and Rubber,,,,,,,326150,,,,,,1324222559902,"Toluene-2,6-diisocyanate",NO,0000091087,91-08-7,13243,NO,TRI,NO,Non_Metal,YES,NO,NO,R,Pounds,0.000,0.010,0.000,0.000,0.000,0.000,0.000,0.000,0.000,0.000,0.000,0.000,0.000,0.000,0.010,0.000,0.000,0.000,0.000,0.000,0.000,0.000,0.000,0.000,0.000,0.000,0.000,0.000,0.000,0.000,0.000,0.000,0.000,0.000,0.000,0.000,0.000,0.000,0.000,0.000,0.000,0.000,0.000,0.000,0.000,0.000,0.000,0.000,0.000,0.000,0.000,0.000,0.000,0.000,0.000,0.000,0.010,0.000,0.000,0.010,0.000,0.000,0.000,0.000,0.000,0.000,0.000,0.000,0.010,0.000,PRODUCTION,0.840
2024,21017NWNGC4611M,110037142758,PROFORM FINISHING PRODUCTS - BELCAMP,4611 MERCEDES DR,BELCAMP,HARFORD,MD,21017,,,39.479067,-76.227460,,SPANGLER COS INC,055165518,SPANGLER COS INC,NA,,NA,NO,327,Nonmetallic Mineral Product,,,,,,,327420,,,,,,1324222574218,Vinyl acetate,NO,0000108054,108-05-4,24828,YES,TRI,NO,Non_Metal,YES,NO,NO,R,Pounds,0.300,0.000,0.000,0.000,0.000,0.000,0.000,0.000,0.000,0.000,0.000,0.000,0.000,0.000,0.300,0.000,0.000,0.000,0.000,0.000,0.000,0.000,0.000,0.000,0.000,0.000,0.000,0.000,0.000,0.000,54.720,0.000,0.000,0.000,0.000,0.000,0.000,54.720,0.000,0.000,0.000,0.000,0.000,0.000,0.000,0.000,0.000,0.000,0.000,0.000,0.000,0.000,0.000,0.000,0.000,54.720,55.020,0.000,0.000,0.300,54.720,0.000,0.000,0.000,0.000,0.000,0.000,0.000,55.020,,PRODUCTION,1.030
2024,20623SDPRT9CMMR,110042010098,U.S. DHS FLETC CHELTENHAM MD,9000 COMMO RD,CHELTENHAM,PRINCE GEORGE'S,MD,20623,,,38.746302,-76.846527,,NA,,US DEPARTMENT OF HOMELAND SECURITY,NA,,NA,YES,999,Other,,,,,,,928110,,,,,,1324222565982,Copper  And Copper Compounds,YES,N100,N100,649491,NO,TRI,YES,Metal complound categories,NO,NO,NO,R,Pounds,0.000,0.000,0.000,0.000,0.000,0.000,0.000,0.000,0.000,0.000,0.000,0.000,0.000,0.000,0.000,0.000,0.000,0.000,0.000,0.000,0.000,0.000,0.000,0.000,0.000,0.000,0.000,0.000,0.000,0.000,0.000,69.040,0.000,0.000,0.000,0.000,0.000,69.040,0.000,17116.470,0.000,0.000,0.000,17116.470,0.000,0.000,0.000,0.000,0.000,0.000,0.000,0.000,0.000,0.000,0.000,17185.510,69.040,0.000,0.000,0.000,69.040,0.000,0.000,0.000,0.000,17116.470,0.000,0.000,17185.510,,ACTIVITY,1.460
2024,2162WDXNVL365HA,110071498448,DIXON VALVE & COUPLING CO,365 HAACKE DR.,CHESTERTOWN,KENT,MD,21620,,,39.229002,-76.069845,,NA,,NA,NA,,NA,NO,332,Fabricated Metals,,,,,,,332912,332911,332919,,,,1324222771305,Lead,NO,0007439921,7439-92-1,149583,NO,PBT,YES,Elemental metals,YES,YES,NO,R,Pounds,0.000,0.000,0.000,0.000,0.000,0.000,0.000,0.000,0.000,0.000,0.000,0.000,0.000,0.000,0.000,0.000,0.000,0.000,0.000,0.000,0.000,0.000,0.000,0.000,0.000,0.000,0.000,0.000,0.000,0.000,0.000,0.000,0.000,0.000,0.000,0.000,0.000,0.000,0.000,664.176,0.000,0.000,0.000,664.176,0.000,0.000,0.000,0.000,0.000,0.000,0.000,0.000,0.000,0.000,0.000,664.176,0.000,0.000,0.000,0.000,0.000,0.000,0.000,0.000,0.000,664.176,0.000,0.000,664.176,,PRODUCTION,1.000
2024,21226CHMTL711PI,110000867036,VIBRANTZ SPECIALTY PRODUCTS LLC,610 PITTMAN RD,BALTIMORE,ANNE ARUNDEL,MD,21226,,,39.194777,-76.564171,,VIBRANTZ TECHNOLOGIES INC,080520213,VIBRANTZ TECHNOLOGIES INC,NA,,NA,NO,325,Chemicals,,,,,,,325180,,,,,,1324223034556,Lead  And Lead Compounds,YES,N420,N420,650002,YES,PBT,YES,Metal complound categories,NO,YES,NO,R,Pounds,0.000,0.000,0.001,0.000,0.000,0.000,0.000,0.000,0.000,0.000,0.000,0.000,0.000,0.000,0.001,0.000,0.000,0.000,0.000,8.000,0.000,0.000,0.000,0.000,0.000,0.000,0.000,0.000,0.000,0.000,0.000,0.000,0.000,0.000,0.000,0.000,0.000,8.000,0.000,0.000,0.000,0.000,0.000,0.000,0.000,0.000,0.000,0.000,0.000,0.000,0.000,0.000,0.000,0.000,0.000,8.000,8.001,0.000,0.000,0.001,0.000,8.000,0.000,0.000,0.000,0.000,0.000,0.000,8.001,,PRODUCTION,0.850
2024,2174WSCHST1SHER,110062900124,SCHUSTER CONCRETE READY MIX LLC-SHERMAN AVE,1000 SHERMAN AVE,HAGERSTOWN,WASHINGTON,MD,21740,,,39.630587,-77.738591,,SCHUSTER CONCRETE READY MIX LLC,NA,SCHUSTER CONCRETE READY MIX LLC,NA,,NA,NO,327,Nonmetallic Mineral Product,,,,,,,327320,,,,,,1324222431227,Nickel compounds,NO,N495,N495,650036,YES,TRI,YES,Metal complound categories,YES,NO,NO,A,Pounds,0.000,0.000,0.000,0.000,0.000,0.000,0.000,0.000,0.000,0.000,0.000,0.000,0.000,0.000,0.000,0.000,0.000,0.000,0.000,0.000,0.000,0.000,0.000,0.000,0.000,0.000,0.000,0.000,0.000,0.000,0.000,0.000,0.000,0.000,0.000,0.000,0.000,0.000,0.000,0.000,0.000,0.000,0.000,0.000,0.000,0.000,0.000,0.000,0.000,0.000,0.000,0.000,0.000,0.000,0.000,0.000,0.000,0.000,0.000,0.000,0.000,0.000,0.000,0.000,0.000,0.000,0.000,0.000,0.000,0.000,,0.000
2024,21801PRDNCZIONC,110009684010,PERDUE AGRIBUSINESS LLC - SALISBURY MD,6906 ZION CHURCH RD,SALISBURY,WICOMICO,MD,21804,,,38.381856,-75.526028,,PERDUE FARMS INC,022666820,PERDUE FARMS INC,NA,,NA,NO,311,Food,,,,,,,311224,311225,311119,,,,1324222868174,Manganese compounds,NO,N450,N450,650010,YES,TRI,YES,Metal complound categories,NO,NO,NO,A,Pounds,0.000,0.000,0.000,0.000,0.000,0.000,0.000,0.000,0.000,0.000,0.000,0.000,0.000,0.000,0.000,0.000,0.000,0.000,0.000,0.000,0.000,0.000,0.000,0.000,0.000,0.000,0.000,0.000,0.000,0.000,0.000,0.000,0.000,0.000,0.000,0.000,0.000,0.000,0.000,0.000,0.000,0.000,0.000,0.000,0.000,0.000,0.000,0.000,0.000,0.000,0.000,0.000,0.000,0.000,0.000,0.000,0.000,0.000,0.000,0.000,0.000,0.000,0.000,0.000,0.000,0.000,0.000,0.000,0.000,0.000,,0.000
2024,21740NDPNDSECUR,110000340408,HOLCIM(US) INC.,1260 SECURITY RD,HAGERSTOWN,WASHINGTON,MD,21742,,,39.650032,-77.689572,,HOLCIM PARTICIPATIONS (US) INC,081260273,HOLCIM PARTICIPATIONS (US) INC,HOLCIM LTD,NA,HOLCIM LTD,NO,327,Nonmetallic Mineral Product,,,,,,,327310,,,,,,1324223044785,Zinc compounds,NO,N982,N982,649699,NO,TRI,YES,Metal complound categories,NO,NO,NO,R,Pounds,21.910,32.090,0.000,0.000,0.000,0.000,0.000,0.000,0.000,0.000,0.000,0.000,0.000,0.000,54.000,0.000,0.000,0.000,0.000,0.000,0.000,0.000,0.000,0.000,0.000,0.000,0.000,0.000,0.000,0.000,0.000,0.000,0.000,0.000,0.000,0.000,0.000,0.000,0.000,0.000,0.000,0.000,0.000,0.000,0.000,0.000,0.000,0.000,0.000,0.000,0.000,0.000,0.000,0.000,0.000,0.000,54.000,0.000,0.000,54.000,0.000,0.000,0.000,0.000,0.000,0.000,0.000,0.000,54.000,,PRODUCTION,0.760
2024,21795PSNCH16414,110000340523,ENGINEERED POLYMER SOLUTIONS INC.,16414 INDUSTRIAL LN,WILLIAMSPORT,WASHINGTON,MD,21795,,,39.597371,-77.800568,,THE SHERWIN-WILLIAMS CO,004206397,THE SHERWIN-WILLIAMS CO,NA,,NA,NO,325,Chemicals,,,,,,,325510,,,,,,1324223087091,Acrylic acid,NO,0000079107,79-10-7,7617,YES,TRI,NO,Non_Metal,NO,NO,NO,R,Pounds,0.000,122.000,0.000,0.000,0.000,0.000,0.000,0.000,0.000,0.000,0.000,0.000,0.000,0.000,122.000,0.000,0.000,0.000,0.000,0.000,0.000,0.000,0.000,0.000,0.000,0.000,0.000,0.000,0.000,0.000,0.000,0.000,0.000,0.000,0.000,0.000,0.000,0.000,0.000,0.000,0.000,0.000,0.000,0.000,0.000,0.000,0.000,0.000,0.000,0.000,0.000,3149.000,0.000,3149.000,0.000,3149.000,122.000,0.000,0.000,122.000,0.000,0.000,0.000,0.000,0.000,0.000,0.000,3149.000,3271.000,,PRODUCTION,1.280
2024,21237BLTMR7110Q,110000340159,GALVCO MARYLAND LLC,7110 QUAD AVE,BALTIMORE,BALTIMORE (CITY),MD,21237,,,39.305376,-76.517772,,GALVCO MARYLAND LLC,939583535,GALVCO MARYLAND LLC,NA,,NA,NO,332,Fabricated Metals,,,,,,,332812,,,,,,1324223136375,Zinc compounds,NO,N982,N982,649699,NO,TRI,YES,Metal complound categories,NO,NO,NO,R,Pounds,0.000,0.000,24.000,0.000,0.000,0.000,0.000,0.000,0.000,0.000,0.000,0.000,0.000,0.000,24.000,0.000,0.000,0.000,0.000,0.000,0.000,0.000,0.000,0.000,0.000,0.000,0.000,0.000,0.000,0.000,0.000,0.000,0.000,0.000,0.000,2043.000,0.000,2043.000,0.000,0.000,0.000,0.000,74404.000,74404.000,0.000,0.000,0.000,0.000,0.000,0.000,0.000,0.000,0.000,0.000,0.000,76447.000,2067.000,0.000,0.000,24.000,0.000,2043.000,0.000,0.000,0.000,74404.000,0.000,0.000,76471.000,,PRODUCTION,1.000
2024,21830LNGLFOLDRA,110056012826,LONG LIFE TREATED WOOD INC,8150 OLD RAILROAD RD,HEBRON,WICOMICO,MD,21830,,,38.422498,-75.697375,,NA,,NA,NA,,NA,NO,321,Wood Products,,,,,,,321114,,,,,,1324222693830,Chromium compounds (except for chromite ore mined in the Transvaal Region),NO,N090,N090,649475,YES,TRI,YES,Metal complound categories,NO,NO,NO,A,Pounds,0.000,0.000,0.000,0.000,0.000,0.000,0.000,0.000,0.000,0.000,0.000,0.000,0.000,0.000,0.000,0.000,0.000,0.000,0.000,0.000,0.000,0.000,0.000,0.000,0.000,0.000,0.000,0.000,0.000,0.000,0.000,0.000,0.000,0.000,0.000,0.000,0.000,0.000,0.000,0.000,0.000,0.000,0.000,0.000,0.000,0.000,0.000,0.000,0.000,0.000,0.000,0.000,0.000,0.000,0.000,0.000,0.000,0.000,0.000,0.000,0.000,0.000,0.000,0.000,0.000,0.000,0.000,0.000,0.000,0.000,,0.000
2024,21220TLLYC501CH,110019855192,TILLEY DISTRIBUTION,501 CHESAPEAKE PARK PLAZA,MIDDLE RIVER,BALTIMORE,MD,21220,,,39.327018,-76.428022,,SK TILLEY HOLDING LP,NA,SK TILLEY HOLDING LP,NA,,NA,NO,4246,Chemical Wholesalers,,,,,,,424690,,,,,,1324222416125,Nonylphenol Ethoxylates,NO,N535,N535,1978074,NO,TRI,NO,Non_Metal,NO,NO,NO,A,Pounds,0.000,0.000,0.000,0.000,0.000,0.000,0.000,0.000,0.000,0.000,0.000,0.000,0.000,0.000,0.000,0.000,0.000,0.000,0.000,0.000,0.000,0.000,0.000,0.000,0.000,0.000,0.000,0.000,0.000,0.000,0.000,0.000,0.000,0.000,0.000,0.000,0.000,0.000,0.000,0.000,0.000,0.000,0.000,0.000,0.000,0.000,0.000,0.000,0.000,0.000,0.000,0.000,0.000,0.000,0.000,0.000,0.000,0.000,0.000,0.000,0.000,0.000,0.000,0.000,0.000,0.000,0.000,0.000,0.000,0.000,,0.000
2024,21230SHRWN2325H,110000340131,SHERWIN-WILLIAMS CO,2325 HOLLINS FERRY RD,BALTIMORE,BALTIMORE (CITY),MD,21230,,,39.263753,-76.642670,,THE SHERWIN-WILLIAMS CO,004206397,THE SHERWIN-WILLIAMS CO,NA,,NA,NO,325,Chemicals,,,,,,,325510,,,,,,1324223129091,Nonylphenol Ethoxylates,NO,N535,N535,1978074,NO,TRI,NO,Non_Metal,NO,NO,NO,R,Pounds,0.000,0.000,0.000,0.000,0.000,0.000,0.000,0.000,0.000,0.000,0.000,0.000,0.000,0.000,0.000,0.000,0.000,0.000,0.000,0.000,0.000,0.000,0.000,0.000,0.000,0.000,0.000,0.000,0.000,0.000,3251.000,0.000,0.000,0.000,0.000,0.000,0.000,3251.000,0.000,0.000,0.000,0.000,0.000,0.000,0.000,0.000,0.000,0.000,0.000,0.000,0.000,670.000,0.000,670.000,0.000,3921.000,3251.000,0.000,0.000,0.000,3251.000,0.000,0.000,0.000,0.000,0.000,0.000,670.000,3921.000,,PRODUCTION,0.960
2024,2123WCLNHR191RU,110029273417,CLEAN HARBORS OF BALTIMORE INC.,1910 RUSSELL STREET,BALTIMORE,BALTIMORE (CITY),MD,21230,,,39.270654,-76.632639,,CLEAN HARBORS INC,039322250,CLEAN HARBORS INC,NA,,NA,NO,562,Hazardous Waste,,,,,,,562211,,,,,,1324223156922,Pendimethalin,NO,0040487421,40487-42-1,281436,NO,PBT,NO,Non_Metal,NO,YES,NO,R,Pounds,0.000,0.000,0.000,0.000,0.000,0.000,0.000,0.000,0.000,0.000,0.000,0.000,0.000,0.000,0.000,0.000,0.000,0.000,0.000,0.000,0.000,0.000,0.000,0.000,0.000,0.000,0.000,0.000,0.000,0.000,0.000,0.000,0.000,0.000,0.000,0.000,0.000,0.000,0.000,0.000,0.000,0.000,0.000,0.000,0.000,0.000,0.000,0.000,0.000,0.000,0.000,0.000,0.000,0.000,0.000,0.000,0.000,0.000,0.000,0.000,0.000,0.000,0.000,0.000,0.000,0.000,30205.980,0.000,30205.980,,PRODUCTION,0.730
2024,21157GRFFT8SULL,110002341476,GRIFFITH ENERGY SERVICES INC BARE,8 SULLIVAN AVE,WESTMINSTER,CARROLL,MD,21157,,,39.588030,-76.996047,,STAR GROUP LP,NA,STAR GROUP LP,NA,,NA,NO,999,Other,,,,,,,457210,,,,,,1324223106194,"1,2,4-Trimethylbenzene",NO,0000095636,95-63-6,16261,NO,TRI,NO,Non_Metal,NO,NO,NO,A,Pounds,0.000,0.000,0.000,0.000,0.000,0.000,0.000,0.000,0.000,0.000,0.000,0.000,0.000,0.000,0.000,0.000,0.000,0.000,0.000,0.000,0.000,0.000,0.000,0.000,0.000,0.000,0.000,0.000,0.000,0.000,0.000,0.000,0.000,0.000,0.000,0.000,0.000,0.000,0.000,0.000,0.000,0.000,0.000,0.000,0.000,0.000,0.000,0.000,0.000,0.000,0.000,0.000,0.000,0.000,0.000,0.000,0.000,0.000,0.000,0.000,0.000,0.000,0.000,0.000,0.000,0.000,0.000,0.000,0.000,0.000,,0.000
2024,21226CTGPT2201S,110019893329,CITGO PETROLEUM CORP,2201 SOUTHPORT AVE,BALTIMORE,BALTIMORE (CITY),MD,21226,,,39.229478,-76.568788,,PDV HOLDING INC.,119272531,PDV HOLDING INC,PDVSA PETROLEOS S.A.,885354373,PDVSA PETROLEOS SA,NO,4247,Petroleum Bulk Terminals,,,,,,,424710,,,,,,1324222771976,n-Hexane,NO,0000110543,110-54-3,26740,YES,TRI,NO,Non_Metal,NO,NO,NO,R,Pounds,131.000,281.000,0.000,0.000,0.000,0.000,0.000,0.000,0.000,0.000,0.000,0.000,0.000,0.000,412.000,0.000,0.000,0.000,0.000,0.000,0.000,0.000,0.000,0.000,0.000,0.000,0.000,0.000,0.000,0.000,0.000,0.000,0.000,0.000,0.000,0.000,0.000,0.000,0.000,0.000,0.000,0.000,0.000,0.000,0.000,0.000,0.000,0.000,0.000,0.000,0.000,0.000,0.000,0.000,0.000,0.000,412.000,0.000,0.000,412.000,0.000,0.000,0.000,0.000,0.000,0.000,14311.000,0.000,14723.000,,PRODUCTION,0.860
2024,21795PSNCH16414,110000340523,ENGINEERED POLYMER SOLUTIONS INC.,16414 INDUSTRIAL LN,WILLIAMSPORT,WASHINGTON,MD,21795,,,39.597371,-77.800568,,THE SHERWIN-WILLIAMS CO,004206397,THE SHERWIN-WILLIAMS CO,NA,,NA,NO,325,Chemicals,,,,,,,325510,,,,,,1324223087127,Ethylbenzene,NO,0000100414,100-41-4,19406,YES,TRI,NO,Non_Metal,YES,NO,NO,A,Pounds,0.000,0.000,0.000,0.000,0.000,0.000,0.000,0.000,0.000,0.000,0.000,0.000,0.000,0.000,0.000,0.000,0.000,0.000,0.000,0.000,0.000,0.000,0.000,0.000,0.000,0.000,0.000,0.000,0.000,0.000,0.000,0.000,0.000,0.000,0.000,0.000,0.000,0.000,0.000,0.000,0.000,0.000,0.000,0.000,0.000,0.000,0.000,0.000,0.000,0.000,0.000,0.000,0.000,0.000,0.000,0.000,0.000,0.000,0.000,0.000,0.000,0.000,0.000,0.000,0.000,0.000,0.000,0.000,0.000,0.000,,0.000
2024,2123WCLNHR191RU,110029273417,CLEAN HARBORS OF BALTIMORE INC.,1910 RUSSELL STREET,BALTIMORE,BALTIMORE (CITY),MD,21230,,,39.270654,-76.632639,,CLEAN HARBORS INC,039322250,CLEAN HARBORS INC,NA,,NA,NO,562,Hazardous Waste,,,,,,,562211,,,,,,1324223156908,Manganese compounds,NO,N450,N450,650010,YES,TRI,YES,Metal complound categories,NO,NO,NO,R,Pounds,0.000,0.000,0.000,0.000,0.000,0.000,0.000,0.000,0.000,0.000,0.000,0.000,0.000,0.000,0.000,0.000,0.000,0.000,0.000,0.000,0.000,0.000,0.000,0.000,0.000,0.000,0.000,0.000,0.000,0.000,2807.500,0.000,0.000,0.000,0.000,0.000,0.000,2807.500,0.000,0.000,93.825,0.000,0.000,93.825,0.000,0.000,0.000,0.000,0.000,0.000,0.000,0.000,0.000,0.000,0.000,2901.325,2807.500,0.000,0.000,0.000,2807.500,0.000,0.000,0.000,0.000,93.825,0.000,0.000,2901.325,,PRODUCTION,0.830
2024,21226BRNDN1000B,110038162902,BRANDON SHORES & WAGNER COMPLEX,3000 BRANDON SHORES RD,CURTIS BAY,ANNE ARUNDEL,MD,21226,,,39.178257,-76.541842,,TALEN ENERGY,078612047,TALEN ENERGY CORP,NA,,NA,NO,2211,Electric Utilities,,,,,,,221112,,,,,,1324222802249,Arsenic  And Arsenic Compounds,YES,N020,N020,649418,YES,TRI,YES,Metal complound categories,YES,NO,NO,R,Pounds,0.000,19.000,0.000,0.000,0.000,0.000,0.000,0.000,0.000,0.000,0.000,0.000,0.000,0.000,19.000,0.000,0.000,0.000,0.000,0.000,0.000,0.000,0.000,0.000,0.000,0.000,0.000,0.000,0.000,0.000,3724.000,0.000,0.000,0.000,0.000,0.000,0.000,3724.000,0.000,0.000,0.000,0.000,0.000,0.000,0.000,0.000,0.000,0.000,0.000,0.000,0.000,0.000,0.000,0.000,0.000,3724.000,3743.000,0.000,0.000,19.000,3724.000,0.000,0.000,0.000,0.000,0.000,0.000,0.000,3743.000,,PRODUCTION,1.520
2024,2085WSCHST15121,110070244711,SCHUSTER CONCRETE READY MIX LLC-SOUTHLAWN LN,15121 SOUTHLAWN LN,ROCKVILLE,MONTGOMERY,MD,20850,,,39.104769,-77.132699,,SCHUSTER CONCRETE READY MIX LLC,NA,SCHUSTER CONCRETE READY MIX LLC,NA,,NA,NO,327,Nonmetallic Mineral Product,,,,,,,327320,,,,,,1324222430922,Nitrate compounds (water dissociable; reportable only when in aqueous solution),NO,N511,N511,649616,NO,TRI,NO,May contain metal,NO,NO,NO,A,Pounds,0.000,0.000,0.000,0.000,0.000,0.000,0.000,0.000,0.000,0.000,0.000,0.000,0.000,0.000,0.000,0.000,0.000,0.000,0.000,0.000,0.000,0.000,0.000,0.000,0.000,0.000,0.000,0.000,0.000,0.000,0.000,0.000,0.000,0.000,0.000,0.000,0.000,0.000,0.000,0.000,0.000,0.000,0.000,0.000,0.000,0.000,0.000,0.000,0.000,0.000,0.000,0.000,0.000,0.000,0.000,0.000,0.000,0.000,0.000,0.000,0.000,0.000,0.000,0.000,0.000,0.000,0.000,0.000,0.000,0.000,,0.000
2024,21017NWNGC4611M,110037142758,PROFORM FINISHING PRODUCTS - BELCAMP,4611 MERCEDES DR,BELCAMP,HARFORD,MD,21017,,,39.479067,-76.227460,,SPANGLER COS INC,055165518,SPANGLER COS INC,NA,,NA,NO,327,Nonmetallic Mineral Product,,,,,,,327420,,,,,,1324222574206,Lead  And Lead Compounds,YES,N420,N420,650002,YES,PBT,YES,Metal complound categories,NO,YES,NO,R,Pounds,0.000,0.000,0.000,0.000,0.000,0.000,0.000,0.000,0.000,0.000,0.000,0.000,0.000,0.000,0.000,0.000,0.000,0.000,0.000,0.000,0.000,0.000,0.000,0.000,0.000,0.000,0.000,0.000,0.000,0.000,0.950,0.000,0.000,0.000,0.000,0.000,0.000,0.950,0.000,0.000,0.000,0.000,0.000,0.000,0.000,0.000,0.000,0.000,0.000,0.000,0.000,0.000,0.000,0.000,0.000,0.950,0.950,0.000,0.000,0.000,0.950,0.000,0.000,0.000,0.000,0.000,0.000,0.000,0.950,,PRODUCTION,1.030
2024,21787NGRSL5310T,110003513305,FLOWSERVE FSG,5310 TANEYTOWN PIKE,TANEYTOWN,CARROLL,MD,21787,,,39.665103,-77.186156,,FLOWSERVE CORP,070155994,FLOWSERVE CORP,NA,,NA,NO,333,Machinery,,,,,,,333996,,,,,,1324222681153,Chromium,NO,0007440473,7440-47-3,150060,YES,TRI,YES,Elemental metals,NO,NO,NO,A,Pounds,0.000,0.000,0.000,0.000,0.000,0.000,0.000,0.000,0.000,0.000,0.000,0.000,0.000,0.000,0.000,0.000,0.000,0.000,0.000,0.000,0.000,0.000,0.000,0.000,0.000,0.000,0.000,0.000,0.000,0.000,0.000,0.000,0.000,0.000,0.000,0.000,0.000,0.000,0.000,0.000,0.000,0.000,0.000,0.000,0.000,0.000,0.000,0.000,0.000,0.000,0.000,0.000,0.000,0.000,0.000,0.000,0.000,0.000,0.000,0.000,0.000,0.000,0.000,0.000,0.000,0.000,0.000,0.000,0.000,0.000,,0.000
2024,2070WNTNLL6AMME,110014351030,BUREAU OF ALCOHOL TOBACCO FIREARMS & EXPLOSIVES,6000 AMMENDALE RD,BELTSVILLE,PRINCE GEORGE'S,MD,20705,,,39.055569,-76.901951,,US DEPARTMENT OF JUSTICE,NA,US DEPARTMENT OF JUSTICE,NA,,NA,YES,999,Other,,,,,,,922120,,,,,,1324222436329,Lead,NO,0007439921,7439-92-1,149583,NO,PBT,YES,Elemental metals,YES,YES,NO,R,Pounds,0.000,0.000,0.000,0.000,0.000,0.000,0.000,0.000,0.000,0.000,0.000,0.000,0.000,0.000,0.000,0.000,0.000,0.000,0.000,75.000,0.000,0.000,0.000,0.000,0.000,0.000,0.000,0.000,0.000,0.000,0.000,0.000,0.000,0.000,0.000,0.000,0.000,75.000,0.000,0.000,0.000,0.000,0.000,0.000,0.000,0.000,0.000,0.000,0.000,0.000,0.000,0.000,0.000,0.000,0.000,75.000,75.000,0.000,0.000,0.000,0.000,75.000,0.000,0.000,0.000,0.000,0.000,0.000,75.000,,PRODUCTION,0.300
2024,2163WVLPCN14IND,110015308273,VALPAC INC.,1400 INDUSTRIAL PARK ROAD,FEDERALSBURG,CAROLINE,MD,21632,,,38.686325,-75.758080,,NA,,NA,NA,,NA,NO,325,Chemicals,,,,,,,325520,,,,,,1324222716538,Methyl methacrylate,NO,0000080626,80-62-6,8458,YES,TRI,NO,Non_Metal,NO,NO,NO,R,Pounds,47.400,66.700,0.000,0.000,0.000,0.000,0.000,0.000,0.000,0.000,0.000,0.000,0.000,0.000,114.100,0.000,0.000,0.000,0.000,0.000,0.000,0.000,0.000,0.000,0.000,0.000,0.000,0.000,0.000,0.000,0.000,0.000,0.000,0.000,0.000,0.000,0.000,0.000,0.000,0.000,0.000,0.000,0.000,0.000,0.000,0.000,0.000,0.000,0.000,0.000,0.000,0.000,0.000,0.000,0.000,0.000,114.100,0.000,0.000,114.100,0.000,0.000,0.000,0.000,0.000,0.000,0.000,0.000,114.100,,PRODUCTION,2.690
2024,21701MCCRM7202M,110000340346,MCCORMICK PAINT WORKS CO,7202 MCKINNEY CIR,FREDERICK,FREDERICK,MD,21704,,,39.361612,-77.418425,,MCCORMICK PAINT WORKS CO,003248275,MCCORMICK PAINT WORKS CO,NA,,NA,NO,325,Chemicals,,,,,,,325510,,,,,,1324222829400,Ethylene glycol,NO,0000107211,107-21-1,24257,YES,TRI,NO,Non_Metal,NO,NO,NO,R,Pounds,0.000,0.000,0.000,0.000,0.000,0.000,0.000,0.000,0.000,0.000,0.000,0.000,0.000,0.000,0.000,0.000,0.000,0.000,0.000,0.000,0.000,0.000,0.000,0.000,0.000,0.000,0.000,0.000,0.000,0.000,0.000,0.000,0.000,0.000,0.000,0.000,0.000,0.000,0.000,0.000,0.000,0.000,0.000,0.000,0.000,0.000,0.000,0.000,0.000,0.000,0.000,0.000,0.000,0.000,0.000,0.000,0.000,0.000,0.000,0.000,0.000,0.000,0.000,0.000,0.000,0.000,0.000,0.000,0.000,,PRODUCTION,0.970
2024,2163WVLPCN14IND,110015308273,VALPAC INC.,1400 INDUSTRIAL PARK ROAD,FEDERALSBURG,CAROLINE,MD,21632,,,38.686325,-75.758080,,NA,,NA,NA,,NA,NO,325,Chemicals,,,,,,,325520,,,,,,1324222716502,Toluene,NO,0000108883,108-88-3,25452,YES,TRI,NO,Non_Metal,NO,NO,NO,R,Pounds,76.100,330.000,0.000,0.000,0.000,0.000,0.000,0.000,0.000,0.000,0.000,0.000,0.000,0.000,406.100,0.000,0.000,0.000,0.000,0.000,0.000,0.000,0.000,0.000,0.000,0.000,0.000,0.000,0.000,0.000,0.000,0.000,0.000,0.000,0.000,0.000,0.000,0.000,0.000,0.000,0.000,0.000,0.000,0.000,0.000,0.000,0.000,0.000,0.000,0.000,0.000,0.000,0.000,0.000,0.000,0.000,406.100,0.000,0.000,406.100,0.000,0.000,0.000,0.000,0.000,0.000,0.000,0.000,406.100,,PRODUCTION,1.320
2024,21863HLLYF207BA,110000340694,TYSON FARMS INC FEED MILL SNOW HILL,207 BAY ST,SNOW HILL,WORCESTER,MD,21863,,,38.176715,-75.384620,,TYSON FOODS INC,006903702,TYSON FOODS INC,NA,,NA,NO,311,Food,,,,,,,311119,,,,,,1324222513525,Manganese compounds,NO,N450,N450,650010,YES,TRI,YES,Metal complound categories,NO,NO,NO,A,Pounds,0.000,0.000,0.000,0.000,0.000,0.000,0.000,0.000,0.000,0.000,0.000,0.000,0.000,0.000,0.000,0.000,0.000,0.000,0.000,0.000,0.000,0.000,0.000,0.000,0.000,0.000,0.000,0.000,0.000,0.000,0.000,0.000,0.000,0.000,0.000,0.000,0.000,0.000,0.000,0.000,0.000,0.000,0.000,0.000,0.000,0.000,0.000,0.000,0.000,0.000,0.000,0.000,0.000,0.000,0.000,0.000,0.000,0.000,0.000,0.000,0.000,0.000,0.000,0.000,0.000,0.000,0.000,0.000,0.000,0.000,,0.000
2024,21076LTSPC1415M,110037142776,ELITE SPICE INC.,1415 MAGELLAN DR,HANOVER,ANNE ARUNDEL,MD,21076,,,39.175906,-76.715993,,ELITE SPICE INC,182893370,ELITE SPICE INC,NA,,NA,NO,311,Food,,,,,,,311942,,,,,,1324223155464,Ethylene glycol,NO,0000107211,107-21-1,24257,YES,TRI,NO,Non_Metal,NO,NO,NO,R,Pounds,0.000,0.000,0.000,0.000,0.000,0.000,0.000,0.000,0.000,0.000,0.000,0.000,0.000,0.000,0.000,0.000,42265.000,42265.000,0.000,0.000,0.000,0.000,0.000,0.000,0.000,0.000,0.000,0.000,0.000,0.000,0.000,0.000,0.000,0.000,0.000,0.000,0.000,0.000,0.000,0.000,0.000,0.000,0.000,0.000,0.000,0.000,0.000,0.000,0.000,0.000,0.000,0.000,0.000,42265.000,0.000,42265.000,0.000,0.000,0.000,0.000,0.000,0.000,0.000,0.000,0.000,0.000,0.000,42265.000,42265.000,,PRODUCTION,0.850
2024,21701GRFFT200ES,110000340337,GRIFFITH ENERGY SERVICES INC FREDERICK BULK PLANT,200 E S ST,FREDERICK,FREDERICK,MD,21701,,,39.431278,-77.391821,,STAR GAS PARTNERS LP,NA,STAR GROUP LP,NA,,NA,NO,999,Other,,,,,,,457210,,,,,,1324223119304,Cumene,NO,0000098828,98-82-8,18309,YES,TRI,NO,Non_Metal,YES,NO,NO,A,Pounds,0.000,0.000,0.000,0.000,0.000,0.000,0.000,0.000,0.000,0.000,0.000,0.000,0.000,0.000,0.000,0.000,0.000,0.000,0.000,0.000,0.000,0.000,0.000,0.000,0.000,0.000,0.000,0.000,0.000,0.000,0.000,0.000,0.000,0.000,0.000,0.000,0.000,0.000,0.000,0.000,0.000,0.000,0.000,0.000,0.000,0.000,0.000,0.000,0.000,0.000,0.000,0.000,0.000,0.000,0.000,0.000,0.000,0.000,0.000,0.000,0.000,0.000,0.000,0.000,0.000,0.000,0.000,0.000,0.000,0.000,,0.000
2024,21226LCLCX3440F,110000867321,SOLVAY USA LLC,3440 FAIRFIELD RD,BALTIMORE,BALTIMORE (CITY),MD,21226,,,39.233914,-76.576864,,SYENSQO HOLDING INC,874748937,SYENSQO HOLDING INC,SYENSQO SA,372787070,SYENSQO SA,NO,325,Chemicals,,,,,,,325613,325199,,,,,1324223131487,Certain glycol ethers,NO,N230,N230,649541,YES,TRI,NO,May contain metal,NO,NO,NO,R,Pounds,0.000,0.000,0.000,0.000,0.000,0.000,0.000,0.000,0.000,0.000,0.000,0.000,0.000,0.000,0.000,11.000,126.000,137.000,0.000,0.000,0.000,0.000,0.000,0.000,0.000,0.000,0.000,0.000,0.000,0.000,0.000,0.000,0.000,0.000,0.000,0.000,0.000,11.000,0.000,0.000,0.000,0.000,0.000,0.000,0.000,0.000,0.000,0.000,0.000,0.000,0.000,0.000,0.000,126.000,0.000,137.000,11.000,0.000,0.000,0.000,0.000,11.000,0.000,0.000,0.000,0.000,0.000,126.000,137.000,,PRODUCTION,1.700
2024,20892NTNLN9000R,110000869720,U.S. PUBLIC HEALTH SERVICE NATIONAL INSTITUTES OF HEALTH,9000 ROCKVILLE PIKE,BETHESDA,MONTGOMERY,MD,20892,,,39.003730,-77.097478,,US DEPARTMENT OF HEALTH & HUMAN SERVICES,NA,US DEPARTMENT OF HEALTH & HUMAN SERVICES,NA,,NA,YES,999,Other,,,,,,,541711,,,,,,1324222545459,Polychlorinated biphenyls,NO,0001336363,1336-36-3,85878,YES,PBT,NO,Non_Metal,YES,YES,NO,R,Pounds,0.000,0.000,0.000,0.000,0.000,0.000,0.000,0.000,0.000,0.000,0.000,0.000,0.000,0.000,0.000,0.000,0.000,0.000,0.000,0.000,0.000,0.000,0.000,0.000,0.000,0.000,0.000,0.000,0.000,0.000,196.040,0.000,0.000,0.000,0.000,0.000,0.000,196.040,0.000,0.000,0.000,0.000,0.000,0.000,0.000,0.000,0.000,0.000,0.000,0.000,0.000,0.000,0.000,0.000,0.000,196.040,196.040,0.000,0.000,0.000,196.040,0.000,0.000,0.000,0.000,0.000,0.000,0.000,196.040,,,
2024,20735KRBYR5401K,110001768891,KIRBY ROAD READY MIX CONCRETE,5401 KIRBY RD,CLINTON,PRINCE GEORGE'S,MD,20735,,,38.780998,-76.917661,,HOLCIM PARTICIPATIONS (US) INC,081260273,HOLCIM PARTICIPATIONS (US) INC,HOLCIM LTD.,NA,HOLCIM LTD,NO,327,Nonmetallic Mineral Product,,,,,,,327320,,,,,,1324222797767,Mercury  And Mercury Compounds,YES,N458,N458,650028,YES,PBT,YES,Metal complound categories,NO,YES,NO,R,Pounds,0.760,0.760,0.000,0.000,0.000,0.000,0.000,0.000,0.000,0.000,0.000,0.000,0.000,0.000,1.520,0.000,0.000,0.000,0.000,0.000,0.000,0.000,0.000,0.000,0.000,0.000,0.000,0.000,0.000,0.000,0.000,0.000,0.000,0.000,0.000,0.000,0.000,0.000,0.000,0.000,0.000,0.000,0.000,0.000,0.000,0.000,0.000,0.000,0.000,0.000,0.000,0.000,0.000,0.000,0.000,0.000,1.520,0.000,0.000,1.520,0.000,0.000,0.000,0.000,0.310,0.000,0.000,0.000,1.830,,PRODUCTION,1.300
2024,2075WSSSRN449LL,110070716138,USSS RANGE (FORT MEADE),4409 LLEWELLYN AVE,FORT GEORGE G MEADE,ANNE ARUNDEL,MD,20755,,,39.096608,-76.738833,,US DEPARTMENT OF HOMELAND SECURITY,NA,US DEPARTMENT OF HOMELAND SECURITY,NA,,NA,YES,999,Other,,,,,,,922120,928110,,,,,1324222721831,Lead  And Lead Compounds,YES,N420,N420,650002,YES,PBT,YES,Metal complound categories,NO,YES,NO,R,Pounds,0.000,0.000,0.000,0.000,0.000,0.000,0.000,0.000,0.000,0.000,0.000,0.000,0.000,0.000,0.000,0.000,0.000,0.000,0.000,0.000,0.000,0.000,0.000,0.000,0.000,0.000,0.000,0.000,0.000,0.000,0.000,0.000,0.000,0.000,0.000,0.750,0.000,0.750,0.000,0.000,0.000,0.000,0.000,0.000,0.000,0.000,0.000,0.000,0.000,0.000,0.000,0.000,0.000,0.000,0.000,0.750,0.750,0.000,0.000,0.000,0.000,0.750,0.000,0.000,0.000,0.000,0.000,0.000,0.750,,ACTIVITY,0.310
2024,20842NTRNP22301,110003510576,NEUTRON PRODUCTS INC.,22301 MOUNT EPHRAIM RD,DICKERSON,MONTGOMERY,MD,20842,,,39.220237,-77.421500,,NA,,NA,NA,,NA,NO,325,Chemicals,,,,,,,325211,,,,,,1324223124013,Acrylic acid,NO,0000079107,79-10-7,7617,YES,TRI,NO,Non_Metal,NO,NO,NO,A,Pounds,0.000,0.000,0.000,0.000,0.000,0.000,0.000,0.000,0.000,0.000,0.000,0.000,0.000,0.000,0.000,0.000,0.000,0.000,0.000,0.000,0.000,0.000,0.000,0.000,0.000,0.000,0.000,0.000,0.000,0.000,0.000,0.000,0.000,0.000,0.000,0.000,0.000,0.000,0.000,0.000,0.000,0.000,0.000,0.000,0.000,0.000,0.000,0.000,0.000,0.000,0.000,0.000,0.000,0.000,0.000,0.000,0.000,0.000,0.000,0.000,0.000,0.000,0.000,0.000,0.000,0.000,0.000,0.000,0.000,0.000,,0.000
2024,2104WSGCNC21PHI,110039203992,S&G CONCRETE EDGEWOOD,2100 PHILADELPHIA ROAD,EDGEWOOD,HARFORD,MD,21040,,,39.443807,-76.313770,,VULCAN MATERIALS CO,805344798,VULCAN MATERIALS CO,NA,,NA,NO,327,Nonmetallic Mineral Product,,,,,,,327320,,,,,,1324222992149,Lead,NO,0007439921,7439-92-1,149583,NO,PBT,YES,Elemental metals,YES,YES,NO,R,Pounds,0.024,0.003,0.000,0.000,0.000,0.000,0.000,0.000,0.000,0.000,0.000,0.000,0.000,0.000,0.027,0.000,0.000,0.000,0.000,0.000,0.000,0.000,0.000,0.000,0.000,0.000,0.000,0.000,0.000,0.000,0.000,0.000,0.000,0.000,0.000,0.000,0.000,0.000,0.000,0.000,0.000,0.000,0.000,0.000,0.000,0.000,0.000,0.000,0.000,0.000,0.000,0.000,0.000,0.000,0.000,0.000,0.027,0.000,0.000,0.027,0.000,0.000,0.000,0.000,0.000,0.000,0.000,0.000,0.027,,PRODUCTION,1.070
2024,21740MCKTR1999P,110000340391,MACK TRUCKS INC,13302 PENNSYLVANIA AVE,HAGERSTOWN,WASHINGTON,MD,21742,,,39.678469,-77.720055,,VOLVO GROUP,NA,VOLVO GROUP,AB VOLVO,353952559,AB VOLVO,NO,336,Transportation Equipment,,,,,,,336350,,,,,,1324223221526,Chromium,NO,0007440473,7440-47-3,150060,YES,TRI,YES,Elemental metals,NO,NO,NO,R,Pounds,0.130,0.140,0.000,0.000,0.000,0.000,0.000,0.000,0.000,0.000,0.000,0.000,0.000,0.000,0.270,11.270,0.000,11.270,0.000,0.000,1.350,0.000,0.000,0.000,0.000,0.000,0.000,0.000,0.000,0.000,0.000,0.000,0.000,0.000,0.000,2753.000,0.000,2765.620,0.000,0.000,0.000,0.000,133273.000,133273.000,0.000,0.000,0.000,0.000,0.000,0.000,0.000,0.000,0.000,0.000,0.000,136038.620,2765.890,0.000,0.000,0.270,8.565,2757.055,0.000,0.000,0.000,133273.000,0.000,0.000,136038.890,,PRODUCTION,1.020
2024,21226BRNDN1000B,110038162902,BRANDON SHORES & WAGNER COMPLEX,3000 BRANDON SHORES RD,CURTIS BAY,ANNE ARUNDEL,MD,21226,,,39.178257,-76.541842,,TALEN ENERGY,078612047,TALEN ENERGY CORP,NA,,NA,NO,2211,Electric Utilities,,,,,,,221112,,,,,,1324222801553,Manganese  And Manganese Compounds,YES,N450,N450,650010,YES,TRI,YES,Metal complound categories,NO,NO,NO,R,Pounds,1.000,45.000,0.000,0.000,0.000,0.000,0.000,0.000,0.000,0.000,0.000,0.000,0.000,0.000,46.000,0.000,0.000,0.000,0.000,0.000,0.000,0.000,0.000,0.000,0.000,0.000,0.000,0.000,0.000,0.000,6567.000,0.000,0.000,0.000,0.000,0.000,0.000,6567.000,0.000,0.000,0.000,0.000,0.000,0.000,0.000,0.000,0.000,0.000,0.000,0.000,0.000,0.000,0.000,0.000,0.000,6567.000,6613.000,0.000,0.000,46.000,6567.000,0.000,0.000,0.000,0.000,0.000,0.000,0.000,6613.000,,PRODUCTION,1.510
2024,21220TLLYC501CH,110019855192,TILLEY DISTRIBUTION,501 CHESAPEAKE PARK PLAZA,MIDDLE RIVER,BALTIMORE,MD,21220,,,39.327018,-76.428022,,SK TILLEY HOLDING LP,NA,SK TILLEY HOLDING LP,NA,,NA,NO,4246,Chemical Wholesalers,,,,,,,424690,,,,,,1324222417139,Styrene,NO,0000100425,100-42-5,19414,YES,TRI,NO,Non_Metal,YES,NO,NO,R,Pounds,3.000,6.000,0.000,0.000,0.000,0.000,0.000,0.000,0.000,0.000,0.000,0.000,0.000,0.000,9.000,0.000,0.000,0.000,0.000,0.000,0.000,0.000,0.000,0.000,0.000,0.000,0.000,0.000,0.000,0.000,0.000,0.000,0.000,0.000,0.000,600.000,0.000,600.000,0.000,0.000,0.000,0.000,0.000,0.000,0.000,0.000,0.000,0.000,0.000,0.000,0.000,0.000,0.000,0.000,0.000,600.000,609.000,0.000,0.000,9.000,0.000,600.000,0.000,0.000,0.000,0.000,0.000,0.000,609.000,,,
2024,21778BRLBR9801R,110000340462,GLEN-GERY CORP - ROCKY RIDGE PLANT,9801 ROCKY RIDGE RD,ROCKY RIDGE,FREDERICK,MD,21778,,,39.604800,-77.329204,,BRICKWORKS BUILDING PRODUCTS NA,117186318,BRICKWORKS BUILDING PRODUCTS NORTH AMERICA,BRICKWORKS LTD,750292849,BRICKWORKS LTD,NO,327,Nonmetallic Mineral Product,,,,,,,327120,,,,,,1324222872196,Chromium compounds (except for chromite ore mined in the Transvaal Region),NO,N090,N090,649475,YES,TRI,YES,Metal complound categories,NO,NO,NO,A,Pounds,0.000,0.000,0.000,0.000,0.000,0.000,0.000,0.000,0.000,0.000,0.000,0.000,0.000,0.000,0.000,0.000,0.000,0.000,0.000,0.000,0.000,0.000,0.000,0.000,0.000,0.000,0.000,0.000,0.000,0.000,0.000,0.000,0.000,0.000,0.000,0.000,0.000,0.000,0.000,0.000,0.000,0.000,0.000,0.000,0.000,0.000,0.000,0.000,0.000,0.000,0.000,0.000,0.000,0.000,0.000,0.000,0.000,0.000,0.000,0.000,0.000,0.000,0.000,0.000,0.000,0.000,0.000,0.000,0.000,0.000,,0.000
2024,21220TLLYC501CH,110019855192,TILLEY DISTRIBUTION,501 CHESAPEAKE PARK PLAZA,MIDDLE RIVER,BALTIMORE,MD,21220,,,39.327018,-76.428022,,SK TILLEY HOLDING LP,NA,SK TILLEY HOLDING LP,NA,,NA,NO,4246,Chemical Wholesalers,,,,,,,424690,,,,,,1324222417166,Xylene (mixed isomers),NO,0001330207,1330-20-7,84970,YES,TRI,NO,Non_Metal,NO,NO,NO,A,Pounds,0.000,0.000,0.000,0.000,0.000,0.000,0.000,0.000,0.000,0.000,0.000,0.000,0.000,0.000,0.000,0.000,0.000,0.000,0.000,0.000,0.000,0.000,0.000,0.000,0.000,0.000,0.000,0.000,0.000,0.000,0.000,0.000,0.000,0.000,0.000,0.000,0.000,0.000,0.000,0.000,0.000,0.000,0.000,0.000,0.000,0.000,0.000,0.000,0.000,0.000,0.000,0.000,0.000,0.000,0.000,0.000,0.000,0.000,0.000,0.000,0.000,0.000,0.000,0.000,0.000,0.000,0.000,0.000,0.000,0.000,,0.000
2024,21113HTCHC1721M,110000339544,HI-TECH COLOR INC,1721 MIDWAY RD,ODENTON,ANNE ARUNDEL,MD,21113,,,39.108920,-76.695550,,NA,,NA,DAINICHISEIKA COLOR & CHEM MFG CO. LTD.,690536008,DAINICHISEIKA COLOR & CHEM MFG CO LTD,NO,325,Chemicals,,,,,,,325910,,,,,,1324222639181,Methyl isobutyl ketone,NO,0000108101,108-10-1,24851,YES,TRI,NO,Non_Metal,YES,NO,NO,R,Pounds,254.000,0.000,0.000,0.000,0.000,0.000,0.000,0.000,0.000,0.000,0.000,0.000,0.000,0.000,254.000,0.000,0.000,0.000,0.000,0.000,0.000,0.000,0.000,0.000,0.000,0.000,0.000,0.000,0.000,0.000,0.000,0.000,0.000,0.000,0.000,0.000,0.000,0.000,0.000,0.000,0.000,0.000,0.000,0.000,2130.000,0.000,2130.000,0.000,0.000,0.000,0.000,0.000,0.000,0.000,0.000,2130.000,254.000,0.000,0.000,254.000,0.000,0.000,0.000,2130.000,0.000,0.000,0.000,0.000,2384.000,,PRODUCTION,1.200
2024,21226BLTMR2400P,110008432650,GLOBAL BALTIMORE TERMINAL,2400 PETROLIA AVE,BALTIMORE,BALTIMORE (CITY),MD,21226,,,39.235628,-76.564811,,GLOBAL PARTNERS LP,061167842,GLOBAL PARTNERS LP,NA,,NA,NO,4247,Petroleum Bulk Terminals,,,,,,,424710,,,,,,1324223180454,Benzene,NO,0000071432,71-43-2,4754,YES,TRI,NO,Non_Metal,YES,NO,NO,R,Pounds,213.620,556.550,0.000,0.000,0.000,0.000,0.000,0.000,0.000,0.000,0.000,0.000,0.000,0.000,770.170,0.000,0.000,0.000,0.000,0.000,0.000,0.000,0.000,0.000,0.000,0.000,0.000,0.000,0.000,0.000,0.000,0.000,0.000,0.000,0.000,0.000,0.000,0.000,0.000,0.000,0.000,0.000,0.000,0.000,0.000,63.530,63.530,0.000,0.000,0.000,0.000,0.000,0.000,0.000,0.000,63.530,770.170,0.000,0.000,770.170,0.000,0.000,0.000,63.530,8365.120,0.000,0.000,0.000,9198.820,,ACTIVITY,1.000
2024,21226BRNDN1000B,110038162902,BRANDON SHORES & WAGNER COMPLEX,3000 BRANDON SHORES RD,CURTIS BAY,ANNE ARUNDEL,MD,21226,,,39.178257,-76.541842,,TALEN ENERGY,078612047,TALEN ENERGY CORP,NA,,NA,NO,2211,Electric Utilities,,,,,,,221112,,,,,,1324222802302,Mercury  And Mercury Compounds,YES,N458,N458,650028,YES,PBT,YES,Metal complound categories,NO,YES,NO,R,Pounds,0.000,6.000,0.000,0.000,0.000,0.000,0.000,0.000,0.000,0.000,0.000,0.000,0.000,0.000,6.000,0.000,0.000,0.000,0.000,0.000,0.000,0.000,0.000,0.000,0.000,0.000,0.000,0.000,0.000,0.000,37.000,0.000,0.000,0.000,0.000,0.000,0.000,37.000,0.000,0.000,0.000,0.000,0.000,0.000,0.000,0.000,0.000,0.000,0.000,0.000,0.000,0.000,0.000,0.000,0.000,37.000,43.000,0.000,0.000,6.000,37.000,0.000,0.000,0.000,0.000,0.000,0.000,0.000,43.000,,PRODUCTION,1.540
2024,2174WQKRTH11831,110071433347,QUIKRETE - HAGERSTOWN MD PLANT,11831 HOPEWELL RD,HAGERSTOWN,WASHINGTON,MD,21740,,,39.637623,-77.772910,,NA,,QUIKRETE HOLDINGS,,,NA,NO,327,Nonmetallic Mineral Product,,,,,,,327331,,,,,,1324222799076,Lead,NO,0007439921,7439-92-1,149583,NO,PBT,YES,Elemental metals,YES,YES,NO,R,Pounds,0.005,0.219,0.000,0.000,0.000,0.000,0.000,0.000,0.000,0.000,0.000,0.000,0.000,0.000,0.223,0.000,0.000,0.000,0.000,0.000,0.000,0.000,0.000,0.000,0.000,0.000,0.000,0.000,0.000,0.000,0.000,0.000,0.000,0.000,0.000,0.000,0.000,0.000,0.000,0.000,0.000,0.000,0.000,0.000,0.000,0.000,0.000,0.000,0.000,0.000,0.000,0.000,0.000,0.000,0.000,0.000,0.223,0.000,0.000,0.223,0.000,0.000,0.000,0.000,0.000,0.000,0.000,0.000,0.223,,PRODUCTION,2.030
2024,21226BRNDN1000B,110038162902,BRANDON SHORES & WAGNER COMPLEX,3000 BRANDON SHORES RD,CURTIS BAY,ANNE ARUNDEL,MD,21226,,,39.178257,-76.541842,,TALEN ENERGY,078612047,TALEN ENERGY CORP,NA,,NA,NO,2211,Electric Utilities,,,,,,,221112,,,,,,1324222801565,"Benzo[g,h,i]perylene",NO,0000191242,191-24-2,40576,YES,PBT,NO,Non_Metal,NO,YES,NO,R,Pounds,0.000,0.100,0.000,0.000,0.000,0.000,0.000,0.000,0.000,0.000,0.000,0.000,0.000,0.000,0.100,0.000,0.000,0.000,0.000,0.000,0.000,0.000,0.000,0.000,0.000,0.000,0.000,0.000,0.000,0.000,0.000,0.000,0.000,0.000,0.000,0.000,0.000,0.000,0.000,0.000,0.000,0.000,0.000,0.000,0.000,0.000,0.000,0.000,0.000,0.000,0.000,0.000,0.000,0.000,0.000,0.000,0.100,0.000,0.000,0.100,0.000,0.000,0.000,0.000,0.000,0.000,0.000,0.000,0.100,,PRODUCTION,1.000
2024,21787NGRSL5310T,110003513305,FLOWSERVE FSG,5310 TANEYTOWN PIKE,TANEYTOWN,CARROLL,MD,21787,,,39.665103,-77.186156,,FLOWSERVE CORP,070155994,FLOWSERVE CORP,NA,,NA,NO,333,Machinery,,,,,,,333996,,,,,,1324222681140,Nickel,NO,0007440020,7440-02-0,149674,YES,TRI,YES,Elemental metals,YES,NO,NO,A,Pounds,0.000,0.000,0.000,0.000,0.000,0.000,0.000,0.000,0.000,0.000,0.000,0.000,0.000,0.000,0.000,0.000,0.000,0.000,0.000,0.000,0.000,0.000,0.000,0.000,0.000,0.000,0.000,0.000,0.000,0.000,0.000,0.000,0.000,0.000,0.000,0.000,0.000,0.000,0.000,0.000,0.000,0.000,0.000,0.000,0.000,0.000,0.000,0.000,0.000,0.000,0.000,0.000,0.000,0.000,0.000,0.000,0.000,0.000,0.000,0.000,0.000,0.000,0.000,0.000,0.000,0.000,0.000,0.000,0.000,0.000,,0.000
2024,21791LHGHP117SO,110003507385,HEIDELBERG MATERIALS US CEMENT LLC,675 QUAKER HILL RD,UNION BRIDGE,CARROLL,MD,21791,,,39.559177,-77.167277,,HEIDELBERG MATERIALS US INC,967342197,HEIDELBERG MATERIALS US INC,NA,,HEIDELBERG MATERIALS,NO,327,Nonmetallic Mineral Product,,,,,,,327310,,,,,,1324222440556,Chromium compounds (except for chromite ore mined in the Transvaal Region),NO,N090,N090,649475,YES,TRI,YES,Metal complound categories,NO,NO,NO,R,Pounds,5.000,16.000,0.000,0.000,0.000,0.000,0.000,0.000,0.000,0.000,0.000,0.000,0.000,0.000,21.000,0.000,0.000,0.000,0.000,0.000,0.000,0.000,0.000,0.000,0.000,0.000,0.000,0.000,0.000,0.000,0.000,0.000,0.000,0.000,0.000,0.000,0.000,0.000,0.000,0.000,0.000,0.000,0.000,0.000,0.000,0.000,0.000,0.000,0.000,0.000,0.000,0.000,0.000,0.000,0.000,0.000,21.000,0.000,0.000,21.000,0.000,0.000,0.000,0.000,0.000,0.000,0.000,0.000,21.000,,PRODUCTION,1.820
2024,21853HDSNFUSRTE,110000585251,MOUNTAIRE FARMS INC-PRINCESS ANNE FEED MILL,30607 REVELS NECK RD,WESTOVER,SOMERSET,MD,21871,,,38.152899,-75.692306,,MOUNTAIRE FARMS INC,091812669,MOUNTAIRE FARMS INC,NA,,NA,NO,311,Food,,,,,,,311119,,,,,,1324222449605,Zinc compounds,NO,N982,N982,649699,NO,TRI,YES,Metal complound categories,NO,NO,NO,A,Pounds,0.000,0.000,0.000,0.000,0.000,0.000,0.000,0.000,0.000,0.000,0.000,0.000,0.000,0.000,0.000,0.000,0.000,0.000,0.000,0.000,0.000,0.000,0.000,0.000,0.000,0.000,0.000,0.000,0.000,0.000,0.000,0.000,0.000,0.000,0.000,0.000,0.000,0.000,0.000,0.000,0.000,0.000,0.000,0.000,0.000,0.000,0.000,0.000,0.000,0.000,0.000,0.000,0.000,0.000,0.000,0.000,0.000,0.000,0.000,0.000,0.000,0.000,0.000,0.000,0.000,0.000,0.000,0.000,0.000,0.000,,0.000
2024,2178WVPCNC5151A,110001276333,EVAPCO INC-TANEYTOWN,5151 ALLENDALE LANE,TANEYTOWN,CARROLL,MD,21787,,,39.653227,-77.180614,,EVAPCO INC,080546625,EVAPCO INC,NA,,NA,NO,333,Machinery,,,,,,,333415,,,,,,1324222829069,Manganese,NO,0007439965,7439-96-5,149625,YES,TRI,YES,Elemental metals,NO,NO,NO,R,Pounds,5.000,0.000,0.000,0.000,0.000,0.000,0.000,0.000,0.000,0.000,0.000,0.000,0.000,0.000,5.000,0.000,0.000,0.000,0.000,0.000,0.000,0.000,0.000,0.000,0.000,0.000,0.000,0.000,0.000,0.000,0.000,0.000,0.000,0.000,0.000,0.000,0.000,0.000,0.000,0.000,6.000,0.000,12000.000,12006.000,0.000,0.000,0.000,0.000,0.000,0.000,0.000,0.000,0.000,0.000,0.000,12006.000,5.000,0.000,0.000,5.000,0.000,0.000,0.000,0.000,0.000,12006.000,0.000,0.000,12011.000,,PRODUCTION,1.000
2024,21921TRMMD950EL,110000340747,TERUMO MEDICAL CORP,950 ELKTON BLVD,ELKTON,CECIL,MD,21921,,,39.610214,-75.841765,,TERUMO AMERICAS HOLDING INC,063212377,TERUMO AMERICAS HOLDING INC,TERUMO CORP,690543319,TERUMO CORP,NO,339,Miscellaneous Manufacturing,,,,,,,339112,,,,,,1324222702223,Diisocyanates,NO,N120,N120,649715,NO,TRI,NO,Non_Metal,NO,NO,NO,R,Pounds,100.000,0.000,0.000,0.000,0.000,0.000,0.000,0.000,0.000,0.000,0.000,0.000,0.000,0.000,100.000,0.000,0.000,0.000,0.000,0.000,0.000,0.000,0.000,0.000,0.000,0.000,0.000,0.000,0.000,0.000,0.000,0.000,0.000,0.000,0.000,0.000,14996.000,14996.000,0.000,0.000,0.000,0.000,0.000,0.000,0.000,0.000,0.000,0.000,0.000,0.000,0.000,0.000,0.000,0.000,0.000,14996.000,15096.000,0.000,0.000,100.000,0.000,14996.000,0.000,0.000,0.000,0.000,0.000,0.000,15096.000,,,
2024,20707LRLRD5501V,110008055013,SCHUSTER CONCRETE READY MIX LLC-VAN DUSEN RD,5501 VAN DUSEN RD,LAUREL,PRINCE GEORGE'S,MD,20707,,,39.080545,-76.918944,,SCHUSTER CONCRETE READY MIX LLC,NA,SCHUSTER CONCRETE READY MIX LLC,NA,,NA,NO,327,Nonmetallic Mineral Product,,,,,,,327320,,,,,,1324222431037,Nickel compounds,NO,N495,N495,650036,YES,TRI,YES,Metal complound categories,YES,NO,NO,A,Pounds,0.000,0.000,0.000,0.000,0.000,0.000,0.000,0.000,0.000,0.000,0.000,0.000,0.000,0.000,0.000,0.000,0.000,0.000,0.000,0.000,0.000,0.000,0.000,0.000,0.000,0.000,0.000,0.000,0.000,0.000,0.000,0.000,0.000,0.000,0.000,0.000,0.000,0.000,0.000,0.000,0.000,0.000,0.000,0.000,0.000,0.000,0.000,0.000,0.000,0.000,0.000,0.000,0.000,0.000,0.000,0.000,0.000,0.000,0.000,0.000,0.000,0.000,0.000,0.000,0.000,0.000,0.000,0.000,0.000,0.000,,0.000
2024,2123WCLNHR191RU,110029273417,CLEAN HARBORS OF BALTIMORE INC.,1910 RUSSELL STREET,BALTIMORE,BALTIMORE (CITY),MD,21230,,,39.270654,-76.632639,,CLEAN HARBORS INC,039322250,CLEAN HARBORS INC,NA,,NA,NO,562,Hazardous Waste,,,,,,,562211,,,,,,1324223156819,Chlordane,NO,0000057749,57-74-9,2683,YES,PBT,NO,Non_Metal,YES,YES,NO,R,Pounds,0.550,0.220,0.000,0.000,0.000,0.000,0.000,0.000,0.000,0.000,0.000,0.000,0.000,0.000,0.770,0.000,0.000,0.000,0.000,0.000,0.000,0.000,0.000,0.000,0.000,0.000,0.000,0.000,0.000,0.000,0.000,0.000,0.000,0.000,0.000,0.000,0.000,0.000,0.000,0.000,0.000,0.000,0.000,0.000,0.000,0.000,0.000,0.000,0.000,0.000,0.000,0.000,0.000,0.000,0.000,0.000,0.770,0.000,0.000,0.770,0.000,0.000,0.000,0.000,0.000,0.000,14290.690,0.000,14291.460,,PRODUCTION,3.500
2024,21017NDPND1300B,110000869178,INDEPENDENT CAN CO,1300 BRASS MILL RD,BELCAMP,HARFORD,MD,21017,,,39.478749,-76.234951,,INDEPENDENT CAN CO,003070000,INDEPENDENT CAN CO,NA,,NA,NO,332,Fabricated Metals,,,,,,,332431,,,,,,1324222543427,Copper,NO,0007440508,7440-50-8,150086,NO,TRI,YES,Elemental metals,NO,NO,NO,R,Pounds,296.000,0.000,0.000,0.000,0.000,0.000,0.000,0.000,0.000,0.000,0.000,0.000,0.000,0.000,296.000,0.000,0.000,0.000,0.000,0.000,0.000,0.000,0.000,0.000,0.000,0.000,0.000,0.000,0.000,0.000,0.000,0.000,0.000,0.000,0.000,0.000,0.000,0.000,0.000,0.000,0.000,0.000,548.000,548.000,0.000,0.000,0.000,0.000,0.000,0.000,0.000,0.000,0.000,0.000,0.000,548.000,296.000,0.000,0.000,296.000,0.000,0.000,0.000,0.000,0.000,548.000,0.000,0.000,844.000,,PRODUCTION,1.670
2024,2085WSCHST15121,110070244711,SCHUSTER CONCRETE READY MIX LLC-SOUTHLAWN LN,15121 SOUTHLAWN LN,ROCKVILLE,MONTGOMERY,MD,20850,,,39.104769,-77.132699,,SCHUSTER CONCRETE READY MIX LLC,NA,SCHUSTER CONCRETE READY MIX LLC,NA,,NA,NO,327,Nonmetallic Mineral Product,,,,,,,327320,,,,,,1324222430910,Nickel compounds,NO,N495,N495,650036,YES,TRI,YES,Metal complound categories,YES,NO,NO,A,Pounds,0.000,0.000,0.000,0.000,0.000,0.000,0.000,0.000,0.000,0.000,0.000,0.000,0.000,0.000,0.000,0.000,0.000,0.000,0.000,0.000,0.000,0.000,0.000,0.000,0.000,0.000,0.000,0.000,0.000,0.000,0.000,0.000,0.000,0.000,0.000,0.000,0.000,0.000,0.000,0.000,0.000,0.000,0.000,0.000,0.000,0.000,0.000,0.000,0.000,0.000,0.000,0.000,0.000,0.000,0.000,0.000,0.000,0.000,0.000,0.000,0.000,0.000,0.000,0.000,0.000,0.000,0.000,0.000,0.000,0.000,,0.000
2024,2123WCLNHR191RU,110029273417,CLEAN HARBORS OF BALTIMORE INC.,1910 RUSSELL STREET,BALTIMORE,BALTIMORE (CITY),MD,21230,,,39.270654,-76.632639,,CLEAN HARBORS INC,039322250,CLEAN HARBORS INC,NA,,NA,NO,562,Hazardous Waste,,,,,,,562211,,,,,,1324223156795,Polycyclic aromatic compounds,NO,N590,N590,649749,YES,PBT,NO,Non_Metal,YES,YES,NO,R,Pounds,0.000,0.000,0.000,0.000,0.000,0.000,0.000,0.000,0.000,0.000,0.000,0.000,0.000,0.000,0.000,0.000,0.000,0.000,0.000,0.000,0.000,0.000,0.000,0.000,0.000,0.000,0.000,0.000,0.000,0.000,598.100,0.000,0.000,0.000,0.000,0.000,0.000,598.100,0.000,0.000,396.710,0.000,0.000,396.710,0.000,0.000,0.000,0.000,802.500,0.000,0.000,0.000,0.000,802.500,0.000,1797.310,598.100,0.000,0.000,0.000,598.100,0.000,0.000,0.000,0.000,396.710,4250.810,802.500,6048.120,,PRODUCTION,1.080
2024,20640SDDND101ST,110000492495,U.S. NAVY  NAVAL SUPPORT FACILITY INDIAN HEAD,101 STRAUSS AVE,INDIAN HEAD,CHARLES,MD,20640,,,38.584955,-77.190950,,US DEPARTMENT OF DEFENSE,NA,US DEPARTMENT OF DEFENSE,NA,,NA,YES,999,Other,,,,,,,928110,,,,,,1324222880724,Nitrate compounds (water dissociable; reportable only when in aqueous solution),NO,N511,N511,649616,NO,TRI,NO,May contain metal,NO,NO,NO,R,Pounds,0.000,0.000,6712.000,0.000,0.000,0.000,0.000,0.000,0.000,0.000,0.000,0.000,0.000,0.000,6712.000,0.000,0.000,0.000,0.000,0.000,0.000,0.000,0.000,0.000,0.000,0.000,0.000,0.000,0.000,0.000,0.000,0.000,0.000,0.000,0.000,197799.520,0.000,197799.520,0.000,0.000,0.000,0.000,0.000,0.000,0.000,0.000,0.000,0.000,0.000,0.000,0.000,0.000,0.000,0.000,0.000,197799.520,204511.520,0.000,0.000,6712.000,0.000,197799.520,0.000,0.000,0.000,0.000,60407.000,0.000,264918.520,,PRODUCTION,8.510
2024,21701GRFFT200ES,110000340337,GRIFFITH ENERGY SERVICES INC FREDERICK BULK PLANT,200 E S ST,FREDERICK,FREDERICK,MD,21701,,,39.431278,-77.391821,,STAR GAS PARTNERS LP,NA,STAR GROUP LP,NA,,NA,NO,999,Other,,,,,,,457210,,,,,,1324223119456,Ethylbenzene,NO,0000100414,100-41-4,19406,YES,TRI,NO,Non_Metal,YES,NO,NO,A,Pounds,0.000,0.000,0.000,0.000,0.000,0.000,0.000,0.000,0.000,0.000,0.000,0.000,0.000,0.000,0.000,0.000,0.000,0.000,0.000,0.000,0.000,0.000,0.000,0.000,0.000,0.000,0.000,0.000,0.000,0.000,0.000,0.000,0.000,0.000,0.000,0.000,0.000,0.000,0.000,0.000,0.000,0.000,0.000,0.000,0.000,0.000,0.000,0.000,0.000,0.000,0.000,0.000,0.000,0.000,0.000,0.000,0.000,0.000,0.000,0.000,0.000,0.000,0.000,0.000,0.000,0.000,0.000,0.000,0.000,0.000,,0.000
2024,21703PTPSC5350P,110003525784,AMERICAN COMPUTER DEVELOPMENT INC (DBA ACDI),7435 NEW TECHNOLOGY WAY STE. A,FREDERICK,FREDERICK,MD,21703,,,39.376421,-77.401741,,NA,,AMERICAN COMPUTER DEVELOPMENT INC,NA,,NA,NO,334,Computers and Electronic Products,,,,,,,334418,,,,,,1324222988091,Lead,NO,0007439921,7439-92-1,149583,NO,PBT,YES,Elemental metals,YES,YES,NO,R,Pounds,0.000,0.000,0.000,0.000,0.000,0.000,0.000,0.000,0.000,0.000,0.000,0.000,0.000,0.000,0.000,0.000,0.000,0.000,0.000,0.000,0.000,0.000,0.000,0.000,0.000,0.000,0.000,0.000,0.000,0.000,0.000,0.000,0.000,0.000,0.000,0.000,0.000,0.000,0.000,0.000,0.000,0.000,59.000,59.000,0.000,0.000,0.000,0.000,0.000,0.000,0.000,0.000,0.000,0.000,0.000,59.000,0.000,0.000,0.000,0.000,0.000,0.000,0.000,0.000,0.000,59.000,0.000,0.000,59.000,,PRODUCTION,0.370
2024,2170WSCHST53EAS,110009681433,SCHUSTER CONCRETE READY MIX LLC-SOUTH ST,530 EAST SOUTH STREET,FREDERICK,FREDERICK,MD,21701,,,39.408757,-77.399731,,SCHUSTER CONCRETE READY MIX LLC,NA,SCHUSTER CONCRETE READY MIX LLC,NA,,NA,NO,327,Nonmetallic Mineral Product,,,,,,,327320,,,,,,1324222431316,Lead,NO,0007439921,7439-92-1,149583,NO,PBT,YES,Elemental metals,YES,YES,NO,R,Pounds,0.000,0.020,0.000,0.000,0.000,0.000,0.000,0.000,0.000,0.000,0.000,0.000,0.000,0.000,0.020,0.000,0.000,0.000,0.000,0.000,0.000,0.000,0.000,0.000,0.000,0.000,0.000,0.000,0.000,0.000,0.000,0.000,0.000,0.000,0.000,0.000,0.000,0.000,0.000,0.000,0.000,0.000,0.000,0.000,0.000,0.000,0.000,0.000,0.000,0.000,0.000,0.000,0.000,0.000,0.000,0.000,0.020,0.000,0.000,0.020,0.000,0.000,0.000,0.000,0.000,0.000,0.000,0.000,0.020,,PRODUCTION,0.830
2024,21620HLSMRMDRTE,110000340275,EASTMAN SPECIALTIES CORP,10380 WORTON RD,CHESTERTOWN,KENT,MD,21620,,,39.263161,-76.086775,,EASTMAN CHEMICAL CO,808898381,EASTMAN CHEMICAL CO,NA,,NA,NO,325,Chemicals,,,,,,,325199,,,,,,1324222982530,Xylene (mixed isomers),NO,0001330207,1330-20-7,84970,YES,TRI,NO,Non_Metal,NO,NO,NO,R,Pounds,13.070,64.210,0.000,0.000,0.000,0.000,0.000,0.000,0.000,0.000,0.000,0.000,0.000,0.000,77.280,0.000,0.000,0.000,0.000,0.000,0.000,0.000,0.000,0.000,0.000,0.000,0.000,0.000,0.000,0.000,0.000,0.000,0.000,0.000,0.000,0.000,0.000,0.000,0.000,0.000,0.000,0.000,0.000,0.000,0.000,0.000,0.000,0.000,0.000,1369.000,0.000,0.000,0.000,1369.000,0.000,1369.000,77.280,0.000,0.000,77.280,0.000,0.000,0.000,0.000,0.000,0.000,195.300,1369.000,1641.580,,PRODUCTION,1.110
2024,20670SDDNVNAVAL,110011748118,US NAVAL AIR STATION PATUXENT RIVER,22445 PEARY RD BUILDING 504 PWD ENVIRONMENTAL DEPT.,PATUXENT RIVER,ST. MARY'S,MD,20670,,,38.281752,-76.433746,,US DEPARTMENT OF DEFENSE,NA,US DEPARTMENT OF DEFENSE,,,NA,YES,999,Other,,,,,,,928110,,,,,,1324223139700,Lead,NO,0007439921,7439-92-1,149583,NO,PBT,YES,Elemental metals,YES,YES,NO,R,Pounds,0.307,0.103,0.000,0.000,0.000,0.000,0.000,0.000,0.000,0.000,0.000,0.000,0.000,0.000,0.410,0.000,0.000,0.000,0.000,0.000,0.000,0.000,0.000,0.000,0.000,0.000,0.000,0.000,0.000,0.000,0.000,0.000,0.000,0.000,0.000,0.003,0.000,0.003,0.000,0.000,0.000,0.000,0.000,0.000,0.000,0.000,0.000,0.000,0.000,0.000,0.000,0.000,0.000,0.000,0.000,0.003,0.413,0.000,0.000,0.410,0.000,0.003,0.000,0.000,0.000,0.000,0.000,0.000,0.413,,ACTIVITY,1.050
2024,21220TLLYC501CH,110019855192,TILLEY DISTRIBUTION,501 CHESAPEAKE PARK PLAZA,MIDDLE RIVER,BALTIMORE,MD,21220,,,39.327018,-76.428022,,SK TILLEY HOLDING LP,NA,SK TILLEY HOLDING LP,NA,,NA,NO,4246,Chemical Wholesalers,,,,,,,424690,,,,,,1324222416101,Methanol,NO,0000067561,67-56-1,4283,YES,TRI,NO,Non_Metal,NO,NO,NO,R,Pounds,27.000,395.000,0.000,0.000,0.000,0.000,0.000,0.000,0.000,0.000,0.000,0.000,0.000,0.000,422.000,0.000,0.000,0.000,0.000,0.000,0.000,0.000,0.000,0.000,0.000,0.000,0.000,0.000,0.000,0.000,0.000,0.000,0.000,0.000,0.000,0.000,0.000,0.000,0.000,0.000,0.000,0.000,0.000,0.000,0.000,0.000,0.000,0.000,0.000,0.000,0.000,0.000,0.000,0.000,0.000,0.000,422.000,0.000,0.000,422.000,0.000,0.000,0.000,0.000,0.000,0.000,0.000,0.000,422.000,,PRODUCTION,0.950
2024,21835STRNSRFD1X,110000340685,DARLING INGREDIENTS INC.- LINKWOOD FACILITY,5420 LINKWOOD RD,LINKWOOD,DORCHESTER,MD,21835,,,38.561234,-75.934064,,DARLING INGREDIENTS INC,005092358,DARLING INGREDIENTS INC,NA,,NA,NO,311,Food,,,,,,,311613,,,,,,1324222409423,Chlorine dioxide,NO,0010049044,10049-04-4,167296,NO,TRI,NO,Non_Metal,NO,NO,NO,R,Pounds,0.000,0.000,0.000,0.000,0.000,0.000,0.000,0.000,0.000,0.000,0.000,0.000,0.000,63082.000,63082.000,0.000,0.000,0.000,0.000,0.000,0.000,0.000,0.000,0.000,0.000,0.000,0.000,0.000,0.000,0.000,0.000,0.000,0.000,0.000,0.000,0.000,0.000,0.000,0.000,0.000,0.000,0.000,0.000,0.000,0.000,0.000,0.000,0.000,0.000,0.000,0.000,0.000,0.000,0.000,0.000,0.000,63082.000,0.000,0.000,63082.000,0.000,0.000,0.000,0.000,0.000,0.000,0.000,0.000,63082.000,,ACTIVITY,1.000
2024,21643CNGRBBOX34,110000340300,AMICK FARMS LLC,274 NEALSON ST,HURLOCK,DORCHESTER,MD,21643,,,38.632588,-75.858648,,OSI GROUP LLC,NA,OSI GROUP LLC,NA,,NA,NO,311,Food,,,,,,,311615,,,,,,1324222852954,Naphthalene,NO,0000091203,91-20-3,13326,YES,TRI,NO,Non_Metal,YES,NO,NO,A,Pounds,0.000,0.000,0.000,0.000,0.000,0.000,0.000,0.000,0.000,0.000,0.000,0.000,0.000,0.000,0.000,0.000,0.000,0.000,0.000,0.000,0.000,0.000,0.000,0.000,0.000,0.000,0.000,0.000,0.000,0.000,0.000,0.000,0.000,0.000,0.000,0.000,0.000,0.000,0.000,0.000,0.000,0.000,0.000,0.000,0.000,0.000,0.000,0.000,0.000,0.000,0.000,0.000,0.000,0.000,0.000,0.000,0.000,0.000,0.000,0.000,0.000,0.000,0.000,0.000,0.000,0.000,0.000,0.000,0.000,0.000,,0.000
2024,21213CLNDN4309E,110000339660,CLENDENIN BROTHERS INC,4309 ERDMAN AVE,BALTIMORE,BALTIMORE (CITY),MD,21213,,,39.311571,-76.565920,,NA,,NA,NA,,NA,NO,332,Fabricated Metals,,,,,,,332722,,,,,,1324222622173,Nickel,NO,0007440020,7440-02-0,149674,YES,TRI,YES,Elemental metals,YES,NO,NO,R,Pounds,0.000,0.000,0.000,0.000,0.000,0.000,0.000,0.000,0.000,0.000,0.000,0.000,0.000,0.000,0.000,0.900,0.000,0.900,0.000,0.000,0.000,0.000,0.000,0.000,0.000,0.000,0.000,0.000,0.000,0.000,0.000,0.000,0.000,0.000,0.000,0.000,0.000,0.900,0.000,0.000,0.000,0.000,5571.000,5571.000,0.000,0.000,0.000,0.000,0.000,0.000,0.000,0.000,0.000,0.000,0.000,5571.900,0.900,0.000,0.000,0.000,0.342,0.558,0.000,0.000,0.000,5571.000,0.000,0.000,5571.900,,PRODUCTION,0.970
2024,21226WRGRC5500C,110000867214,GRACE DAVISON-CURTIS BAY WORKS,5500 CHEMICAL RD,BALTIMORE,BALTIMORE (CITY),MD,21226,,,39.212538,-76.567648,,W R GRACE & CO,001367846,W R GRACE & CO,NA,,NA,NO,325,Chemicals,,,,,,,325180,,,,,,1324223188970,Nitric acid,NO,0007697372,7697-37-2,152686,NO,TRI,NO,Non_Metal,NO,NO,NO,R,Pounds,0.000,0.000,0.000,0.000,0.000,0.000,0.000,0.000,0.000,0.000,0.000,0.000,0.000,0.000,0.000,0.000,0.000,0.000,0.000,0.000,0.000,0.000,0.000,0.000,0.000,0.000,0.000,0.000,0.000,0.000,0.000,0.000,0.000,0.000,0.000,0.000,0.000,0.000,0.000,0.000,0.000,0.000,0.000,0.000,0.000,0.000,0.000,0.000,0.000,0.000,0.000,0.000,0.000,0.000,0.000,0.000,0.000,0.000,0.000,0.000,0.000,0.000,0.000,0.000,0.000,0.000,0.000,0.000,0.000,,PRODUCTION,0.940
2024,21230SFTYK1448D,110000340122,SAFETY-KLEEN SYSTEMS BALTIMORE (BAL),1448 DESOTO RD,BALTIMORE,BALTIMORE (CITY),MD,21230,,,39.268048,-76.659358,,CLEAN HARBORS INC,157793639,CLEAN HARBORS INC,NA,,NA,NO,562,Hazardous Waste,,,,,,,562112,484230,484220,,,,1324222671846,"Benzo[g,h,i]perylene",NO,0000191242,191-24-2,40576,YES,PBT,NO,Non_Metal,NO,YES,NO,R,Pounds,0.000,0.000,0.000,0.000,0.000,0.000,0.000,0.000,0.000,0.000,0.000,0.000,0.000,0.000,0.000,0.000,0.000,0.000,0.000,0.000,0.000,0.000,0.000,0.000,0.000,0.000,0.000,0.000,0.000,0.000,1.200,0.000,0.000,0.000,0.000,0.000,0.000,1.200,0.000,0.000,45.700,0.000,0.000,45.700,0.000,0.000,0.000,0.000,0.000,0.000,0.000,3.700,0.000,3.700,0.000,50.600,1.200,0.000,0.000,0.000,1.200,0.000,0.000,0.000,0.000,45.700,0.000,3.700,50.600,,ACTIVITY,0.870
2024,21224GLDBN2301S,110001251797,GOLD BOND BUILDING PRODUCTS - BALTIMORE,2301 S NEWKIRK ST,BALTIMORE,BALTIMORE (CITY),MD,21224,,,39.265546,-76.555299,,SPANGLER COS INC,055165518,SPANGLER COS INC,NA,,NA,NO,327,Nonmetallic Mineral Product,,,,,,,327420,,,,,,1324222853842,Mercury,NO,0007439976,7439-97-6,149633,YES,PBT,YES,Elemental metals,NO,YES,NO,R,Pounds,0.000,0.000,0.000,0.000,0.000,0.000,0.000,0.000,0.000,0.000,0.000,0.000,0.000,0.000,0.000,0.000,0.000,0.000,0.000,0.000,0.000,0.000,0.000,0.000,0.000,0.000,0.000,0.000,0.000,0.000,0.150,0.000,0.000,0.000,0.000,0.000,0.000,0.150,0.000,0.000,0.000,0.000,0.000,0.000,0.000,0.000,0.000,0.000,0.000,0.000,0.000,0.000,0.000,0.000,0.000,0.150,0.150,0.000,0.000,0.000,0.150,0.000,0.000,0.000,0.000,0.000,0.000,0.000,0.150,,PRODUCTION,0.990
2024,21795PSNCH16414,110000340523,ENGINEERED POLYMER SOLUTIONS INC.,16414 INDUSTRIAL LN,WILLIAMSPORT,WASHINGTON,MD,21795,,,39.597371,-77.800568,,THE SHERWIN-WILLIAMS CO,004206397,THE SHERWIN-WILLIAMS CO,NA,,NA,NO,325,Chemicals,,,,,,,325510,,,,,,1324223087533,Styrene,NO,0000100425,100-42-5,19414,YES,TRI,NO,Non_Metal,YES,NO,NO,R,Pounds,0.000,3630.000,0.000,0.000,0.000,0.000,0.000,0.000,0.000,0.000,0.000,0.000,0.000,0.000,3630.000,0.000,0.000,0.000,0.000,0.000,0.000,0.000,0.000,0.000,0.000,0.000,0.000,0.000,0.000,0.000,0.000,0.000,0.000,0.000,0.000,0.000,0.000,0.000,0.000,0.000,0.000,0.000,0.000,0.000,0.000,0.000,0.000,0.000,12164.000,0.000,0.000,0.000,0.000,12164.000,0.000,12164.000,3630.000,0.000,0.000,3630.000,0.000,0.000,0.000,0.000,0.000,0.000,0.000,12164.000,15794.000,,PRODUCTION,1.280
2024,2192WWLGRS11LVE,110058274264,W.L. GORE & ASSOCIATES INC - LOVETT I,101 LOVETT DRIVE,ELKTON,CECIL,MD,21921,,,39.647172,-75.801398,,W L GORE & ASSOCIATES INC,786525407,W L GORE & ASSOCIATES INC,NA,,NA,NO,326,Plastics and Rubber,,,,,,,326199,,,,,,1324222868135,Diisocyanates,NO,N120,N120,649715,NO,TRI,NO,Non_Metal,NO,NO,NO,R,Pounds,0.000,7.060,0.000,0.000,0.000,0.000,0.000,0.000,0.000,0.000,0.000,0.000,0.000,0.000,7.060,0.000,0.000,0.000,0.000,0.000,0.000,0.000,0.000,0.000,0.000,0.000,0.000,0.000,0.000,0.000,0.000,0.000,0.000,0.000,0.000,0.000,0.000,0.000,0.000,0.000,0.000,0.000,0.000,0.000,7221.060,0.000,7221.060,0.000,0.000,0.000,0.000,0.000,0.000,0.000,0.000,7221.060,7.060,0.000,0.000,7.060,0.000,0.000,0.000,7221.060,0.000,0.000,128.040,0.000,7356.160,,PRODUCTION,1.270
2024,21218CLVRL2701L,110000496419,CLOVERLAND FARMS DAIRY,2701 LOCH RAVEN RD,BALTIMORE,BALTIMORE (CITY),MD,21218,,,39.320598,-76.604455,,TWO FARMS INC,003076650,TWO FARMS INC,NA,,NA,NO,311,Food,,,,,,,311511,,,,,,1324222592228,Nitrate compounds (water dissociable; reportable only when in aqueous solution),NO,N511,N511,649616,NO,TRI,NO,May contain metal,NO,NO,NO,R,Pounds,0.000,0.000,0.000,0.000,0.000,0.000,0.000,0.000,0.000,0.000,0.000,0.000,0.000,0.000,0.000,0.000,0.000,0.000,0.000,0.000,0.000,0.000,0.000,0.000,0.000,0.000,0.000,0.000,0.000,0.000,0.000,0.000,0.000,0.000,0.000,0.000,0.000,0.000,0.000,0.000,0.000,0.000,0.000,0.000,0.000,0.000,0.000,0.000,0.000,0.000,0.000,0.000,0.000,0.000,0.000,0.000,0.000,0.000,0.000,0.000,0.000,0.000,0.000,0.000,0.000,0.000,56903.940,0.000,56903.940,,ACTIVITY,1.190
2024,21921CLNLM505BL,110000340710,COLONIAL METALS INC,505 BLUE BALL RD,ELKTON,CECIL,MD,21921,,,39.618343,-75.850151,,AMES GOLDSMITH,096930466,AMES GOLDSMITH CORP,NA,,NA,NO,325,Chemicals,,,,,,,325180,,,,,,1324222538581,Chlorine,NO,0007782505,7782-50-5,154328,YES,TRI,NO,Non_Metal,NO,NO,NO,R,Pounds,5.000,5.000,0.000,0.000,0.000,0.000,0.000,0.000,0.000,0.000,0.000,0.000,0.000,0.000,10.000,0.000,0.000,0.000,0.000,0.000,0.000,0.000,0.000,0.000,0.000,0.000,0.000,0.000,0.000,0.000,0.000,0.000,0.000,0.000,0.000,0.000,0.000,0.000,0.000,0.000,0.000,0.000,0.000,0.000,0.000,0.000,0.000,0.000,0.000,0.000,0.000,0.000,0.000,0.000,0.000,0.000,10.000,0.000,0.000,10.000,0.000,0.000,0.000,0.000,0.000,0.000,0.000,0.000,10.000,,ACTIVITY,0.740
2024,21226BLTMR1955C,110019893016,PIKE BALTIMORE TERMINAL LLC,1955 CHESAPEAKE AVE,BALTIMORE,BALTIMORE (CITY),MD,21226,,,39.239551,-76.571522,,APS PROPERTIES 4 LLC.,NA,APS PROPERTIES 4 LLC,NA,,NA,NO,324,Petroleum,,,,,,,324121,,,,,,1324222419386,"Benzo[g,h,i]perylene",NO,0000191242,191-24-2,40576,YES,PBT,NO,Non_Metal,NO,YES,NO,R,Pounds,0.000,0.010,0.000,0.000,0.000,0.000,0.000,0.000,0.000,0.000,0.000,0.000,0.000,0.000,0.010,0.000,0.000,0.000,0.000,0.000,0.000,0.000,0.000,0.000,0.000,0.000,0.000,0.000,0.000,0.000,0.000,0.000,0.000,0.000,0.000,0.000,0.000,0.000,0.000,0.000,0.000,0.000,0.000,0.000,0.000,0.000,0.000,0.000,0.000,0.000,0.000,0.000,0.000,0.000,0.000,0.000,0.010,0.000,0.000,0.010,0.000,0.000,0.000,0.000,0.000,0.000,0.000,0.000,0.010,,PRODUCTION,5.560
2024,21801CCDNTRT11B,110000340603,SPARTECH LLC,601 MARVEL ROAD,SALISBURY,WICOMICO,MD,21801,,,38.398915,-75.579490,,SPARTECH LLC,078804673,THE JORDAN CO,NA,,NA,NO,326,Plastics and Rubber,,,,,,,326113,323111,,,,,1324222499814,Barium compounds (except for barium sulfate (CAS No. 7727-43-7)),NO,N040,N040,649426,NO,TRI,NO,Metal complound categories,NO,NO,NO,R,Pounds,0.000,18.000,0.000,0.000,0.000,0.000,0.000,0.000,0.000,0.000,0.000,0.000,0.000,0.000,18.000,0.100,0.000,0.100,0.000,0.000,0.000,0.000,0.000,0.000,0.000,0.000,0.000,0.000,0.000,0.000,40.000,0.000,0.000,0.000,0.000,0.000,0.000,40.100,0.000,0.000,0.000,0.000,5540.000,5540.000,0.000,0.000,0.000,0.000,0.000,0.000,0.000,0.000,0.000,0.000,0.000,5580.100,58.100,0.000,0.000,18.000,40.069,0.031,0.000,0.000,0.000,5540.000,0.000,0.000,5598.100,,PRODUCTION,0.720
2024,2122WKMRWT3925F,110041352791,KEMIRA WATER SOLUTIONS INC,3925 FORT ARMISTEAD RD,BALTIMORE,BALTIMORE (CITY),MD,21226,,,39.208000,-76.542799,,KEMIRA WATER SOLUTIONS INC,627945702,KEMIRA WATER SOLUTIONS INC,KEMIRA OYJ,368448882,KEMIRA OYJ,NO,325,Chemicals,,,,,,,325180,,,,,,1324222489371,"Hydrochloric acid (acid aerosols including mists, vapors, gas, fog, and other airborne forms of any particle size)",NO,0007647010,7647-01-0,152231,YES,TRI,NO,Non_Metal,NO,NO,NO,R,Pounds,5.000,194.000,0.000,0.000,0.000,0.000,0.000,0.000,0.000,0.000,0.000,0.000,0.000,0.000,199.000,0.000,0.000,0.000,0.000,0.000,0.000,0.000,0.000,0.000,0.000,0.000,0.000,0.000,0.000,0.000,0.000,0.000,0.000,0.000,0.000,0.000,0.000,0.000,0.000,0.000,0.000,0.000,0.000,0.000,0.000,0.000,0.000,0.000,0.000,0.000,0.000,0.000,0.000,0.000,0.000,0.000,199.000,0.000,0.000,199.000,0.000,0.000,0.000,0.000,0.000,0.000,0.000,0.000,199.000,,PRODUCTION,0.990
2024,2170WLDCST672MA,110063872901,OLDCASTLE LAWN & GARDEN,6720 MANOR WOODS ROAD,FREDERICK,FREDERICK,MD,21703,,,39.332109,-77.438371,,CRH AMERICAS INC,037176591,CRH AMERICAS INC,NA,,CRH PUBLIC LTD CO,NO,321,Wood Products,,,,,,,321999,,,,,,1324222989853,Trifluralin,NO,0001582098,1582-09-8,89060,YES,PBT,NO,Non_Metal,NO,YES,NO,R,Pounds,0.000,0.000,0.000,0.000,0.000,0.000,0.000,0.000,0.000,0.000,0.000,0.000,0.000,0.000,0.000,0.000,0.000,0.000,0.000,0.000,0.000,0.000,0.000,0.000,0.000,0.000,0.000,0.000,0.000,0.000,0.000,0.000,0.000,0.000,0.000,0.000,0.000,0.000,0.000,0.000,0.000,0.000,0.000,0.000,0.000,0.000,0.000,0.000,0.000,0.000,0.000,0.000,0.000,0.000,0.000,0.000,0.000,0.000,0.000,0.000,0.000,0.000,0.000,0.000,0.000,0.000,0.000,0.000,0.000,,PRODUCTION,1.300
2024,21222VLCNM2415G,110000339848,AMG RESOURCES CORP,2415 GRAYS RD,BALTIMORE,BALTIMORE,MD,21222,,,39.245088,-76.462759,,AMG RESOURCES CORP,185112661,AMG RESOURCES CORP,NA,,NA,NO,331,Primary Metals,,,,,,,331492,,,,,,1324223175504,Sodium nitrite,NO,0007632000,7632-00-0,152058,NO,TRI,NO,Individually-listed compounds that contain metal,NO,NO,NO,R,Pounds,0.000,0.000,0.000,0.000,0.000,0.000,0.000,0.000,0.000,0.000,0.000,0.000,0.000,0.000,0.000,0.000,0.000,0.000,0.000,0.000,0.000,0.000,0.000,0.000,0.000,0.000,0.000,0.000,0.000,0.000,0.000,0.000,0.000,0.000,0.000,0.000,0.000,0.000,0.000,0.000,0.000,0.000,0.000,0.000,0.000,0.000,0.000,0.000,0.000,0.000,750.000,0.000,0.000,750.000,0.000,750.000,0.000,0.000,0.000,0.000,0.000,0.000,0.000,0.000,0.000,0.000,0.000,650.000,650.000,,PRODUCTION,0.800
2024,21230SHRWN2325H,110000340131,SHERWIN-WILLIAMS CO,2325 HOLLINS FERRY RD,BALTIMORE,BALTIMORE (CITY),MD,21230,,,39.263753,-76.642670,,THE SHERWIN-WILLIAMS CO,004206397,THE SHERWIN-WILLIAMS CO,NA,,NA,NO,325,Chemicals,,,,,,,325510,,,,,,1324223129065,Certain glycol ethers,NO,N230,N230,649541,YES,TRI,NO,May contain metal,NO,NO,NO,R,Pounds,2.000,13.000,0.000,0.000,0.000,0.000,0.000,0.000,0.000,0.000,0.000,0.000,0.000,0.000,15.000,0.000,0.000,0.000,0.000,0.000,0.000,0.000,0.000,0.000,0.000,0.000,0.000,0.000,0.000,0.000,1294.000,0.000,0.000,0.000,0.000,0.000,0.000,1294.000,0.000,0.000,0.000,0.000,0.000,0.000,0.000,0.000,0.000,0.000,0.000,0.000,0.000,213.000,0.000,213.000,0.000,1507.000,1309.000,0.000,0.000,15.000,1294.000,0.000,0.000,0.000,0.000,0.000,0.000,213.000,1522.000,,PRODUCTION,0.960
2024,21750JFFRS14738,110000492547,LANCO PENNLAND,14738 WARFORDSBURG RD,HANCOCK,WASHINGTON,MD,21750,,,39.716744,-78.180951,,NA,,NA,NA,,NA,NO,311,Food,,,,,,,311513,,,,,,1324222764401,Nonylphenol Ethoxylates,NO,N535,N535,1978074,NO,TRI,NO,Non_Metal,NO,NO,NO,R,Pounds,0.000,0.000,0.000,0.000,0.000,0.000,0.000,0.000,0.000,0.000,0.000,0.000,0.000,0.000,0.000,0.000,0.000,0.000,0.000,0.000,0.000,0.000,0.000,0.000,0.000,0.000,0.000,0.000,0.000,0.000,0.000,0.000,0.000,0.000,0.000,0.000,0.000,0.000,0.000,0.000,0.000,0.000,0.000,0.000,0.000,0.000,0.000,0.000,0.000,0.000,0.000,0.000,0.000,0.000,0.000,0.000,0.000,0.000,0.000,0.000,0.000,0.000,0.000,0.000,0.000,0.000,974.000,0.000,974.000,,PRODUCTION,1.100
2024,2162WDXNVL365HA,110071498448,DIXON VALVE & COUPLING CO,365 HAACKE DR.,CHESTERTOWN,KENT,MD,21620,,,39.229002,-76.069845,,NA,,NA,NA,,NA,NO,332,Fabricated Metals,,,,,,,332912,332911,332919,,,,1324222771115,Manganese,NO,0007439965,7439-96-5,149625,YES,TRI,YES,Elemental metals,NO,NO,NO,R,Pounds,0.000,0.000,0.000,0.000,0.000,0.000,0.000,0.000,0.000,0.000,0.000,0.000,0.000,0.000,0.000,0.000,0.000,0.000,0.000,0.000,0.000,0.000,0.000,0.000,0.000,0.000,0.000,0.000,0.000,0.000,0.000,0.000,0.000,0.000,0.000,0.000,0.000,0.000,0.000,2773.411,0.000,0.000,0.000,2773.411,0.000,0.000,0.000,0.000,0.000,0.000,0.000,0.000,0.000,0.000,0.000,2773.411,0.000,0.000,0.000,0.000,0.000,0.000,0.000,0.000,0.000,2773.411,0.000,0.000,2773.411,,PRODUCTION,1.000
2024,21017NDPND1300B,110000869178,INDEPENDENT CAN CO,1300 BRASS MILL RD,BELCAMP,HARFORD,MD,21017,,,39.478749,-76.234951,,INDEPENDENT CAN CO,003070000,INDEPENDENT CAN CO,NA,,NA,NO,332,Fabricated Metals,,,,,,,332431,,,,,,1324222543415,Certain glycol ethers,NO,N230,N230,649541,YES,TRI,NO,May contain metal,NO,NO,NO,R,Pounds,1421.000,0.000,0.000,0.000,0.000,0.000,0.000,0.000,0.000,0.000,0.000,0.000,0.000,0.000,1421.000,0.000,0.000,0.000,0.000,0.000,0.000,0.000,0.000,0.000,0.000,0.000,0.000,0.000,0.000,0.000,0.000,0.000,0.000,0.000,0.000,0.000,0.000,0.000,17404.000,0.000,0.000,0.000,0.000,17404.000,0.000,0.000,0.000,0.000,0.000,0.000,0.000,0.000,0.000,0.000,0.000,17404.000,1421.000,0.000,0.000,1421.000,0.000,0.000,0.000,0.000,0.000,17404.000,0.000,0.000,18825.000,,PRODUCTION,1.670
2024,2061WSMBRY7115I,110071071806,SMO BRYANS ROAD PLANT,7115 INDIAN HEAD HWY,BRYANS ROAD,CHARLES,MD,20616,,,38.628660,-77.069376,,STAR GROUP LP,NA,STAR GROUP LP,NA,,NA,NO,999,Other,,,,,,,454310,,,,,,1324223086000,Xylene (mixed isomers),NO,0001330207,1330-20-7,84970,YES,TRI,NO,Non_Metal,NO,NO,NO,A,Pounds,0.000,0.000,0.000,0.000,0.000,0.000,0.000,0.000,0.000,0.000,0.000,0.000,0.000,0.000,0.000,0.000,0.000,0.000,0.000,0.000,0.000,0.000,0.000,0.000,0.000,0.000,0.000,0.000,0.000,0.000,0.000,0.000,0.000,0.000,0.000,0.000,0.000,0.000,0.000,0.000,0.000,0.000,0.000,0.000,0.000,0.000,0.000,0.000,0.000,0.000,0.000,0.000,0.000,0.000,0.000,0.000,0.000,0.000,0.000,0.000,0.000,0.000,0.000,0.000,0.000,0.000,0.000,0.000,0.000,0.000,,0.000
2024,2174WSCHST1SHER,110062900124,SCHUSTER CONCRETE READY MIX LLC-SHERMAN AVE,1000 SHERMAN AVE,HAGERSTOWN,WASHINGTON,MD,21740,,,39.630587,-77.738591,,SCHUSTER CONCRETE READY MIX LLC,NA,SCHUSTER CONCRETE READY MIX LLC,NA,,NA,NO,327,Nonmetallic Mineral Product,,,,,,,327320,,,,,,1324222431431,Nitrate compounds (water dissociable; reportable only when in aqueous solution),NO,N511,N511,649616,NO,TRI,NO,May contain metal,NO,NO,NO,A,Pounds,0.000,0.000,0.000,0.000,0.000,0.000,0.000,0.000,0.000,0.000,0.000,0.000,0.000,0.000,0.000,0.000,0.000,0.000,0.000,0.000,0.000,0.000,0.000,0.000,0.000,0.000,0.000,0.000,0.000,0.000,0.000,0.000,0.000,0.000,0.000,0.000,0.000,0.000,0.000,0.000,0.000,0.000,0.000,0.000,0.000,0.000,0.000,0.000,0.000,0.000,0.000,0.000,0.000,0.000,0.000,0.000,0.000,0.000,0.000,0.000,0.000,0.000,0.000,0.000,0.000,0.000,0.000,0.000,0.000,0.000,,0.000
2024,21226BRNDN1000B,110038162902,BRANDON SHORES & WAGNER COMPLEX,3000 BRANDON SHORES RD,CURTIS BAY,ANNE ARUNDEL,MD,21226,,,39.178257,-76.541842,,TALEN ENERGY,078612047,TALEN ENERGY CORP,NA,,NA,NO,2211,Electric Utilities,,,,,,,221112,,,,,,1324222802326,Hydrogen fluoride,NO,0007664393,7664-39-3,152371,YES,TRI,NO,Non_Metal,NO,NO,NO,R,Pounds,0.000,5560.000,0.000,0.000,0.000,0.000,0.000,0.000,0.000,0.000,0.000,0.000,0.000,0.000,5560.000,0.000,0.000,0.000,0.000,0.000,0.000,0.000,0.000,0.000,0.000,0.000,0.000,0.000,0.000,0.000,0.000,0.000,0.000,0.000,0.000,0.000,0.000,0.000,0.000,0.000,0.000,0.000,0.000,0.000,0.000,0.000,0.000,0.000,0.000,0.000,0.000,0.000,0.000,0.000,0.000,0.000,5560.000,0.000,0.000,5560.000,0.000,0.000,0.000,0.000,0.000,0.000,157969.000,0.000,163529.000,,PRODUCTION,1.000
2024,21226CTGPT2201S,110019893329,CITGO PETROLEUM CORP,2201 SOUTHPORT AVE,BALTIMORE,BALTIMORE (CITY),MD,21226,,,39.229478,-76.568788,,PDV HOLDING INC.,119272531,PDV HOLDING INC,PDVSA PETROLEOS S.A.,885354373,PDVSA PETROLEOS SA,NO,4247,Petroleum Bulk Terminals,,,,,,,424710,,,,,,1324222771964,"Benzo[g,h,i]perylene",NO,0000191242,191-24-2,40576,YES,PBT,NO,Non_Metal,NO,YES,NO,R,Pounds,0.000,0.000,0.000,0.000,0.000,0.000,0.000,0.000,0.000,0.000,0.000,0.000,0.000,0.000,0.000,0.000,0.000,0.000,0.000,0.000,0.000,0.000,0.000,0.000,0.000,0.000,0.000,0.000,0.000,0.000,0.000,0.000,0.000,0.000,0.000,0.000,0.000,0.000,0.000,0.000,0.000,0.000,0.000,0.000,0.000,0.000,0.000,0.000,0.000,0.000,0.000,0.000,0.000,0.000,0.000,0.000,0.000,0.000,0.000,0.000,0.000,0.000,0.000,0.000,0.000,0.000,0.000,0.000,0.000,,PRODUCTION,0.890
2024,2174WSCHST1SHER,110062900124,SCHUSTER CONCRETE READY MIX LLC-SHERMAN AVE,1000 SHERMAN AVE,HAGERSTOWN,WASHINGTON,MD,21740,,,39.630587,-77.738591,,SCHUSTER CONCRETE READY MIX LLC,NA,SCHUSTER CONCRETE READY MIX LLC,NA,,NA,NO,327,Nonmetallic Mineral Product,,,,,,,327320,,,,,,1324222431215,Lead,NO,0007439921,7439-92-1,149583,NO,PBT,YES,Elemental metals,YES,YES,NO,R,Pounds,0.000,0.020,0.000,0.000,0.000,0.000,0.000,0.000,0.000,0.000,0.000,0.000,0.000,0.000,0.020,0.000,0.000,0.000,0.000,0.000,0.000,0.000,0.000,0.000,0.000,0.000,0.000,0.000,0.000,0.000,0.000,0.000,0.000,0.000,0.000,0.000,0.000,0.000,0.000,0.000,0.000,0.000,0.000,0.000,0.000,0.000,0.000,0.000,0.000,0.000,0.000,0.000,0.000,0.000,0.000,0.000,0.020,0.000,0.000,0.020,0.000,0.000,0.000,0.000,0.000,0.000,0.000,0.000,0.020,,PRODUCTION,0.830
2024,2103WBYNNS16ALT,110043326479,BEYNON SPORTS SURFACES,16 ALT RD,HUNT VALLEY,BALTIMORE,MD,21030,,,39.481660,-76.646073,,NA,,NA,NA,,NA,NO,326,Plastics and Rubber,,,,,,,326150,,,,,,1324222559890,"Toluene-2,4-diisocyanate",NO,0000584849,584-84-9,55939,YES,TRI,NO,Non_Metal,YES,NO,NO,R,Pounds,0.000,0.000,0.000,0.000,0.000,0.000,0.000,0.000,0.000,0.000,0.000,0.000,0.000,0.000,0.000,0.000,0.000,0.000,0.000,0.000,0.000,0.000,0.000,0.000,0.000,0.000,0.000,0.000,0.000,0.000,0.000,0.000,0.000,0.000,0.000,0.000,0.000,0.000,0.000,0.000,0.000,0.000,0.000,0.000,0.000,0.000,0.000,0.000,0.000,0.000,0.000,0.000,0.000,0.000,0.000,0.000,0.000,0.000,0.000,0.000,0.000,0.000,0.000,0.000,0.000,0.000,0.000,0.000,0.000,,PRODUCTION,0.840
2024,21040LCRNC1502Q,110000339438,THE GILL CORPORATION-MARYLAND,1502 QUARRY DR,EDGEWOOD,HARFORD,MD,21040,,,39.447271,-76.314463,,THE GILL CORP,786677716,THE GILL CORP,THE GILL CORP,78677716,THE GILL CORP,NO,332,Fabricated Metals,,,,,,,332999,,,,,,1324223057718,Aluminum (fume or dust),NO,0007429905,7429-90-5,149476,NO,TRI,NO,Metals with qualifiers,NO,NO,NO,R,Pounds,0.000,0.000,0.000,0.000,0.000,0.000,0.000,0.000,0.000,0.000,0.000,0.000,0.000,0.000,0.000,0.000,0.000,0.000,0.000,0.000,0.000,0.000,0.000,0.000,0.000,0.000,0.000,0.000,0.000,0.000,0.000,0.000,0.000,0.000,0.000,0.000,0.000,0.000,0.000,0.000,64104.000,0.000,0.000,64104.000,0.000,0.000,0.000,0.000,0.000,0.000,0.000,0.000,0.000,0.000,0.000,64104.000,0.000,0.000,0.000,0.000,0.000,0.000,0.000,0.000,64104.000,64104.000,0.000,0.000,128208.000,,,
2024,21076LTSPC1415M,110037142776,ELITE SPICE INC.,1415 MAGELLAN DR,HANOVER,ANNE ARUNDEL,MD,21076,,,39.175906,-76.715993,,ELITE SPICE INC,182893370,ELITE SPICE INC,NA,,NA,NO,311,Food,,,,,,,311942,,,,,,1324223157138,Propylene oxide,NO,0000075569,75-56-9,5660,YES,TRI,NO,Non_Metal,YES,NO,NO,R,Pounds,299.000,466.000,0.000,0.000,0.000,0.000,0.000,0.000,0.000,0.000,0.000,0.000,0.000,0.000,765.000,0.000,0.000,0.000,0.000,0.000,0.000,0.000,0.000,0.000,0.000,0.000,0.000,0.000,0.000,0.000,0.000,0.000,0.000,0.000,0.000,0.000,0.000,0.000,0.000,0.000,0.000,0.000,0.000,0.000,0.000,0.000,0.000,0.000,0.000,0.000,0.000,0.000,0.000,0.000,0.000,0.000,765.000,0.000,0.000,765.000,0.000,0.000,0.000,0.000,0.000,0.000,237700.000,0.000,238465.000,,PRODUCTION,1.150
2024,2079WSCHST1782G,110070244710,SCHUSTER CONCRETE READY MIX LLC-GUILFORD RD,10782 GUILFORD RD,JESSUP,HOWARD,MD,20794,,,39.132446,-76.798086,,SCHUSTER CONCRETE READY MIX LLC,NA,SCHUSTER CONCRETE READY MIX LLC,NA,,NA,NO,327,Nonmetallic Mineral Product,,,,,,,327320,,,,,,1324222431090,Nickel compounds,NO,N495,N495,650036,YES,TRI,YES,Metal complound categories,YES,NO,NO,A,Pounds,0.000,0.000,0.000,0.000,0.000,0.000,0.000,0.000,0.000,0.000,0.000,0.000,0.000,0.000,0.000,0.000,0.000,0.000,0.000,0.000,0.000,0.000,0.000,0.000,0.000,0.000,0.000,0.000,0.000,0.000,0.000,0.000,0.000,0.000,0.000,0.000,0.000,0.000,0.000,0.000,0.000,0.000,0.000,0.000,0.000,0.000,0.000,0.000,0.000,0.000,0.000,0.000,0.000,0.000,0.000,0.000,0.000,0.000,0.000,0.000,0.000,0.000,0.000,0.000,0.000,0.000,0.000,0.000,0.000,0.000,,0.000
2024,21090DVNCDNURSE,110000796595,NORTHROP GRUMMAN SYSTEMS CORP,1212 WINTERSON RD,LINTHICUM HEIGHTS,ANNE ARUNDEL,MD,21090,,,39.204178,-76.685315,,NORTHROP GRUMMAN CORP,967356127,NORTHROP GRUMMAN CORP,NA,,NA,NO,334,Computers and Electronic Products,,,,,,,334413,,,,,,1324222843652,N-Methyl-2-pyrrolidone,NO,0000872504,872-50-4,72744,NO,TRI,NO,Non_Metal,NO,NO,NO,R,Pounds,0.000,6467.000,0.000,0.000,0.000,0.000,0.000,0.000,0.000,0.000,0.000,0.000,0.000,0.000,6467.000,0.000,0.000,0.000,0.000,0.000,0.000,0.000,0.000,0.000,0.000,0.000,0.000,0.000,0.000,0.000,0.000,0.000,0.000,0.000,0.000,0.000,0.000,0.000,3000.000,0.000,0.000,0.000,0.000,3000.000,6802.000,0.000,6802.000,0.000,0.000,15700.000,0.000,0.000,0.000,15700.000,0.000,25502.000,6467.000,0.000,0.000,6467.000,0.000,0.000,0.000,6802.000,0.000,3000.000,0.000,15700.000,31969.000,,PRODUCTION,1.220
2024,21222TNMCC2300E,110000339820,TNEMEC CO INC,2300 EDGEWATER AVE,BALTIMORE,BALTIMORE (CITY),MD,21222,,,39.261900,-76.535417,,TNEMEC CO INC,077410538,TNEMEC CO INC,NA,,NA,NO,325,Chemicals,,,,,,,325510,,,,,,1324222732240,Copper  And Copper Compounds,YES,N100,N100,649491,NO,TRI,YES,Metal complound categories,NO,NO,NO,R,Pounds,0.000,6.000,0.000,0.000,0.000,0.000,0.000,0.000,0.000,0.000,0.000,0.000,0.000,0.000,6.000,0.000,0.000,0.000,0.000,0.000,0.000,0.000,0.000,0.000,0.000,0.000,0.000,0.000,0.000,0.000,0.000,0.000,0.000,0.000,0.000,0.000,0.000,0.000,0.000,0.000,319.000,0.000,0.000,319.000,0.000,0.000,0.000,0.000,0.000,0.000,0.000,0.000,0.000,0.000,0.000,319.000,6.000,0.000,0.000,6.000,0.000,0.000,0.000,0.000,0.000,319.000,0.000,0.000,325.000,,PRODUCTION,1.180
2024,20707JMSJR9200P,110000339198,U.S. DHS JAMES J. ROWLEY TRAINING CENTER,9200 POWDER MILL RD,LAUREL,PRINCE GEORGE'S,MD,20708,,,39.033896,-76.846623,,US DEPARTMENT OF HOMELAND SECURITY,NA,US DEPARTMENT OF HOMELAND SECURITY,NA,,NA,YES,999,Other,,,,,,,922120,928110,,,,,1324222720397,Lead  And Lead Compounds,YES,N420,N420,650002,YES,PBT,YES,Metal complound categories,NO,YES,NO,R,Pounds,0.000,0.000,0.000,0.000,0.000,0.000,0.000,0.000,0.000,0.000,0.000,0.000,0.000,0.000,0.000,0.000,0.000,0.000,0.000,0.000,0.000,0.000,0.000,0.000,0.000,0.000,0.000,0.000,0.000,0.000,0.000,0.000,0.000,0.000,0.000,1718.980,0.000,1718.980,0.000,0.000,0.000,0.000,41925.000,41925.000,0.000,0.000,0.000,0.000,0.000,0.000,0.000,0.000,0.000,0.000,0.000,43643.980,1718.980,0.000,0.000,0.000,0.000,1718.980,0.000,0.000,0.000,41925.000,0.000,0.000,43643.980,,ACTIVITY,0.870
2024,20735KRBYR5401K,110001768891,KIRBY ROAD READY MIX CONCRETE,5401 KIRBY RD,CLINTON,PRINCE GEORGE'S,MD,20735,,,38.780998,-76.917661,,HOLCIM PARTICIPATIONS (US) INC,081260273,HOLCIM PARTICIPATIONS (US) INC,HOLCIM LTD.,NA,HOLCIM LTD,NO,327,Nonmetallic Mineral Product,,,,,,,327320,,,,,,1324222797742,Nitrate compounds (water dissociable; reportable only when in aqueous solution),NO,N511,N511,649616,NO,TRI,NO,May contain metal,NO,NO,NO,A,Pounds,0.000,0.000,0.000,0.000,0.000,0.000,0.000,0.000,0.000,0.000,0.000,0.000,0.000,0.000,0.000,0.000,0.000,0.000,0.000,0.000,0.000,0.000,0.000,0.000,0.000,0.000,0.000,0.000,0.000,0.000,0.000,0.000,0.000,0.000,0.000,0.000,0.000,0.000,0.000,0.000,0.000,0.000,0.000,0.000,0.000,0.000,0.000,0.000,0.000,0.000,0.000,0.000,0.000,0.000,0.000,0.000,0.000,0.000,0.000,0.000,0.000,0.000,0.000,0.000,0.000,0.000,0.000,0.000,0.000,0.000,,0.000
2024,2170WSCHST53EAS,110009681433,SCHUSTER CONCRETE READY MIX LLC-SOUTH ST,530 EAST SOUTH STREET,FREDERICK,FREDERICK,MD,21701,,,39.408757,-77.399731,,SCHUSTER CONCRETE READY MIX LLC,NA,SCHUSTER CONCRETE READY MIX LLC,NA,,NA,NO,327,Nonmetallic Mineral Product,,,,,,,327320,,,,,,1324222431328,Nickel compounds,NO,N495,N495,650036,YES,TRI,YES,Metal complound categories,YES,NO,NO,A,Pounds,0.000,0.000,0.000,0.000,0.000,0.000,0.000,0.000,0.000,0.000,0.000,0.000,0.000,0.000,0.000,0.000,0.000,0.000,0.000,0.000,0.000,0.000,0.000,0.000,0.000,0.000,0.000,0.000,0.000,0.000,0.000,0.000,0.000,0.000,0.000,0.000,0.000,0.000,0.000,0.000,0.000,0.000,0.000,0.000,0.000,0.000,0.000,0.000,0.000,0.000,0.000,0.000,0.000,0.000,0.000,0.000,0.000,0.000,0.000,0.000,0.000,0.000,0.000,0.000,0.000,0.000,0.000,0.000,0.000,0.000,,0.000
2024,21795PSNCH16414,110000340523,ENGINEERED POLYMER SOLUTIONS INC.,16414 INDUSTRIAL LN,WILLIAMSPORT,WASHINGTON,MD,21795,,,39.597371,-77.800568,,THE SHERWIN-WILLIAMS CO,004206397,THE SHERWIN-WILLIAMS CO,NA,,NA,NO,325,Chemicals,,,,,,,325510,,,,,,1324223087115,Butyl acrylate,NO,0000141322,141-32-2,38281,NO,TRI,NO,Non_Metal,NO,NO,NO,R,Pounds,0.000,1872.000,0.000,0.000,0.000,0.000,0.000,0.000,0.000,0.000,0.000,0.000,0.000,0.000,1872.000,0.000,0.000,0.000,0.000,0.000,0.000,0.000,0.000,0.000,0.000,0.000,0.000,0.000,0.000,0.000,0.000,0.000,0.000,0.000,0.000,0.000,0.000,0.000,0.000,0.000,0.000,0.000,0.000,0.000,0.000,0.000,0.000,0.000,20586.000,0.000,0.000,0.000,0.000,20586.000,0.000,20586.000,1872.000,0.000,0.000,1872.000,0.000,0.000,0.000,0.000,0.000,0.000,0.000,20586.000,22458.000,,PRODUCTION,1.280
2024,21835STRNSRFD1X,110000340685,DARLING INGREDIENTS INC.- LINKWOOD FACILITY,5420 LINKWOOD RD,LINKWOOD,DORCHESTER,MD,21835,,,38.561234,-75.934064,,DARLING INGREDIENTS INC,005092358,DARLING INGREDIENTS INC,NA,,NA,NO,311,Food,,,,,,,311613,,,,,,1324222409512,Chlorine,NO,0007782505,7782-50-5,154328,YES,TRI,NO,Non_Metal,NO,NO,NO,R,Pounds,0.000,0.000,0.000,0.000,0.000,0.000,0.000,0.000,0.000,0.000,0.000,0.000,0.000,30264.000,30264.000,0.000,0.000,0.000,0.000,0.000,0.000,0.000,0.000,0.000,0.000,0.000,0.000,0.000,0.000,0.000,0.000,0.000,0.000,0.000,0.000,0.000,0.000,0.000,0.000,0.000,0.000,0.000,0.000,0.000,0.000,0.000,0.000,0.000,0.000,0.000,0.000,0.000,0.000,0.000,0.000,0.000,30264.000,0.000,0.000,30264.000,0.000,0.000,0.000,0.000,0.000,0.000,0.000,0.000,30264.000,,ACTIVITY,1.000
2024,2079WSCHST1782G,110070244710,SCHUSTER CONCRETE READY MIX LLC-GUILFORD RD,10782 GUILFORD RD,JESSUP,HOWARD,MD,20794,,,39.132446,-76.798086,,SCHUSTER CONCRETE READY MIX LLC,NA,SCHUSTER CONCRETE READY MIX LLC,NA,,NA,NO,327,Nonmetallic Mineral Product,,,,,,,327320,,,,,,1324222431088,Lead,NO,0007439921,7439-92-1,149583,NO,PBT,YES,Elemental metals,YES,YES,NO,R,Pounds,0.000,0.032,0.000,0.000,0.000,0.000,0.000,0.000,0.000,0.000,0.000,0.000,0.000,0.000,0.032,0.000,0.000,0.000,0.000,0.000,0.000,0.000,0.000,0.000,0.000,0.000,0.000,0.000,0.000,0.000,0.000,0.000,0.000,0.000,0.000,0.000,0.000,0.000,0.000,0.000,0.000,0.000,0.000,0.000,0.000,0.000,0.000,0.000,0.000,0.000,0.000,0.000,0.000,0.000,0.000,0.000,0.032,0.000,0.000,0.032,0.000,0.000,0.000,0.000,0.000,0.000,0.000,0.000,0.032,,PRODUCTION,1.090
2024,2140WSMNNP223IN,110071071825,SMO ANNAPOLIS PLANT,2023 INDUSTRIAL DR,ANNAPOLIS,ANNE ARUNDEL,MD,21401,,,38.994161,-76.545344,,STAR GROUP LP,NA,STAR GROUP LP,NA,,NA,NO,999,Other,,,,,,,457210,,,,,,1324223118997,"1,2,4-Trimethylbenzene",NO,0000095636,95-63-6,16261,NO,TRI,NO,Non_Metal,NO,NO,NO,A,Pounds,0.000,0.000,0.000,0.000,0.000,0.000,0.000,0.000,0.000,0.000,0.000,0.000,0.000,0.000,0.000,0.000,0.000,0.000,0.000,0.000,0.000,0.000,0.000,0.000,0.000,0.000,0.000,0.000,0.000,0.000,0.000,0.000,0.000,0.000,0.000,0.000,0.000,0.000,0.000,0.000,0.000,0.000,0.000,0.000,0.000,0.000,0.000,0.000,0.000,0.000,0.000,0.000,0.000,0.000,0.000,0.000,0.000,0.000,0.000,0.000,0.000,0.000,0.000,0.000,0.000,0.000,0.000,0.000,0.000,0.000,,0.000
2024,2140WSMNNP223IN,110071071825,SMO ANNAPOLIS PLANT,2023 INDUSTRIAL DR,ANNAPOLIS,ANNE ARUNDEL,MD,21401,,,38.994161,-76.545344,,STAR GROUP LP,NA,STAR GROUP LP,NA,,NA,NO,999,Other,,,,,,,457210,,,,,,1324223119001,Naphthalene,NO,0000091203,91-20-3,13326,YES,TRI,NO,Non_Metal,YES,NO,NO,A,Pounds,0.000,0.000,0.000,0.000,0.000,0.000,0.000,0.000,0.000,0.000,0.000,0.000,0.000,0.000,0.000,0.000,0.000,0.000,0.000,0.000,0.000,0.000,0.000,0.000,0.000,0.000,0.000,0.000,0.000,0.000,0.000,0.000,0.000,0.000,0.000,0.000,0.000,0.000,0.000,0.000,0.000,0.000,0.000,0.000,0.000,0.000,0.000,0.000,0.000,0.000,0.000,0.000,0.000,0.000,0.000,0.000,0.000,0.000,0.000,0.000,0.000,0.000,0.000,0.000,0.000,0.000,0.000,0.000,0.000,0.000,,0.000
2024,2123WCLNHR191RU,110029273417,CLEAN HARBORS OF BALTIMORE INC.,1910 RUSSELL STREET,BALTIMORE,BALTIMORE (CITY),MD,21230,,,39.270654,-76.632639,,CLEAN HARBORS INC,039322250,CLEAN HARBORS INC,NA,,NA,NO,562,Hazardous Waste,,,,,,,562211,,,,,,1324223156910,"Benzo[g,h,i]perylene",NO,0000191242,191-24-2,40576,YES,PBT,NO,Non_Metal,NO,YES,NO,R,Pounds,0.000,0.000,0.000,0.000,0.000,0.000,0.000,0.000,0.000,0.000,0.000,0.000,0.000,0.000,0.000,0.000,0.000,0.000,0.000,0.000,0.000,0.000,0.000,0.000,0.000,0.000,0.000,0.000,0.000,0.000,31.860,0.000,0.000,0.000,0.000,0.000,0.000,31.860,0.000,0.000,13.360,0.000,0.000,13.360,0.000,0.000,0.000,0.000,4.630,0.000,0.000,0.000,0.000,4.630,0.000,49.850,31.860,0.000,0.000,0.000,31.860,0.000,0.000,0.000,0.000,13.360,49.170,4.630,99.020,,PRODUCTION,1.070
2024,2078WBLDNS28252,110043670284,BLADENSBURG READY MIX CONCRETE FACILITY,2820 52ND AVENUE,HYATTSVILLE,PRINCE GEORGE'S,MD,20781,,,38.926060,-76.930964,,HOLCIM PARTICIPATIONS (US) INC,081260273,HOLCIM PARTICIPATIONS (US) INC,HOLCIM LTD.,NA,HOLCIM LTD,NO,327,Nonmetallic Mineral Product,,,,,,,327320,,,,,,1324222797779,Lead  And Lead Compounds,YES,N420,N420,650002,YES,PBT,YES,Metal complound categories,NO,YES,NO,R,Pounds,0.014,0.014,0.000,0.000,0.000,0.000,0.000,0.000,0.000,0.000,0.000,0.000,0.000,0.000,0.028,0.000,0.000,0.000,0.000,0.000,0.000,0.000,0.000,0.000,0.000,0.000,0.000,0.000,0.000,0.000,0.000,0.000,0.000,0.000,0.000,0.000,0.000,0.000,0.000,0.000,5.480,0.000,0.000,5.480,0.000,0.000,0.000,0.000,0.000,0.000,0.000,0.000,0.000,0.000,0.000,5.480,0.028,0.000,0.000,0.028,0.000,0.000,0.000,0.000,0.000,5.480,0.000,0.000,5.508,,PRODUCTION,1.100
2024,21740MCKTR1999P,110000340391,MACK TRUCKS INC,13302 PENNSYLVANIA AVE,HAGERSTOWN,WASHINGTON,MD,21742,,,39.678469,-77.720055,,VOLVO GROUP,NA,VOLVO GROUP,AB VOLVO,353952559,AB VOLVO,NO,336,Transportation Equipment,,,,,,,336350,,,,,,1324222874859,Manganese compounds,NO,N450,N450,650010,YES,TRI,YES,Metal complound categories,NO,NO,NO,R,Pounds,0.000,0.000,0.000,0.000,0.000,0.000,0.000,0.000,0.000,0.000,0.000,0.000,0.000,0.000,0.000,0.000,0.000,0.000,0.000,0.000,4856.000,0.000,0.000,0.000,0.000,0.000,0.000,0.000,0.000,0.000,0.000,0.000,0.000,0.000,0.000,850.000,0.000,5706.000,0.000,0.000,0.000,0.000,0.000,0.000,0.000,0.000,0.000,0.000,0.000,0.000,0.000,0.000,0.000,0.000,0.000,5706.000,5706.000,0.000,0.000,0.000,0.000,5706.000,0.000,0.000,0.000,0.000,0.000,0.000,5706.000,,PRODUCTION,1.020
2024,2104WSGCNC21PHI,110039203992,S&G CONCRETE EDGEWOOD,2100 PHILADELPHIA ROAD,EDGEWOOD,HARFORD,MD,21040,,,39.443807,-76.313770,,VULCAN MATERIALS CO,805344798,VULCAN MATERIALS CO,NA,,NA,NO,327,Nonmetallic Mineral Product,,,,,,,327320,,,,,,1324223097256,Nitrate compounds (water dissociable; reportable only when in aqueous solution),NO,N511,N511,649616,NO,TRI,NO,May contain metal,NO,NO,NO,R,Pounds,0.000,0.000,823.000,0.000,0.000,0.000,0.000,0.000,0.000,0.000,0.000,0.000,0.000,0.000,823.000,0.000,0.000,0.000,0.000,0.000,0.000,0.000,0.000,0.000,0.000,0.000,0.000,0.000,0.000,0.000,0.000,0.000,0.000,0.000,0.000,0.000,0.000,0.000,0.000,0.000,0.000,0.000,0.000,0.000,0.000,0.000,0.000,0.000,0.000,0.000,0.000,0.000,0.000,0.000,0.000,0.000,823.000,0.000,0.000,823.000,0.000,0.000,0.000,0.000,0.000,0.000,0.000,0.000,823.000,,PRODUCTION,1.070
2024,21005BRDNPSTEAP,110017936117,U.S. ARMY ABERDEEN PROVING GROUND,IMNE APG PWE BLDG 4304,ABERDEEN PROVING GROUND,HARFORD,MD,21005,,,39.494710,-76.146541,,US DEPARTMENT OF DEFENSE,NA,US DEPARTMENT OF DEFENSE,,,NA,YES,999,Other,,,,,,,928110,,,,,,1324222528059,Methanol,NO,0000067561,67-56-1,4283,YES,TRI,NO,Non_Metal,NO,NO,NO,R,Pounds,0.000,0.000,0.000,0.000,0.000,0.000,0.000,0.000,0.000,0.000,0.000,0.000,0.000,24604.000,24604.000,0.000,0.000,0.000,0.000,0.000,0.000,0.000,0.000,0.000,0.000,0.000,0.000,0.000,0.000,0.000,0.000,0.000,0.000,0.000,0.000,0.000,0.000,0.000,0.000,0.000,0.000,0.000,0.000,0.000,0.000,0.000,0.000,0.000,0.000,0.000,0.000,0.000,0.000,0.000,0.000,0.000,24604.000,0.000,0.000,24604.000,0.000,0.000,0.000,0.000,0.000,0.000,0.000,0.000,24604.000,,ACTIVITY,0.830
2024,20707MRYLNPOBOX,110000761765,MARYLAND & VIRGINIA LAUREL LLC,8321 LEISHEAR RD,LAUREL,HOWARD,MD,20723,,,39.142818,-76.875147,,MD & VA MILK PRODUCERS COOPERATIVE INC,003239563,MD & VA MILK PRODUCERS COOPERATIVE INC,NA,,NA,NO,311,Food,,,,,,,311514,,,,,,1324222567846,Nitric acid,NO,0007697372,7697-37-2,152686,NO,TRI,NO,Non_Metal,NO,NO,NO,R,Pounds,0.000,0.000,0.000,0.000,0.000,0.000,0.000,0.000,0.000,0.000,0.000,0.000,0.000,0.000,0.000,0.000,0.000,0.000,0.000,0.000,0.000,0.000,0.000,0.000,0.000,0.000,0.000,0.000,0.000,0.000,0.000,0.000,0.000,0.000,0.000,0.000,0.000,0.000,0.000,0.000,0.000,0.000,0.000,0.000,0.000,0.000,0.000,0.000,0.000,0.000,0.000,0.000,0.000,0.000,0.000,0.000,0.000,0.000,0.000,0.000,0.000,0.000,0.000,0.000,0.000,0.000,115176.000,0.000,115176.000,,ACTIVITY,0.780
2024,21078MRCNC1300R,110012464001,CYTEC ENGINEERED INC,1300 REVOLUTION ST,HAVRE DE GRACE,HARFORD,MD,21078,,,39.536988,-76.112063,,SYENSQO HOLDING INC,874748937,SYENSQO HOLDING INC,SYENSQO SA,372787070,SYENSQO SA,NO,325,Chemicals,,,,,,,325520,,,,,,1324222915757,2-Ethoxyethanol,NO,0000110805,110-80-5,26989,YES,TRI,NO,Non_Metal,NO,NO,NO,R,Pounds,5.000,250.000,0.000,0.000,0.000,0.000,0.000,0.000,0.000,0.000,0.000,0.000,0.000,0.000,255.000,0.000,0.000,0.000,0.000,0.000,0.000,0.000,0.000,0.000,0.000,0.000,0.000,0.000,0.000,0.000,0.000,0.000,0.000,0.000,0.000,31669.000,0.000,31669.000,3841.000,0.000,0.000,0.000,0.000,3841.000,0.000,0.000,0.000,0.000,0.000,0.000,0.000,0.000,0.000,0.000,0.000,35510.000,31924.000,0.000,0.000,255.000,0.000,31669.000,0.000,0.000,0.000,3841.000,0.000,0.000,35765.000,,PRODUCTION,0.950
2024,21113HTCHC1721M,110000339544,HI-TECH COLOR INC,1721 MIDWAY RD,ODENTON,ANNE ARUNDEL,MD,21113,,,39.108920,-76.695550,,NA,,NA,DAINICHISEIKA COLOR & CHEM MFG CO. LTD.,690536008,DAINICHISEIKA COLOR & CHEM MFG CO LTD,NO,325,Chemicals,,,,,,,325910,,,,,,1324222639193,"N,N-Dimethylformamide",NO,0000068122,68-12-2,4416,YES,TRI,NO,Non_Metal,YES,NO,NO,R,Pounds,98.000,0.000,0.000,0.000,0.000,0.000,0.000,0.000,0.000,0.000,0.000,0.000,0.000,0.000,98.000,0.000,0.000,0.000,0.000,0.000,0.000,0.000,0.000,0.000,0.000,0.000,0.000,0.000,0.000,0.000,0.000,0.000,0.000,0.000,0.000,0.000,0.000,0.000,0.000,0.000,0.000,0.000,0.000,0.000,1674.000,0.000,1674.000,0.000,0.000,0.000,0.000,0.000,0.000,0.000,0.000,1674.000,98.000,0.000,0.000,98.000,0.000,0.000,0.000,1674.000,0.000,0.000,0.000,0.000,1772.000,,PRODUCTION,1.160
2024,20876WBTCR21200,110012707838,WABTEC RAILWAY ELECTRONICS,21200 DORSEY MILL RD,GERMANTOWN,MONTGOMERY,MD,20876,,,39.203309,-77.266588,,WABTEC CORP,612926675,WABTEC CORP,NA,,NA,NO,336,Transportation Equipment,,,,,,,336999,,,,,,1324222715827,Lead  And Lead Compounds,YES,N420,N420,650002,YES,PBT,YES,Metal complound categories,NO,YES,NO,R,Pounds,0.000,74.000,0.000,0.000,0.000,0.000,0.000,0.000,0.000,0.000,0.000,0.000,0.000,0.000,74.000,0.000,0.000,0.000,0.000,0.000,0.000,0.000,0.000,0.000,0.000,0.000,0.000,0.000,0.000,0.000,0.000,0.000,0.000,0.000,0.000,0.000,0.000,0.000,0.000,0.000,0.000,0.000,0.000,0.000,0.000,0.000,0.000,0.000,0.000,0.000,0.000,0.000,0.000,0.000,0.000,0.000,74.000,0.000,0.000,74.000,0.000,0.000,0.000,0.000,0.000,0.000,0.000,0.000,74.000,,PRODUCTION,1.000
2024,20640SDDND101ST,110000492495,U.S. NAVY  NAVAL SUPPORT FACILITY INDIAN HEAD,101 STRAUSS AVE,INDIAN HEAD,CHARLES,MD,20640,,,38.584955,-77.190950,,US DEPARTMENT OF DEFENSE,NA,US DEPARTMENT OF DEFENSE,NA,,NA,YES,999,Other,,,,,,,928110,,,,,,1324222880712,Lead  And Lead Compounds,YES,N420,N420,650002,YES,PBT,YES,Metal complound categories,NO,YES,NO,R,Pounds,0.000,0.000,0.000,0.000,0.000,0.000,0.000,0.000,0.000,0.000,0.000,0.000,0.000,0.000,0.000,0.000,0.000,0.000,0.000,0.000,0.000,0.000,0.000,0.000,0.000,0.000,0.000,0.000,0.000,0.000,0.000,0.000,0.000,0.000,0.000,358.232,0.000,358.232,0.000,0.000,0.000,0.000,0.000,0.000,0.000,0.000,0.000,0.000,0.000,0.000,0.000,0.000,0.000,0.000,0.000,358.232,358.232,0.000,0.000,0.000,0.000,358.232,0.000,0.000,0.000,0.000,0.000,0.000,358.232,,PRODUCTION,0.910
2024,21502SWRRR11600,110000551055,AES WARRIOR RUN INC,11600 MEXICO FARMS RD SE,CUMBERLAND,ALLEGANY,MD,21502,,,39.598758,-78.744078,,AES CORP,043857812,AES CORP,NA,,NA,NO,2211,Electric Utilities,,,,,,,221112,,,,,,1324222610141,"Hydrochloric acid (acid aerosols including mists, vapors, gas, fog, and other airborne forms of any particle size)",NO,0007647010,7647-01-0,152231,YES,TRI,NO,Non_Metal,NO,NO,NO,R,Pounds,8.000,6132.000,0.000,0.000,0.000,0.000,0.000,0.000,0.000,0.000,0.000,0.000,0.000,0.000,6140.000,0.000,0.000,0.000,0.000,0.000,0.000,0.000,0.000,0.000,0.000,0.000,0.000,0.000,0.000,0.000,0.000,0.000,0.000,0.000,0.000,0.000,0.000,0.000,0.000,0.000,0.000,0.000,0.000,0.000,0.000,0.000,0.000,0.000,0.000,0.000,0.000,0.000,0.000,0.000,0.000,0.000,6140.000,0.000,0.000,6140.000,0.000,0.000,0.000,0.000,0.000,0.000,333661.000,0.000,339801.000,,PRODUCTION,0.500
2024,21157GRFFT732SP,110006632322,GRIFFITH ENERGY SERVICES INC SPRING MILL,732 SPRING MILL RD,WESTMINSTER,CARROLL,MD,21157,,,39.552754,-77.011276,,STAR GAS PARTNERS LP,NA,STAR GROUP LP,NA,,NA,NO,999,Other,,,,,,,457210,,,,,,1324223103868,"1,2,4-Trimethylbenzene",NO,0000095636,95-63-6,16261,NO,TRI,NO,Non_Metal,NO,NO,NO,A,Pounds,0.000,0.000,0.000,0.000,0.000,0.000,0.000,0.000,0.000,0.000,0.000,0.000,0.000,0.000,0.000,0.000,0.000,0.000,0.000,0.000,0.000,0.000,0.000,0.000,0.000,0.000,0.000,0.000,0.000,0.000,0.000,0.000,0.000,0.000,0.000,0.000,0.000,0.000,0.000,0.000,0.000,0.000,0.000,0.000,0.000,0.000,0.000,0.000,0.000,0.000,0.000,0.000,0.000,0.000,0.000,0.000,0.000,0.000,0.000,0.000,0.000,0.000,0.000,0.000,0.000,0.000,0.000,0.000,0.000,0.000,,0.000
2024,21801CCDNTRT11B,110000340603,SPARTECH LLC,601 MARVEL ROAD,SALISBURY,WICOMICO,MD,21801,,,38.398915,-75.579490,,SPARTECH LLC,078804673,THE JORDAN CO,NA,,NA,NO,326,Plastics and Rubber,,,,,,,326113,323111,,,,,1324222499826,Zinc compounds,NO,N982,N982,649699,NO,TRI,YES,Metal complound categories,NO,NO,NO,R,Pounds,0.000,14.000,0.000,0.000,0.000,0.000,0.000,0.000,0.000,0.000,0.000,0.000,0.000,0.000,14.000,17.000,0.000,17.000,0.000,0.000,0.000,0.000,0.000,0.000,0.000,0.000,0.000,0.000,0.000,0.000,4.000,0.000,0.000,0.000,0.000,0.000,0.000,21.000,0.000,0.000,0.000,0.000,3900.000,3900.000,0.000,0.000,0.000,0.000,0.000,0.000,0.000,0.000,0.000,0.000,0.000,3921.000,35.000,0.000,0.000,14.000,15.220,5.780,0.000,0.000,0.000,3900.000,0.000,0.000,3935.000,,PRODUCTION,0.720
2024,2162WDXNVL365HA,110071498448,DIXON VALVE & COUPLING CO,365 HAACKE DR.,CHESTERTOWN,KENT,MD,21620,,,39.229002,-76.069845,,NA,,NA,NA,,NA,NO,332,Fabricated Metals,,,,,,,332912,332911,332919,,,,1324222771293,Zinc compounds,NO,N982,N982,649699,NO,TRI,YES,Metal complound categories,NO,NO,NO,R,Pounds,0.000,0.000,0.000,0.000,0.000,0.000,0.000,0.000,0.000,0.000,0.000,0.000,0.000,0.000,0.000,0.000,0.000,0.000,0.000,0.000,0.000,0.000,0.000,0.000,0.000,0.000,0.000,0.000,0.000,0.000,0.000,0.000,0.000,0.000,0.000,0.000,0.000,0.000,0.000,302.558,0.000,0.000,0.000,302.558,0.000,0.000,0.000,0.000,0.000,0.000,0.000,0.000,0.000,0.000,0.000,302.558,0.000,0.000,0.000,0.000,0.000,0.000,0.000,0.000,0.000,302.558,0.000,0.000,302.558,,PRODUCTION,1.000
2024,2076WJNTBS3466N,110070057475,US DOD USAF JOINT BASE ANDREWS,3466 NORTH CAROLINA AVE - C/O 316 CES,ANDREWS AIR FORCE BASE,PRINCE GEORGE'S,MD,20762,,,38.814950,-76.856052,,US DEPARTMENT OF DEFENSE,NA,US DEPARTMENT OF DEFENSE,NA,,NA,YES,999,Other,,,,,,,928110,,,,,,1324222882348,Ethylbenzene,NO,0000100414,100-41-4,19406,YES,TRI,NO,Non_Metal,YES,NO,NO,R,Pounds,17.000,1.000,0.000,0.000,0.000,0.000,0.000,0.000,0.000,0.000,0.000,0.000,0.000,0.000,18.000,0.000,0.000,0.000,0.000,0.000,0.000,0.000,0.000,0.000,0.000,0.000,0.000,0.000,0.000,0.000,87.000,0.000,0.000,0.000,0.000,0.000,0.000,87.000,0.000,0.000,0.000,0.000,0.000,0.000,0.000,0.000,0.000,0.000,0.000,0.000,0.000,0.000,0.000,0.000,0.000,87.000,105.000,0.000,0.000,18.000,87.000,0.000,0.000,0.000,0.000,0.000,0.000,0.000,105.000,,ACTIVITY,1.060
2024,21835STRNSRFD1X,110000340685,DARLING INGREDIENTS INC.- LINKWOOD FACILITY,5420 LINKWOOD RD,LINKWOOD,DORCHESTER,MD,21835,,,38.561234,-75.934064,,DARLING INGREDIENTS INC,005092358,DARLING INGREDIENTS INC,NA,,NA,NO,311,Food,,,,,,,311613,,,,,,1324222409486,Methanol,NO,0000067561,67-56-1,4283,YES,TRI,NO,Non_Metal,NO,NO,NO,R,Pounds,0.000,0.000,0.000,0.000,0.000,0.000,0.000,0.000,0.000,0.000,0.000,0.000,0.000,1470209.000,1470209.000,0.000,0.000,0.000,0.000,0.000,0.000,0.000,0.000,0.000,0.000,0.000,0.000,0.000,0.000,0.000,0.000,0.000,0.000,0.000,0.000,0.000,0.000,0.000,0.000,0.000,0.000,0.000,0.000,0.000,0.000,0.000,0.000,0.000,0.000,0.000,0.000,0.000,0.000,0.000,0.000,0.000,1470209.000,0.000,0.000,1470209.000,0.000,0.000,0.000,0.000,0.000,0.000,0.000,0.000,1470209.000,,ACTIVITY,1.000
2024,21620HLSMRMDRTE,110000340275,EASTMAN SPECIALTIES CORP,10380 WORTON RD,CHESTERTOWN,KENT,MD,21620,,,39.263161,-76.086775,,EASTMAN CHEMICAL CO,808898381,EASTMAN CHEMICAL CO,NA,,NA,NO,325,Chemicals,,,,,,,325199,,,,,,1324222982528,Toluene,NO,0000108883,108-88-3,25452,YES,TRI,NO,Non_Metal,NO,NO,NO,R,Pounds,127.000,924.000,0.000,0.000,0.000,0.000,0.000,0.000,0.000,0.000,0.000,0.000,0.000,0.000,1051.000,0.000,0.000,0.000,0.000,0.000,0.000,0.000,0.000,0.000,0.000,0.000,0.000,0.000,0.000,0.000,0.000,0.000,0.000,0.000,0.000,0.000,0.000,0.000,0.000,0.000,0.000,0.000,0.000,0.000,0.000,269.000,269.000,0.000,0.000,0.000,1620.000,0.000,0.000,1620.000,0.000,1889.000,1051.000,0.000,0.000,1051.000,0.000,0.000,0.000,269.000,18823.000,0.000,4994.000,1620.000,26757.000,,PRODUCTION,1.200
2024,21740NDPNDSECUR,110000340408,HOLCIM(US) INC.,1260 SECURITY RD,HAGERSTOWN,WASHINGTON,MD,21742,,,39.650032,-77.689572,,HOLCIM PARTICIPATIONS (US) INC,081260273,HOLCIM PARTICIPATIONS (US) INC,HOLCIM LTD,NA,HOLCIM LTD,NO,327,Nonmetallic Mineral Product,,,,,,,327310,,,,,,1324223044797,Chromium,NO,0007440473,7440-47-3,150060,YES,TRI,YES,Elemental metals,NO,NO,NO,R,Pounds,1.690,1.000,0.000,0.000,0.000,0.000,0.000,0.000,0.000,0.000,0.000,0.000,0.000,0.000,2.690,0.000,0.000,0.000,0.000,0.000,0.000,0.000,0.000,0.000,0.000,0.000,0.000,0.000,0.000,0.000,0.000,0.000,0.000,0.000,0.000,0.000,0.000,0.000,0.000,0.000,0.000,0.000,0.000,0.000,0.000,0.000,0.000,0.000,0.000,0.000,0.000,0.000,0.000,0.000,0.000,0.000,2.690,0.000,0.000,2.690,0.000,0.000,0.000,0.000,0.000,0.000,0.000,0.000,2.690,,PRODUCTION,0.760
2024,21613CLDWT904WO,110000554454,PROTENERGY NATURAL FOODS INC.,904 WOODS RD,CAMBRIDGE,DORCHESTER,MD,21613,,,38.551056,-76.063047,,TREEHOUSE FOODS INC,046333789,TREEHOUSE FOODS INC,NA,,NA,NO,311,Food,,,,,,,311999,,,,,,1324223044506,Nitrate compounds (water dissociable; reportable only when in aqueous solution),NO,N511,N511,649616,NO,TRI,NO,May contain metal,NO,NO,NO,R,Pounds,0.000,0.000,0.000,0.000,0.000,0.000,0.000,0.000,0.000,0.000,0.000,0.000,0.000,0.000,0.000,0.000,194304.100,194304.100,0.000,0.000,0.000,0.000,0.000,0.000,0.000,0.000,0.000,0.000,0.000,0.000,0.000,0.000,0.000,0.000,0.000,0.000,0.000,0.000,0.000,0.000,0.000,0.000,0.000,0.000,0.000,0.000,0.000,0.000,0.000,0.000,0.000,0.000,0.000,194304.100,0.000,194304.100,0.000,0.000,0.000,0.000,0.000,0.000,0.000,0.000,0.000,0.000,0.000,194304.100,194304.100,,PRODUCTION,0.810
2024,21222TNMCC2300E,110000339820,TNEMEC CO INC,2300 EDGEWATER AVE,BALTIMORE,BALTIMORE (CITY),MD,21222,,,39.261900,-76.535417,,TNEMEC CO INC,077410538,TNEMEC CO INC,NA,,NA,NO,325,Chemicals,,,,,,,325510,,,,,,1324222732238,Methyl isobutyl ketone,NO,0000108101,108-10-1,24851,YES,TRI,NO,Non_Metal,YES,NO,NO,R,Pounds,86.000,1033.000,0.000,0.000,0.000,0.000,0.000,0.000,0.000,0.000,0.000,0.000,0.000,0.000,1119.000,0.000,0.000,0.000,0.000,0.000,0.000,0.000,0.000,0.000,0.000,0.000,0.000,0.000,0.000,0.000,0.000,0.000,0.000,0.000,0.000,0.000,0.000,0.000,0.000,0.000,6790.000,0.000,0.000,6790.000,0.000,0.000,0.000,0.000,0.000,0.000,0.000,0.000,0.000,0.000,0.000,6790.000,1119.000,0.000,0.000,1119.000,0.000,0.000,0.000,0.000,21687.000,6790.000,0.000,0.000,29596.000,,PRODUCTION,1.180
2024,21620HLSMRMDRTE,110000340275,EASTMAN SPECIALTIES CORP,10380 WORTON RD,CHESTERTOWN,KENT,MD,21620,,,39.263161,-76.086775,,EASTMAN CHEMICAL CO,808898381,EASTMAN CHEMICAL CO,NA,,NA,NO,325,Chemicals,,,,,,,325199,,,,,,1324222982516,Formic acid,NO,0000064186,64-18-6,3830,NO,TRI,NO,Non_Metal,NO,NO,NO,A,Pounds,0.000,0.000,0.000,0.000,0.000,0.000,0.000,0.000,0.000,0.000,0.000,0.000,0.000,0.000,0.000,0.000,0.000,0.000,0.000,0.000,0.000,0.000,0.000,0.000,0.000,0.000,0.000,0.000,0.000,0.000,0.000,0.000,0.000,0.000,0.000,0.000,0.000,0.000,0.000,0.000,0.000,0.000,0.000,0.000,0.000,0.000,0.000,0.000,0.000,0.000,0.000,0.000,0.000,0.000,0.000,0.000,0.000,0.000,0.000,0.000,0.000,0.000,0.000,0.000,0.000,0.000,0.000,0.000,0.000,0.000,,0.000
2024,21801PRDNCZIONC,110009684010,PERDUE AGRIBUSINESS LLC - SALISBURY MD,6906 ZION CHURCH RD,SALISBURY,WICOMICO,MD,21804,,,38.381856,-75.526028,,PERDUE FARMS INC,022666820,PERDUE FARMS INC,NA,,NA,NO,311,Food,,,,,,,311224,311225,311119,,,,1324222868150,Copper compounds,NO,N100,N100,649491,NO,TRI,YES,Metal complound categories,NO,NO,NO,A,Pounds,0.000,0.000,0.000,0.000,0.000,0.000,0.000,0.000,0.000,0.000,0.000,0.000,0.000,0.000,0.000,0.000,0.000,0.000,0.000,0.000,0.000,0.000,0.000,0.000,0.000,0.000,0.000,0.000,0.000,0.000,0.000,0.000,0.000,0.000,0.000,0.000,0.000,0.000,0.000,0.000,0.000,0.000,0.000,0.000,0.000,0.000,0.000,0.000,0.000,0.000,0.000,0.000,0.000,0.000,0.000,0.000,0.000,0.000,0.000,0.000,0.000,0.000,0.000,0.000,0.000,0.000,0.000,0.000,0.000,0.000,,0.000
2024,20774NWDWN16001,110002096794,NEW DAWN MANUFACTURING CO,16001 TRADE ZONE AVE,UPPER MARLBORO,PRINCE GEORGE'S,MD,20774,,,38.880523,-76.724302,,BRADYPLUS,119244803,BRADYPLUS,NA,,NA,NO,325,Chemicals,,,,,,,325611,325612,,,,,1324222582850,Certain glycol ethers,NO,N230,N230,649541,YES,TRI,NO,May contain metal,NO,NO,NO,R,Pounds,0.000,5.633,0.000,0.000,0.000,0.000,0.000,0.000,0.000,0.000,0.000,0.000,0.000,0.000,5.633,0.000,0.000,0.000,0.000,0.000,0.000,0.000,0.000,0.000,0.000,0.000,0.000,0.000,0.000,0.000,0.000,0.000,0.000,0.000,0.000,0.000,0.000,0.000,0.000,0.000,0.000,0.000,0.000,0.000,0.000,0.000,0.000,0.000,0.000,0.000,0.000,0.000,0.000,0.000,0.000,0.000,5.633,0.000,0.000,5.633,0.000,0.000,0.000,0.000,0.000,0.000,0.000,0.000,5.633,,ACTIVITY,1.020
2024,21078MRCNC1300R,110012464001,CYTEC ENGINEERED INC,1300 REVOLUTION ST,HAVRE DE GRACE,HARFORD,MD,21078,,,39.536988,-76.112063,,SYENSQO HOLDING INC,874748937,SYENSQO HOLDING INC,SYENSQO SA,372787070,SYENSQO SA,NO,325,Chemicals,,,,,,,325520,,,,,,1324222915732,Aluminum (fume or dust),NO,0007429905,7429-90-5,149476,NO,TRI,NO,Metals with qualifiers,NO,NO,NO,R,Pounds,0.000,0.000,0.000,0.000,0.000,0.000,0.000,0.000,0.000,0.000,0.000,0.000,0.000,0.000,0.000,0.000,0.000,0.000,0.000,0.000,0.000,0.000,0.000,0.000,0.000,0.000,0.000,0.000,0.000,0.000,0.000,0.000,0.000,0.000,0.000,0.000,0.000,0.000,0.000,0.000,7693.000,0.000,0.000,7693.000,0.000,0.000,0.000,0.000,3456.000,0.000,0.000,0.000,0.000,3456.000,0.000,11149.000,0.000,0.000,0.000,0.000,0.000,0.000,0.000,0.000,0.000,7693.000,0.000,3456.000,11149.000,,PRODUCTION,0.950
2024,21801PRDNCROUTE,110000563462,PERDUE FOODS LLC - SALISBURY PROCESSING PLANT,521 WILLOW ST,SALISBURY,WICOMICO,MD,21801,,,38.365916,-75.605289,,PERDUE FARMS INC,022666820,PERDUE FARMS INC,NA,,NA,NO,311,Food,,,,,,,311615,,,,,,1324222582165,Peracetic acid,NO,0000079210,79-21-0,7682,NO,TRI,NO,Non_Metal,NO,NO,NO,R,Pounds,250.000,750.000,0.000,0.000,0.000,0.000,0.000,0.000,0.000,0.000,0.000,0.000,0.000,0.000,1000.000,5.097,58.610,63.707,0.000,0.000,0.000,0.000,0.000,0.000,0.000,0.000,0.000,0.000,0.000,0.000,0.000,0.000,0.000,0.000,0.000,0.000,0.000,5.097,0.000,0.000,0.000,0.000,0.000,0.000,0.000,0.000,0.000,0.000,0.000,0.000,0.000,0.000,0.000,58.610,0.000,63.707,1005.097,0.000,0.000,637.000,0.000,5.097,0.000,0.000,0.000,0.000,127414.000,58.610,128114.707,,PRODUCTION,1.040
2024,21795PSNCH16414,110000340523,ENGINEERED POLYMER SOLUTIONS INC.,16414 INDUSTRIAL LN,WILLIAMSPORT,WASHINGTON,MD,21795,,,39.597371,-77.800568,,THE SHERWIN-WILLIAMS CO,004206397,THE SHERWIN-WILLIAMS CO,NA,,NA,NO,325,Chemicals,,,,,,,325510,,,,,,1324223087343,Xylene (mixed isomers),NO,0001330207,1330-20-7,84970,YES,TRI,NO,Non_Metal,NO,NO,NO,R,Pounds,28.000,1431.000,0.000,0.000,0.000,0.000,0.000,0.000,0.000,0.000,0.000,0.000,0.000,0.000,1459.000,0.000,0.000,0.000,0.000,0.000,0.000,0.000,0.000,0.000,0.000,0.000,0.000,0.000,0.000,0.000,0.000,0.000,0.000,0.000,0.000,0.000,0.000,0.000,0.000,0.000,0.000,0.000,0.000,0.000,44669.000,0.000,44669.000,0.000,450.000,0.000,0.000,266.000,0.000,716.000,0.000,45385.000,1459.000,0.000,0.000,1459.000,0.000,0.000,0.000,44669.000,0.000,0.000,0.000,716.000,46844.000,,PRODUCTION,1.280
2024,21162MRCNS10300,110001276976,OLDCASTLE APG MID-ATLANTIC WHITE MARSH MD,10300 PULASKI HWY,WHITE MARSH,BALTIMORE,MD,21162,,,39.370774,-76.435173,,CRH AMERICAS INC,037176591,CRH AMERICAS INC,NA,,CRH PUBLIC LTD CO,NO,327,Nonmetallic Mineral Product,,,,,,,327999,,,,,,1324222685594,Lead  And Lead Compounds,YES,N420,N420,650002,YES,PBT,YES,Metal complound categories,NO,YES,NO,R,Pounds,0.001,0.064,0.000,0.000,0.000,0.000,0.000,0.000,0.000,0.000,0.000,0.000,0.000,0.000,0.065,0.000,0.000,0.000,0.000,0.000,0.000,0.000,0.000,0.000,0.000,0.000,0.000,0.000,0.000,0.000,0.000,0.000,0.000,0.000,0.000,0.000,0.000,0.000,0.000,0.000,0.000,0.000,0.000,0.000,0.000,0.000,0.000,0.000,0.000,0.000,0.000,0.000,0.000,0.000,0.000,0.000,0.065,0.000,0.000,0.065,0.000,0.000,0.000,0.000,0.000,0.000,0.000,0.000,0.065,,PRODUCTION,1.110
2024,20892NTNLN9000R,110000869720,U.S. PUBLIC HEALTH SERVICE NATIONAL INSTITUTES OF HEALTH,9000 ROCKVILLE PIKE,BETHESDA,MONTGOMERY,MD,20892,,,39.003730,-77.097478,,US DEPARTMENT OF HEALTH & HUMAN SERVICES,NA,US DEPARTMENT OF HEALTH & HUMAN SERVICES,NA,,NA,YES,999,Other,,,,,,,541711,,,,,,1324222545446,Lead,NO,0007439921,7439-92-1,149583,NO,PBT,YES,Elemental metals,YES,YES,NO,R,Pounds,0.000,0.000,0.000,0.000,0.000,0.000,0.000,0.000,0.000,0.000,0.000,0.000,0.000,0.000,0.000,0.000,0.000,0.000,0.000,1643.400,0.000,0.000,0.000,0.000,0.000,0.000,0.000,0.000,0.000,0.000,0.000,0.000,0.000,0.000,0.000,0.000,0.000,1643.400,0.000,0.000,0.000,0.000,0.000,0.000,0.000,0.000,0.000,0.000,0.000,0.000,0.000,0.000,0.000,0.000,0.000,1643.400,1643.400,0.000,0.000,0.000,0.000,1643.400,0.000,0.000,0.000,0.000,0.000,0.000,1643.400,,,
2024,21030MRYLN1BEAV,110023128738,MARYLAND PAVING INC,10000 BEAVERDAM RD,COCKEYSVILLE,BALTIMORE,MD,21030,,,39.463754,-76.643960,,NA,,GRAY & SON INC,NA,,NA,NO,324,Petroleum,,,,,,,324121,,,,,,1324222999815,Polycyclic aromatic compounds,NO,N590,N590,649749,YES,PBT,NO,Non_Metal,YES,YES,NO,R,Pounds,0.000,0.068,0.000,0.000,0.000,0.000,0.000,0.000,0.000,0.000,0.000,0.000,0.000,0.000,0.068,0.000,0.000,0.000,0.000,0.000,0.000,0.000,0.000,0.000,0.000,0.000,0.000,0.000,0.000,0.000,0.000,0.000,0.000,0.000,0.000,0.000,0.000,0.000,0.000,0.000,0.000,0.000,0.000,0.000,0.000,0.000,0.000,0.000,0.000,0.000,0.000,0.000,0.000,0.000,0.000,0.000,0.068,0.000,0.000,0.068,0.000,0.000,0.000,0.000,0.000,0.000,0.000,0.000,0.068,,PRODUCTION,0.770
2024,2185WLDCST3452L,110019905361,OLDCASTLE LAWN & GARDEN,34052 OLD OCEAN CITY ROAD,PITTSVILLE,WICOMICO,MD,21850,,,38.391770,-75.431029,,CRH AMERICAS INC,037176591,CRH AMERICAS INC,NA,,CRH PUBLIC LTD CO,NO,321,Wood Products,,,,,,,321999,,,,,,1324222989410,Lead  And Lead Compounds,YES,N420,N420,650002,YES,PBT,YES,Metal complound categories,NO,YES,NO,R,Pounds,0.000,0.000,0.000,0.000,0.000,0.000,0.000,0.000,0.000,0.000,0.000,0.000,0.000,0.000,0.000,0.000,0.000,0.000,0.000,0.000,0.000,0.000,0.000,0.000,0.000,0.000,0.000,0.000,0.000,0.000,0.000,0.000,0.000,0.000,0.000,0.000,0.000,0.000,0.000,0.000,0.000,0.000,0.000,0.000,0.000,0.000,0.000,0.000,0.000,0.000,0.000,0.000,0.000,0.000,0.000,0.000,0.000,0.000,0.000,0.000,0.000,0.000,0.000,0.000,0.000,0.000,0.000,0.000,0.000,,PRODUCTION,2.480
2024,2122WRGSSL813NR,110070943524,AIRGAS USA LLC,8130 NORRIS LN,DUNDALK,BALTIMORE,MD,21222,,,39.283749,-76.486358,,AIRGAS INC,078301808,AIRGAS INC,NA,,AIR LIQUIDE SA,NO,4246,Chemical Wholesalers,,,,,,,424690,,,,,,1324222550042,Propylene,NO,0000115071,115-07-1,29009,NO,TRI,NO,Non_Metal,NO,NO,NO,R,Pounds,2869.000,274.000,0.000,0.000,0.000,0.000,0.000,0.000,0.000,0.000,0.000,0.000,0.000,0.000,3143.000,0.000,0.000,0.000,0.000,0.000,0.000,0.000,0.000,0.000,0.000,0.000,0.000,0.000,0.000,0.000,0.000,0.000,0.000,0.000,0.000,0.000,0.000,0.000,0.000,0.000,0.000,0.000,0.000,0.000,0.000,0.000,0.000,0.000,0.000,0.000,0.000,0.000,0.000,0.000,0.000,0.000,3143.000,0.000,0.000,3143.000,0.000,0.000,0.000,0.000,0.000,0.000,0.000,0.000,3143.000,,PRODUCTION,3.510
2024,2123WCLNHR191RU,110029273417,CLEAN HARBORS OF BALTIMORE INC.,1910 RUSSELL STREET,BALTIMORE,BALTIMORE (CITY),MD,21230,,,39.270654,-76.632639,,CLEAN HARBORS INC,039322250,CLEAN HARBORS INC,NA,,NA,NO,562,Hazardous Waste,,,,,,,562211,,,,,,1324223156821,Heptachlor,NO,0000076448,76-44-8,6262,YES,PBT,NO,Non_Metal,YES,YES,NO,R,Pounds,0.000,0.000,0.000,0.000,0.000,0.000,0.000,0.000,0.000,0.000,0.000,0.000,0.000,0.000,0.000,0.000,0.000,0.000,0.000,0.000,0.000,0.000,0.000,0.000,0.000,0.000,0.000,0.000,0.000,0.000,0.000,0.000,0.000,0.000,0.000,0.000,0.000,0.000,0.000,0.000,0.000,0.000,0.000,0.000,0.000,0.000,0.000,0.000,0.029,0.000,0.000,0.000,0.000,0.029,0.000,0.029,0.000,0.000,0.000,0.000,0.000,0.000,0.000,0.000,0.000,0.000,14290.850,0.029,14290.879,,PRODUCTION,3.550
2024,21157GRFFT732SP,110006632322,GRIFFITH ENERGY SERVICES INC SPRING MILL,732 SPRING MILL RD,WESTMINSTER,CARROLL,MD,21157,,,39.552754,-77.011276,,STAR GAS PARTNERS LP,NA,STAR GROUP LP,NA,,NA,NO,999,Other,,,,,,,457210,,,,,,1324223103870,Naphthalene,NO,0000091203,91-20-3,13326,YES,TRI,NO,Non_Metal,YES,NO,NO,A,Pounds,0.000,0.000,0.000,0.000,0.000,0.000,0.000,0.000,0.000,0.000,0.000,0.000,0.000,0.000,0.000,0.000,0.000,0.000,0.000,0.000,0.000,0.000,0.000,0.000,0.000,0.000,0.000,0.000,0.000,0.000,0.000,0.000,0.000,0.000,0.000,0.000,0.000,0.000,0.000,0.000,0.000,0.000,0.000,0.000,0.000,0.000,0.000,0.000,0.000,0.000,0.000,0.000,0.000,0.000,0.000,0.000,0.000,0.000,0.000,0.000,0.000,0.000,0.000,0.000,0.000,0.000,0.000,0.000,0.000,0.000,,0.000
2024,2067WSMBRS21BUG,110071071824,SMO BARSTOW PLANT,201 BUGEYE SQ,PRINCE FREDERICK,CALVERT,MD,20678,,,38.512073,-76.644255,,STAR GROUP LP,NA,STAR GROUP LP,NA,,NA,NO,999,Other,,,,,,,457210,,,,,,1324223094881,Toluene,NO,0000108883,108-88-3,25452,YES,TRI,NO,Non_Metal,NO,NO,NO,A,Pounds,0.000,0.000,0.000,0.000,0.000,0.000,0.000,0.000,0.000,0.000,0.000,0.000,0.000,0.000,0.000,0.000,0.000,0.000,0.000,0.000,0.000,0.000,0.000,0.000,0.000,0.000,0.000,0.000,0.000,0.000,0.000,0.000,0.000,0.000,0.000,0.000,0.000,0.000,0.000,0.000,0.000,0.000,0.000,0.000,0.000,0.000,0.000,0.000,0.000,0.000,0.000,0.000,0.000,0.000,0.000,0.000,0.000,0.000,0.000,0.000,0.000,0.000,0.000,0.000,0.000,0.000,0.000,0.000,0.000,0.000,,0.000
2024,2085WSCHST15121,110070244711,SCHUSTER CONCRETE READY MIX LLC-SOUTHLAWN LN,15121 SOUTHLAWN LN,ROCKVILLE,MONTGOMERY,MD,20850,,,39.104769,-77.132699,,SCHUSTER CONCRETE READY MIX LLC,NA,SCHUSTER CONCRETE READY MIX LLC,NA,,NA,NO,327,Nonmetallic Mineral Product,,,,,,,327320,,,,,,1324222430908,Lead,NO,0007439921,7439-92-1,149583,NO,PBT,YES,Elemental metals,YES,YES,NO,R,Pounds,0.000,0.036,0.000,0.000,0.000,0.000,0.000,0.000,0.000,0.000,0.000,0.000,0.000,0.000,0.036,0.000,0.000,0.000,0.000,0.000,0.000,0.000,0.000,0.000,0.000,0.000,0.000,0.000,0.000,0.000,0.000,0.000,0.000,0.000,0.000,0.000,0.000,0.000,0.000,0.000,0.000,0.000,0.000,0.000,0.000,0.000,0.000,0.000,0.000,0.000,0.000,0.000,0.000,0.000,0.000,0.000,0.036,0.000,0.000,0.036,0.000,0.000,0.000,0.000,0.000,0.000,0.000,0.000,0.036,,PRODUCTION,1.150
2024,21921CLNLM505BL,110000340710,COLONIAL METALS INC,505 BLUE BALL RD,ELKTON,CECIL,MD,21921,,,39.618343,-75.850151,,AMES GOLDSMITH,096930466,AMES GOLDSMITH CORP,NA,,NA,NO,325,Chemicals,,,,,,,325180,,,,,,1324222534923,Nickel compounds,NO,N495,N495,650036,YES,TRI,YES,Metal complound categories,YES,NO,NO,R,Pounds,0.000,0.000,0.000,0.000,0.000,0.000,0.000,0.000,0.000,0.000,0.000,0.000,0.000,0.000,0.000,0.000,0.000,0.000,0.000,0.000,0.000,0.000,0.000,0.000,0.000,0.000,0.000,0.000,0.000,0.000,0.000,0.000,0.000,0.000,0.000,0.000,0.000,0.000,0.000,0.000,0.000,0.000,0.000,0.000,0.000,0.000,0.000,0.000,0.000,0.000,0.000,0.000,0.000,0.000,0.000,0.000,0.000,0.000,0.000,0.000,0.000,0.000,0.000,0.000,0.000,0.000,0.000,0.000,0.000,,PRODUCTION,1.000
2024,21701GRFFT200ES,110000340337,GRIFFITH ENERGY SERVICES INC FREDERICK BULK PLANT,200 E S ST,FREDERICK,FREDERICK,MD,21701,,,39.431278,-77.391821,,STAR GAS PARTNERS LP,NA,STAR GROUP LP,NA,,NA,NO,999,Other,,,,,,,457210,,,,,,1324223119468,Xylene (mixed isomers),NO,0001330207,1330-20-7,84970,YES,TRI,NO,Non_Metal,NO,NO,NO,A,Pounds,0.000,0.000,0.000,0.000,0.000,0.000,0.000,0.000,0.000,0.000,0.000,0.000,0.000,0.000,0.000,0.000,0.000,0.000,0.000,0.000,0.000,0.000,0.000,0.000,0.000,0.000,0.000,0.000,0.000,0.000,0.000,0.000,0.000,0.000,0.000,0.000,0.000,0.000,0.000,0.000,0.000,0.000,0.000,0.000,0.000,0.000,0.000,0.000,0.000,0.000,0.000,0.000,0.000,0.000,0.000,0.000,0.000,0.000,0.000,0.000,0.000,0.000,0.000,0.000,0.000,0.000,0.000,0.000,0.000,0.000,,0.000
2024,21230SHRWN2325H,110000340131,SHERWIN-WILLIAMS CO,2325 HOLLINS FERRY RD,BALTIMORE,BALTIMORE (CITY),MD,21230,,,39.263753,-76.642670,,THE SHERWIN-WILLIAMS CO,004206397,THE SHERWIN-WILLIAMS CO,NA,,NA,NO,325,Chemicals,,,,,,,325510,,,,,,1324223129077,Lead,NO,0007439921,7439-92-1,149583,NO,PBT,YES,Elemental metals,YES,YES,NO,R,Pounds,0.000,0.000,0.000,0.000,0.000,0.000,0.000,0.000,0.000,0.000,0.000,0.000,0.000,0.000,0.000,0.300,0.000,0.300,0.000,0.000,0.000,0.000,0.000,0.000,0.000,0.000,0.000,0.000,0.000,0.000,3.200,0.000,0.000,0.000,0.000,0.000,0.400,3.900,0.000,0.000,0.000,0.000,0.000,0.000,0.000,0.000,0.000,0.000,0.000,0.000,0.000,0.000,0.000,0.000,0.000,3.900,3.900,0.000,0.000,0.000,3.389,0.511,0.000,0.000,0.000,0.000,0.000,0.000,3.900,,PRODUCTION,0.960
2024,21222TNMCC2300E,110000339820,TNEMEC CO INC,2300 EDGEWATER AVE,BALTIMORE,BALTIMORE (CITY),MD,21222,,,39.261900,-76.535417,,TNEMEC CO INC,077410538,TNEMEC CO INC,NA,,NA,NO,325,Chemicals,,,,,,,325510,,,,,,1324222732253,Diisocyanates,NO,N120,N120,649715,NO,TRI,NO,Non_Metal,NO,NO,NO,R,Pounds,0.000,744.000,0.000,0.000,0.000,0.000,0.000,0.000,0.000,0.000,0.000,0.000,0.000,0.000,744.000,0.000,0.000,0.000,0.000,0.000,0.000,0.000,0.000,0.000,0.000,0.000,0.000,0.000,0.000,0.000,0.000,0.000,0.000,0.000,0.000,0.000,0.000,0.000,0.000,0.000,0.000,0.000,0.000,0.000,0.000,0.000,0.000,0.000,0.000,2038.000,0.000,0.000,0.000,2038.000,0.000,2038.000,744.000,0.000,0.000,744.000,0.000,0.000,0.000,0.000,0.000,0.000,0.000,2038.000,2782.000,,PRODUCTION,1.180
2024,21226WRGRC5500C,110000867214,GRACE DAVISON-CURTIS BAY WORKS,5500 CHEMICAL RD,BALTIMORE,BALTIMORE (CITY),MD,21226,,,39.212538,-76.567648,,W R GRACE & CO,001367846,W R GRACE & CO,NA,,NA,NO,325,Chemicals,,,,,,,325180,,,,,,1324223192093,Molybdenum trioxide,NO,0001313275,1313-27-5,82800,NO,TRI,NO,Individually-listed compounds that contain metal,YES,NO,NO,R,Pounds,0.000,0.000,678.000,0.000,0.000,0.000,0.000,0.000,904.000,0.000,0.000,0.000,0.000,0.000,1582.000,0.000,0.000,0.000,0.000,0.000,0.000,0.000,0.000,0.000,0.000,0.000,0.000,0.000,0.000,0.000,0.000,0.000,0.000,0.000,0.000,0.000,0.000,0.000,0.000,0.000,0.000,0.000,0.000,0.000,0.000,0.000,0.000,0.000,0.000,0.000,0.000,0.000,0.000,0.000,0.000,0.000,1582.000,0.000,904.000,678.000,0.000,0.000,0.000,0.000,77246.000,0.000,0.000,0.000,78828.000,,PRODUCTION,0.940
2024,21219LFRGB2001W,110002477392,HOLCIM (US) - SPARROWS POINT,2001 WHARF ROAD GATE B,SPARROWS POINT,BALTIMORE,MD,21219,,,39.225168,-76.464129,,HOLCIM PARTICIPATIONS (US) INC,081260273,HOLCIM PARTICIPATIONS (US) INC,HOLCIM LTD,NA,HOLCIM LTD,NO,327,Nonmetallic Mineral Product,,,,,,,327992,,,,,,1324222922445,Lead compounds,NO,N420,N420,650002,YES,PBT,YES,Metal complound categories,NO,YES,NO,R,Pounds,0.580,0.240,0.000,0.000,0.000,0.000,0.000,0.000,0.000,0.000,0.000,0.000,0.000,0.000,0.820,0.000,0.000,0.000,0.000,0.000,0.000,0.000,0.000,0.000,0.000,0.000,0.000,0.000,0.000,0.000,0.000,0.000,0.000,0.000,0.000,0.000,0.000,0.000,0.000,0.000,0.000,0.000,0.030,0.030,0.000,0.000,0.000,0.000,0.000,0.000,0.000,0.000,0.000,0.000,0.000,0.030,0.820,0.000,0.000,0.820,0.000,0.000,0.000,0.000,0.000,0.030,0.000,0.000,0.850,,PRODUCTION,0.900
2024,21226CTGPT2201S,110019893329,CITGO PETROLEUM CORP,2201 SOUTHPORT AVE,BALTIMORE,BALTIMORE (CITY),MD,21226,,,39.229478,-76.568788,,PDV HOLDING INC.,119272531,PDV HOLDING INC,PDVSA PETROLEOS S.A.,885354373,PDVSA PETROLEOS SA,NO,4247,Petroleum Bulk Terminals,,,,,,,424710,,,,,,1324222771937,Benzene,NO,0000071432,71-43-2,4754,YES,TRI,NO,Non_Metal,YES,NO,NO,R,Pounds,145.000,295.000,0.000,0.000,0.000,0.000,0.000,0.000,0.000,0.000,0.000,0.000,0.000,0.000,440.000,0.000,0.000,0.000,0.000,0.000,0.000,0.000,0.000,0.000,0.000,0.000,0.000,0.000,0.000,0.000,0.000,0.000,0.000,0.000,0.000,0.000,0.000,0.000,0.000,0.000,0.000,0.000,0.000,0.000,0.000,0.000,0.000,0.000,0.000,0.000,0.000,0.000,0.000,0.000,0.000,0.000,440.000,0.000,0.000,440.000,0.000,0.000,0.000,0.000,0.000,0.000,15770.000,0.000,16210.000,,PRODUCTION,0.900
2024,2101WNBLLS465RI,110071715844,NOBLE OIL SERVICES INC.,4605 RICHLYNN DR,BELCAMP,HARFORD,MD,21017,,,39.476640,-76.233961,,CLEAN HARBORS INC,157793639,CLEAN HARBORS INC,NA,,NA,NO,4247,Petroleum Bulk Terminals,,,,,,,424710,423930,,,,,1324222546780,"Benzo[g,h,i]perylene",NO,0000191242,191-24-2,40576,YES,PBT,NO,Non_Metal,NO,YES,NO,R,Pounds,0.003,0.002,0.000,0.000,0.000,0.000,0.000,0.000,0.000,0.000,0.000,0.000,0.000,0.000,0.005,0.000,0.000,0.000,0.000,0.000,0.000,0.000,0.000,0.000,0.000,0.000,0.000,0.000,0.000,0.000,0.007,0.000,0.000,0.000,0.000,0.000,0.000,0.007,0.000,0.000,1378.549,0.000,6.090,1384.639,0.000,0.000,0.000,0.000,0.000,0.000,0.063,0.000,0.000,0.063,0.000,1384.709,0.012,0.000,0.000,0.005,0.007,0.000,0.000,0.000,0.000,1384.639,0.000,0.063,1384.715,,PRODUCTION,4.340
2024,2103WSFTMR17BEA,110001276244,SAFT AMERICA INC.,107 BEAVER CT,COCKEYSVILLE,BALTIMORE,MD,21030,,,39.477644,-76.649903,,NA,,SAFT AMERICA INC,SAFT GROUP,278111732,TOTAL ENERGIES SE,NO,335,Electrical Equipment,,,,,,,335910,,,,,,1324222959254,N-Methyl-2-pyrrolidone,NO,0000872504,872-50-4,72744,NO,TRI,NO,Non_Metal,NO,NO,NO,R,Pounds,5.000,250.000,0.000,0.000,0.000,0.000,0.000,0.000,0.000,0.000,0.000,0.000,0.000,0.000,255.000,0.000,0.000,0.000,0.000,0.000,0.000,0.000,0.000,0.000,0.000,0.000,0.000,0.000,0.000,0.000,0.000,0.000,0.000,0.000,0.000,0.000,0.000,0.000,27076.000,0.000,0.000,0.000,0.000,27076.000,0.000,0.000,0.000,0.000,0.000,0.000,0.000,0.000,0.000,0.000,0.000,27076.000,255.000,0.000,0.000,39.000,0.000,0.000,0.000,0.000,0.000,27076.000,0.000,0.000,27115.000,,PRODUCTION,1.000
2024,21741RSTLMINTER,110000555907,RUST-OLEUM CORP IN MD,16410 INDUSTRIAL LN,WILLIAMSPORT,WASHINGTON,MD,21795,,,39.597398,-77.800943,,RPM INTERNATIONAL INC,005054420,RPM INTERNATIONAL INC,NA,,NA,NO,325,Chemicals,,,,,,,325510,,,,,,1324223154790,Manganese,NO,0007439965,7439-96-5,149625,YES,TRI,YES,Elemental metals,NO,NO,NO,R,Pounds,0.000,0.000,0.000,0.000,0.000,0.000,0.000,0.000,0.000,0.000,0.000,0.000,0.000,0.000,0.000,0.000,0.000,0.000,443.000,0.000,0.000,0.000,0.000,0.000,0.000,0.000,0.000,0.000,0.000,0.000,0.000,0.000,0.000,0.000,0.000,0.000,0.000,443.000,0.000,0.000,0.000,0.000,6125.000,6125.000,0.000,0.000,0.000,0.000,0.000,0.000,0.000,0.000,0.000,0.000,0.000,6568.000,443.000,0.000,0.000,0.000,0.000,443.000,0.000,0.000,0.000,6125.000,0.000,0.000,6568.000,,PRODUCTION,1.100
2024,21226CTGPT2201S,110019893329,CITGO PETROLEUM CORP,2201 SOUTHPORT AVE,BALTIMORE,BALTIMORE (CITY),MD,21226,,,39.229478,-76.568788,,PDV HOLDING INC.,119272531,PDV HOLDING INC,PDVSA PETROLEOS S.A.,885354373,PDVSA PETROLEOS SA,NO,4247,Petroleum Bulk Terminals,,,,,,,424710,,,,,,1324222772004,Polycyclic aromatic compounds,NO,N590,N590,649749,YES,PBT,NO,Non_Metal,YES,YES,NO,R,Pounds,0.000,0.000,0.000,0.000,0.000,0.000,0.000,0.000,0.000,0.000,0.000,0.000,0.000,0.000,0.000,0.000,0.000,0.000,0.000,0.000,0.000,0.000,0.000,0.000,0.000,0.000,0.000,0.000,0.000,0.000,0.000,0.000,0.000,0.000,0.000,0.000,0.000,0.000,0.000,0.000,0.000,0.000,0.000,0.000,0.000,0.000,0.000,0.000,0.000,0.000,0.000,0.000,0.000,0.000,0.000,0.000,0.000,0.000,0.000,0.000,0.000,0.000,0.000,0.000,0.000,0.000,0.000,0.000,0.000,,PRODUCTION,0.890
2024,21030CRPRTYORKR,110055098585,TEXTRON SYSTEMS,124 IND US TRY LN,COCKEYSVILLE,BALTIMORE,MD,21030,,,39.466010,-76.641549,,TEXTRON INC,001338979,TEXTRON INC,NA,,NA,NO,336,Transportation Equipment,,,,,,,336411,541511,336413,541330,332994,,1324222972251,Polychlorinated biphenyls,NO,0001336363,1336-36-3,85878,YES,PBT,NO,Non_Metal,YES,YES,NO,R,Pounds,0.000,0.000,0.000,0.000,0.000,0.000,0.000,0.000,0.000,0.000,0.000,0.000,0.000,0.000,0.000,0.000,0.000,0.000,0.000,0.000,0.000,0.000,0.000,0.000,0.000,0.000,0.000,0.000,0.000,0.000,0.000,0.000,0.000,0.000,0.000,110.000,0.000,110.000,0.000,0.000,0.000,0.000,0.000,0.000,0.000,0.000,0.000,0.000,0.000,0.000,0.000,0.000,0.000,0.000,0.000,110.000,110.000,0.000,0.000,0.000,0.000,110.000,0.000,0.000,0.000,0.000,0.000,0.000,110.000,0.000,,
2024,21830LNGLFOLDRA,110056012826,LONG LIFE TREATED WOOD INC,8150 OLD RAILROAD RD,HEBRON,WICOMICO,MD,21830,,,38.422498,-75.697375,,NA,,NA,NA,,NA,NO,321,Wood Products,,,,,,,321114,,,,,,1324222693766,Copper compounds,NO,N100,N100,649491,NO,TRI,YES,Metal complound categories,NO,NO,NO,A,Pounds,0.000,0.000,0.000,0.000,0.000,0.000,0.000,0.000,0.000,0.000,0.000,0.000,0.000,0.000,0.000,0.000,0.000,0.000,0.000,0.000,0.000,0.000,0.000,0.000,0.000,0.000,0.000,0.000,0.000,0.000,0.000,0.000,0.000,0.000,0.000,0.000,0.000,0.000,0.000,0.000,0.000,0.000,0.000,0.000,0.000,0.000,0.000,0.000,0.000,0.000,0.000,0.000,0.000,0.000,0.000,0.000,0.000,0.000,0.000,0.000,0.000,0.000,0.000,0.000,0.000,0.000,0.000,0.000,0.000,0.000,,0.000
2024,21226NTDST5500Q,110002463833,US GYPSUM CO,5500 QUARANTINE RD,BALTIMORE,BALTIMORE (CITY),MD,21226,,,39.214000,-76.553779,,USG CORP,003091964,USG CORP,GEBR KNAUF KG,316645860,GEBR KNAUF KG,NO,327,Nonmetallic Mineral Product,,,,,,,327420,327390,,,,,1324222917647,Lead  And Lead Compounds,YES,N420,N420,650002,YES,PBT,YES,Metal complound categories,NO,YES,NO,R,Pounds,0.000,0.410,0.010,0.000,0.000,0.000,0.000,0.000,0.000,0.000,0.000,0.000,0.000,0.000,0.420,0.000,0.000,0.000,0.000,0.000,0.000,0.000,0.000,0.000,0.000,0.000,0.000,0.000,0.000,0.000,87.370,0.000,0.000,0.000,0.000,0.000,0.000,87.370,0.000,0.000,28.960,0.000,0.000,28.960,0.000,0.000,0.000,0.000,0.000,0.000,0.000,0.000,0.000,0.000,0.000,116.330,87.790,0.000,0.000,0.420,87.370,0.000,0.000,0.000,0.000,28.960,0.000,0.000,116.750,,PRODUCTION,0.880
2024,21224GLDBN2301S,110001251797,GOLD BOND BUILDING PRODUCTS - BALTIMORE,2301 S NEWKIRK ST,BALTIMORE,BALTIMORE (CITY),MD,21224,,,39.265546,-76.555299,,SPANGLER COS INC,055165518,SPANGLER COS INC,NA,,NA,NO,327,Nonmetallic Mineral Product,,,,,,,327420,,,,,,1324222853830,Lead  And Lead Compounds,YES,N420,N420,650002,YES,PBT,YES,Metal complound categories,NO,YES,NO,R,Pounds,0.025,0.900,0.000,0.000,0.000,0.000,0.000,0.000,0.000,0.000,0.000,0.000,0.000,0.000,0.925,0.000,0.000,0.000,0.000,0.000,0.000,0.000,0.000,0.000,0.000,0.000,0.000,0.000,0.000,0.000,64.930,0.000,0.000,0.000,0.000,0.000,0.000,64.930,0.000,0.000,0.000,0.000,0.000,0.000,0.000,0.000,0.000,0.000,0.000,0.000,0.000,0.000,0.000,0.000,0.000,64.930,65.855,0.000,0.000,0.925,64.930,0.000,0.000,0.000,0.000,0.000,0.000,0.000,65.855,,PRODUCTION,0.990
2024,21740MCKTR1999P,110000340391,MACK TRUCKS INC,13302 PENNSYLVANIA AVE,HAGERSTOWN,WASHINGTON,MD,21742,,,39.678469,-77.720055,,VOLVO GROUP,NA,VOLVO GROUP,AB VOLVO,353952559,AB VOLVO,NO,336,Transportation Equipment,,,,,,,336350,,,,,,1324223221755,Manganese,NO,0007439965,7439-96-5,149625,YES,TRI,YES,Elemental metals,NO,NO,NO,R,Pounds,35.000,0.040,0.000,0.000,0.000,0.000,0.000,0.000,0.000,0.000,0.000,0.000,0.000,0.000,35.040,0.000,0.000,0.000,0.000,0.000,0.000,0.000,0.000,0.000,0.000,0.000,0.000,0.000,0.000,0.000,0.000,0.000,0.000,0.000,0.000,2873.000,0.000,2873.000,0.000,0.000,0.000,0.000,47209.000,47209.000,0.000,0.000,0.000,0.000,0.000,0.000,0.000,0.000,0.000,0.000,0.000,50082.000,2908.040,0.000,0.000,35.040,0.000,2873.000,0.000,0.000,0.000,47209.000,0.000,0.000,50117.040,,PRODUCTION,1.020
2024,21226LCLCX3440F,110000867321,SOLVAY USA LLC,3440 FAIRFIELD RD,BALTIMORE,BALTIMORE (CITY),MD,21226,,,39.233914,-76.576864,,SYENSQO HOLDING INC,874748937,SYENSQO HOLDING INC,SYENSQO SA,372787070,SYENSQO SA,NO,325,Chemicals,,,,,,,325613,325199,,,,,1324223130941,Acrylic acid,NO,0000079107,79-10-7,7617,YES,TRI,NO,Non_Metal,NO,NO,NO,R,Pounds,95.000,19.000,0.000,0.000,0.000,0.000,0.000,0.000,0.000,0.000,0.000,0.000,0.000,0.000,114.000,41.440,476.560,518.000,0.000,0.000,0.000,0.000,0.000,0.000,0.000,0.000,0.000,0.000,0.000,0.000,0.000,0.000,0.000,0.000,0.000,0.000,0.000,41.440,0.000,0.000,0.000,0.000,0.000,0.000,0.000,0.000,0.000,0.000,63510.000,0.000,0.000,0.000,0.000,63986.560,0.000,64028.000,155.440,0.000,0.000,114.000,0.000,41.440,0.000,0.000,0.000,0.000,518.000,63986.560,64660.000,,PRODUCTION,0.800
2024,21922WLGRS1320A,110038161093,W L GORE & ASSOCIATES INC,501 VIEVES WAY,ELKTON,CECIL,MD,21921,,,39.663946,-75.807507,,W L GORE & ASSOCIATES INC,002331536,W L GORE & ASSOCIATES INC,NA,,NA,NO,325,Chemicals,,,,,,,325211,,,,,,1324222805210,N-Methyl-2-pyrrolidone,NO,0000872504,872-50-4,72744,NO,TRI,NO,Non_Metal,NO,NO,NO,R,Pounds,962.710,0.000,0.000,0.000,0.000,0.000,0.000,0.000,0.000,0.000,0.000,0.000,0.000,0.000,962.710,0.000,0.000,0.000,0.000,0.000,0.000,0.000,0.000,0.000,0.000,0.000,0.000,0.000,0.000,0.000,0.000,0.000,0.000,0.000,0.000,0.000,0.000,0.000,341435.000,0.000,0.000,0.000,0.000,341435.000,0.000,344719.000,344719.000,0.000,0.000,0.000,0.000,0.000,0.000,0.000,0.000,686154.000,962.710,0.000,0.000,962.710,0.000,0.000,0.000,344719.000,0.000,341435.000,0.000,0.000,687116.710,,ACTIVITY,0.820
2024,21226BRNDN1000B,110038162902,BRANDON SHORES & WAGNER COMPLEX,3000 BRANDON SHORES RD,CURTIS BAY,ANNE ARUNDEL,MD,21226,,,39.178257,-76.541842,,TALEN ENERGY,078612047,TALEN ENERGY CORP,NA,,NA,NO,2211,Electric Utilities,,,,,,,221112,,,,,,1324222802276,Polycyclic aromatic compounds,NO,N590,N590,649749,YES,PBT,NO,Non_Metal,YES,YES,NO,R,Pounds,0.000,2.000,0.000,0.000,0.000,0.000,0.000,0.000,0.000,0.000,0.000,0.000,0.000,0.000,2.000,0.000,0.000,0.000,0.000,0.000,0.000,0.000,0.000,0.000,0.000,0.000,0.000,0.000,0.000,0.000,0.000,0.000,0.000,0.000,0.000,0.000,0.000,0.000,0.000,0.000,0.000,0.000,0.000,0.000,0.000,0.000,0.000,0.000,0.000,0.000,0.000,0.000,0.000,0.000,0.000,0.000,2.000,0.000,0.000,2.000,0.000,0.000,0.000,0.000,0.000,0.000,0.000,0.000,2.000,,PRODUCTION,2.000
2024,21226BLTMR2400P,110008432650,GLOBAL BALTIMORE TERMINAL,2400 PETROLIA AVE,BALTIMORE,BALTIMORE (CITY),MD,21226,,,39.235628,-76.564811,,GLOBAL PARTNERS LP,061167842,GLOBAL PARTNERS LP,NA,,NA,NO,4247,Petroleum Bulk Terminals,,,,,,,424710,,,,,,1324223180249,Polycyclic aromatic compounds,NO,N590,N590,649749,YES,PBT,NO,Non_Metal,YES,YES,NO,R,Pounds,0.000,0.001,0.000,0.000,0.000,0.000,0.000,0.000,0.000,0.000,0.000,0.000,0.000,0.000,0.001,0.000,0.000,0.000,0.000,0.000,0.000,0.000,0.000,0.000,0.000,0.000,0.000,0.000,0.000,0.000,0.000,0.000,0.000,0.000,0.000,0.000,0.000,0.000,0.000,0.000,0.000,0.000,0.000,0.000,0.000,0.163,0.163,0.000,0.000,0.000,0.000,0.000,0.000,0.000,0.000,0.163,0.001,0.000,0.000,0.001,0.000,0.000,0.000,0.163,0.000,0.000,0.000,0.000,0.164,,ACTIVITY,1.000
2024,2162WDXNVL365HA,110071498448,DIXON VALVE & COUPLING CO,365 HAACKE DR.,CHESTERTOWN,KENT,MD,21620,,,39.229002,-76.069845,,NA,,NA,NA,,NA,NO,332,Fabricated Metals,,,,,,,332912,332911,332919,,,,1324222771103,Chromium,NO,0007440473,7440-47-3,150060,YES,TRI,YES,Elemental metals,NO,NO,NO,R,Pounds,0.000,0.000,0.000,0.000,0.000,0.000,0.000,0.000,0.000,0.000,0.000,0.000,0.000,0.000,0.000,0.000,0.000,0.000,0.000,0.000,0.000,0.000,0.000,0.000,0.000,0.000,0.000,0.000,0.000,0.000,0.000,0.000,0.000,0.000,0.000,0.000,0.000,0.000,0.000,18348.100,0.000,0.000,0.000,18348.100,0.000,0.000,0.000,0.000,0.000,0.000,0.000,0.000,0.000,0.000,0.000,18348.100,0.000,0.000,0.000,0.000,0.000,0.000,0.000,0.000,0.000,18348.100,0.000,0.000,18348.100,,PRODUCTION,1.000
2024,2120WPPCLB81NKR,110063585972,PPC LUBRICANTS INC.,801 N. KRESSON STREET,BALTIMORE,BALTIMORE (CITY),MD,21205,,,39.301167,-76.560426,,RELADYNE LLC,079742657,RELADYNE LLC,NA,,NA,NO,4247,Petroleum Bulk Terminals,,,,,,,424710,,,,,,1324222726972,Zinc compounds,NO,N982,N982,649699,NO,TRI,YES,Metal complound categories,NO,NO,NO,A,Pounds,0.000,0.000,0.000,0.000,0.000,0.000,0.000,0.000,0.000,0.000,0.000,0.000,0.000,0.000,0.000,0.000,0.000,0.000,0.000,0.000,0.000,0.000,0.000,0.000,0.000,0.000,0.000,0.000,0.000,0.000,0.000,0.000,0.000,0.000,0.000,0.000,0.000,0.000,0.000,0.000,0.000,0.000,0.000,0.000,0.000,0.000,0.000,0.000,0.000,0.000,0.000,0.000,0.000,0.000,0.000,0.000,0.000,0.000,0.000,0.000,0.000,0.000,0.000,0.000,0.000,0.000,0.000,0.000,0.000,0.000,,0.000
2024,2178WVPCNC5151A,110001276333,EVAPCO INC-TANEYTOWN,5151 ALLENDALE LANE,TANEYTOWN,CARROLL,MD,21787,,,39.653227,-77.180614,,EVAPCO INC,080546625,EVAPCO INC,NA,,NA,NO,333,Machinery,,,,,,,333415,,,,,,1324222829044,Chromium,NO,0007440473,7440-47-3,150060,YES,TRI,YES,Elemental metals,NO,NO,NO,R,Pounds,5.000,0.000,0.000,0.000,0.000,0.000,0.000,0.000,0.000,0.000,0.000,0.000,0.000,0.000,5.000,0.000,0.000,0.000,0.000,0.000,0.000,0.000,0.000,0.000,0.000,0.000,0.000,0.000,0.000,0.000,42.000,0.000,0.000,0.000,0.000,0.000,0.000,42.000,0.000,0.000,0.000,0.000,83000.000,83000.000,0.000,0.000,0.000,0.000,0.000,0.000,0.000,0.000,0.000,0.000,0.000,83042.000,47.000,0.000,0.000,5.000,42.000,0.000,0.000,0.000,0.000,83000.000,0.000,0.000,83047.000,,PRODUCTION,1.000
2024,21922WLGRS1320A,110038161093,W L GORE & ASSOCIATES INC,501 VIEVES WAY,ELKTON,CECIL,MD,21921,,,39.663946,-75.807507,,W L GORE & ASSOCIATES INC,002331536,W L GORE & ASSOCIATES INC,NA,,NA,NO,325,Chemicals,,,,,,,325211,,,,,,1324222805208,Diisocyanates,NO,N120,N120,649715,NO,TRI,NO,Non_Metal,NO,NO,NO,R,Pounds,0.000,54.620,0.000,0.000,0.000,0.000,0.000,0.000,0.000,0.000,0.000,0.000,0.000,0.000,54.620,0.000,0.000,0.000,0.000,0.000,0.000,0.000,0.000,0.000,0.000,0.000,0.000,0.000,0.000,0.000,0.000,0.000,0.000,0.000,0.000,0.000,0.000,0.000,0.000,0.000,0.000,0.000,0.000,0.000,19140.000,0.000,19140.000,0.000,0.000,0.000,0.000,0.000,0.000,0.000,0.000,19140.000,54.620,0.000,0.000,54.620,0.000,0.000,0.000,19140.000,0.000,0.000,0.000,0.000,19194.620,,PRODUCTION,1.100
2024,2122WMRYLN89KEL,110001771609,MW COMPONENTS - BALTIMORE,8900 KELSO DRIVE,ESSEX,BALTIMORE,MD,21221,,,39.337563,-76.470775,,MW INDUSTRIES INC,093200547,MW INDUSTRIES INC,NA,,NA,NO,332,Fabricated Metals,,,,,,,332613,,,,,,1324222611790,Chromium,NO,0007440473,7440-47-3,150060,YES,TRI,YES,Elemental metals,NO,NO,NO,R,Pounds,0.000,0.000,0.000,0.000,0.000,0.000,0.000,0.000,0.000,0.000,0.000,0.000,0.000,0.000,0.000,0.000,0.000,0.000,0.000,0.000,0.000,0.000,0.000,0.000,0.000,0.000,0.000,0.000,0.000,0.000,0.000,0.000,0.000,0.000,0.000,0.000,0.000,0.000,0.000,0.000,0.000,0.000,11127.000,11127.000,0.000,0.000,0.000,0.000,0.000,0.000,0.000,0.000,0.000,0.000,0.000,11127.000,0.000,0.000,0.000,0.000,0.000,0.000,0.000,0.000,0.000,11127.000,0.000,0.000,11127.000,,PRODUCTION,0.740
2024,21226BRNDN1000B,110038162902,BRANDON SHORES & WAGNER COMPLEX,3000 BRANDON SHORES RD,CURTIS BAY,ANNE ARUNDEL,MD,21226,,,39.178257,-76.541842,,TALEN ENERGY,078612047,TALEN ENERGY CORP,NA,,NA,NO,2211,Electric Utilities,,,,,,,221112,,,,,,1324222801540,Barium  And Barium Compounds,YES,N040,N040,649426,NO,TRI,NO,Metal complound categories,NO,NO,NO,R,Pounds,2.000,2.000,0.000,0.000,0.000,0.000,0.000,0.000,0.000,0.000,0.000,0.000,0.000,0.000,4.000,0.000,0.000,0.000,0.000,0.000,0.000,0.000,0.000,0.000,0.000,0.000,0.000,0.000,0.000,0.000,21824.000,0.000,0.000,0.000,0.000,0.000,0.000,21824.000,0.000,0.000,0.000,0.000,0.000,0.000,0.000,0.000,0.000,0.000,0.000,0.000,0.000,0.000,0.000,0.000,0.000,21824.000,21828.000,0.000,0.000,4.000,21824.000,0.000,0.000,0.000,0.000,0.000,0.000,0.000,21828.000,,PRODUCTION,1.520
2024,21226CTGPT2201S,110019893329,CITGO PETROLEUM CORP,2201 SOUTHPORT AVE,BALTIMORE,BALTIMORE (CITY),MD,21226,,,39.229478,-76.568788,,PDV HOLDING INC.,119272531,PDV HOLDING INC,PDVSA PETROLEOS S.A.,885354373,PDVSA PETROLEOS SA,NO,4247,Petroleum Bulk Terminals,,,,,,,424710,,,,,,1324222771988,Cyclohexane,NO,0000110827,110-82-7,27003,NO,TRI,NO,Non_Metal,NO,NO,NO,R,Pounds,20.000,43.000,0.000,0.000,0.000,0.000,0.000,0.000,0.000,0.000,0.000,0.000,0.000,0.000,63.000,0.000,0.000,0.000,0.000,0.000,0.000,0.000,0.000,0.000,0.000,0.000,0.000,0.000,0.000,0.000,0.000,0.000,0.000,0.000,0.000,0.000,0.000,0.000,0.000,0.000,0.000,0.000,0.000,0.000,0.000,0.000,0.000,0.000,0.000,0.000,0.000,0.000,0.000,0.000,0.000,0.000,63.000,0.000,0.000,63.000,0.000,0.000,0.000,0.000,0.000,0.000,2176.000,0.000,2239.000,,PRODUCTION,0.860
2024,21222TNMCC2300E,110000339820,TNEMEC CO INC,2300 EDGEWATER AVE,BALTIMORE,BALTIMORE (CITY),MD,21222,,,39.261900,-76.535417,,TNEMEC CO INC,077410538,TNEMEC CO INC,NA,,NA,NO,325,Chemicals,,,,,,,325510,,,,,,1324222732214,Zinc (fume or dust),NO,0007440666,7440-66-6,150235,NO,TRI,NO,Metals with qualifiers,NO,NO,NO,R,Pounds,0.000,55.000,0.000,0.000,0.000,0.000,0.000,0.000,0.000,0.000,0.000,0.000,0.000,0.000,55.000,0.000,0.000,0.000,0.000,0.000,0.000,0.000,0.000,0.000,0.000,0.000,0.000,0.000,0.000,0.000,0.000,0.000,0.000,0.000,0.000,0.000,0.000,0.000,0.000,0.000,8765.000,0.000,0.000,8765.000,0.000,0.000,0.000,0.000,0.000,0.000,0.000,0.000,0.000,0.000,0.000,8765.000,55.000,0.000,0.000,55.000,0.000,0.000,0.000,0.000,0.000,8765.000,0.000,0.000,8820.000,,PRODUCTION,1.180
2024,21162MRCNS10300,110001276976,OLDCASTLE APG MID-ATLANTIC WHITE MARSH MD,10300 PULASKI HWY,WHITE MARSH,BALTIMORE,MD,21162,,,39.370774,-76.435173,,CRH AMERICAS INC,037176591,CRH AMERICAS INC,NA,,CRH PUBLIC LTD CO,NO,327,Nonmetallic Mineral Product,,,,,,,327999,,,,,,1324222685582,Mercury,NO,0007439976,7439-97-6,149633,YES,PBT,YES,Elemental metals,NO,YES,NO,R,Pounds,0.000,0.000,0.000,0.000,0.000,0.000,0.000,0.000,0.000,0.000,0.000,0.000,0.000,0.000,0.000,0.000,0.000,0.000,0.000,0.000,0.000,0.000,0.000,0.000,0.000,0.000,0.000,0.000,0.000,0.000,0.000,0.000,0.000,0.000,0.000,0.000,0.000,0.000,0.000,0.000,0.000,0.000,0.000,0.000,0.000,0.000,0.000,0.000,0.000,0.000,0.000,0.000,0.000,0.000,0.000,0.000,0.000,0.000,0.000,0.000,0.000,0.000,0.000,0.000,0.000,0.000,0.000,0.000,0.000,,PRODUCTION,1.110
2024,2067WSMBRS21BUG,110071071824,SMO BARSTOW PLANT,201 BUGEYE SQ,PRINCE FREDERICK,CALVERT,MD,20678,,,38.512073,-76.644255,,STAR GROUP LP,NA,STAR GROUP LP,NA,,NA,NO,999,Other,,,,,,,457210,,,,,,1324223094905,Cyclohexane,NO,0000110827,110-82-7,27003,NO,TRI,NO,Non_Metal,NO,NO,NO,A,Pounds,0.000,0.000,0.000,0.000,0.000,0.000,0.000,0.000,0.000,0.000,0.000,0.000,0.000,0.000,0.000,0.000,0.000,0.000,0.000,0.000,0.000,0.000,0.000,0.000,0.000,0.000,0.000,0.000,0.000,0.000,0.000,0.000,0.000,0.000,0.000,0.000,0.000,0.000,0.000,0.000,0.000,0.000,0.000,0.000,0.000,0.000,0.000,0.000,0.000,0.000,0.000,0.000,0.000,0.000,0.000,0.000,0.000,0.000,0.000,0.000,0.000,0.000,0.000,0.000,0.000,0.000,0.000,0.000,0.000,0.000,,0.000
2024,21795PSNCH16414,110000340523,ENGINEERED POLYMER SOLUTIONS INC.,16414 INDUSTRIAL LN,WILLIAMSPORT,WASHINGTON,MD,21795,,,39.597371,-77.800568,,THE SHERWIN-WILLIAMS CO,004206397,THE SHERWIN-WILLIAMS CO,NA,,NA,NO,325,Chemicals,,,,,,,325510,,,,,,1324223087331,Ethylene glycol,NO,0000107211,107-21-1,24257,YES,TRI,NO,Non_Metal,NO,NO,NO,R,Pounds,0.000,6.000,0.000,0.000,0.000,0.000,0.000,0.000,0.000,0.000,0.000,0.000,0.000,0.000,6.000,0.000,0.000,0.000,0.000,0.000,0.000,0.000,0.000,0.000,0.000,0.000,0.000,0.000,0.000,0.000,10727.000,0.000,0.000,0.000,0.000,0.000,0.000,10727.000,0.000,0.000,0.000,0.000,0.000,0.000,678.000,0.000,678.000,0.000,0.000,0.000,0.000,144.000,0.000,144.000,0.000,11549.000,10733.000,0.000,0.000,6.000,10727.000,0.000,0.000,678.000,0.000,0.000,0.000,144.000,11555.000,,PRODUCTION,1.280
2024,21826TLNTCEDENR,110000340667,CULPEPER OF FRUITLAND LLC,28114 OLD EDEN RD,EDEN,WICOMICO,MD,21822,,,38.290964,-75.638628,,NA,,JEFFERSON HOMEBUILDERS INC,NA,,NA,NO,321,Wood Products,,,,,,,321114,,,,,,1324222406845,Copper compounds,NO,N100,N100,649491,NO,TRI,YES,Metal complound categories,NO,NO,NO,R,Pounds,0.000,0.000,0.000,0.000,0.000,0.000,0.000,0.000,0.000,0.000,0.000,0.000,0.000,0.000,0.000,0.000,0.000,0.000,0.000,704.000,0.000,0.000,0.000,0.000,0.000,0.000,0.000,0.000,0.000,0.000,0.000,0.000,0.000,0.000,0.000,0.000,0.000,704.000,0.000,0.000,0.000,0.000,0.000,0.000,0.000,0.000,0.000,0.000,0.000,0.000,0.000,0.000,0.000,0.000,0.000,704.000,704.000,0.000,0.000,0.000,0.000,704.000,0.000,0.000,0.000,0.000,0.000,0.000,704.000,,PRODUCTION,1.000
2024,2140WSMNNP223IN,110071071825,SMO ANNAPOLIS PLANT,2023 INDUSTRIAL DR,ANNAPOLIS,ANNE ARUNDEL,MD,21401,,,38.994161,-76.545344,,STAR GROUP LP,NA,STAR GROUP LP,NA,,NA,NO,999,Other,,,,,,,457210,,,,,,1324223119013,Xylene (mixed isomers),NO,0001330207,1330-20-7,84970,YES,TRI,NO,Non_Metal,NO,NO,NO,A,Pounds,0.000,0.000,0.000,0.000,0.000,0.000,0.000,0.000,0.000,0.000,0.000,0.000,0.000,0.000,0.000,0.000,0.000,0.000,0.000,0.000,0.000,0.000,0.000,0.000,0.000,0.000,0.000,0.000,0.000,0.000,0.000,0.000,0.000,0.000,0.000,0.000,0.000,0.000,0.000,0.000,0.000,0.000,0.000,0.000,0.000,0.000,0.000,0.000,0.000,0.000,0.000,0.000,0.000,0.000,0.000,0.000,0.000,0.000,0.000,0.000,0.000,0.000,0.000,0.000,0.000,0.000,0.000,0.000,0.000,0.000,,0.000
2024,2111WSCHST3713C,110070007399,SCHUSTER CONCRETE READY MIX LLC-CRONDALL LN,3713 CRONDALL LN - BALTIMORE COUNTY,OWINGS MILLS,BALTIMORE,MD,21117,,,39.433980,-76.779008,,SCHUSTER CONCRETE READY MIX LLC,NA,SCHUSTER CONCRETE READY MIX LLC,NA,,NA,NO,327,Nonmetallic Mineral Product,,,,,,,327320,,,,,,1324222431177,Nickel compounds,NO,N495,N495,650036,YES,TRI,YES,Metal complound categories,YES,NO,NO,A,Pounds,0.000,0.000,0.000,0.000,0.000,0.000,0.000,0.000,0.000,0.000,0.000,0.000,0.000,0.000,0.000,0.000,0.000,0.000,0.000,0.000,0.000,0.000,0.000,0.000,0.000,0.000,0.000,0.000,0.000,0.000,0.000,0.000,0.000,0.000,0.000,0.000,0.000,0.000,0.000,0.000,0.000,0.000,0.000,0.000,0.000,0.000,0.000,0.000,0.000,0.000,0.000,0.000,0.000,0.000,0.000,0.000,0.000,0.000,0.000,0.000,0.000,0.000,0.000,0.000,0.000,0.000,0.000,0.000,0.000,0.000,,0.000
2024,21741RCKYT1201M,110000340417,GREAT SOUTHERN WOOD - MD INC.,1201 MARYLAND AVE,HAGERSTOWN,WASHINGTON,MD,21740,,,39.620872,-77.735668,,GREAT SOUTHERN WOOD PRESERVING INC,057211823,GREAT SOUTHERN WOOD PRESERVING INC,NA,,NA,NO,321,Wood Products,,,,,,,321114,,,,,,1324222939124,Chromium  and Chromium Compounds(except for chromite ore mined in the Transvaal Region),YES,N090,N090,649475,YES,TRI,YES,Metal complound categories,NO,NO,NO,R,Pounds,0.000,0.000,0.000,0.000,0.000,0.000,0.000,0.000,0.000,0.000,0.000,0.000,0.000,0.000,0.000,0.000,0.000,0.000,0.000,2146.500,0.000,0.000,0.000,0.000,0.000,0.000,0.000,0.000,0.000,0.000,0.000,0.000,0.000,0.000,0.000,0.000,0.000,2146.500,0.000,0.000,0.000,0.000,0.000,0.000,0.000,0.000,0.000,0.000,0.000,0.000,0.000,0.000,0.000,0.000,0.000,2146.500,2146.500,0.000,0.000,0.000,0.000,2146.500,0.000,0.000,3.050,0.000,0.000,0.000,2149.550,,PRODUCTION,1.010
2024,21224GLDBN2301S,110001251797,GOLD BOND BUILDING PRODUCTS - BALTIMORE,2301 S NEWKIRK ST,BALTIMORE,BALTIMORE (CITY),MD,21224,,,39.265546,-76.555299,,SPANGLER COS INC,055165518,SPANGLER COS INC,NA,,NA,NO,327,Nonmetallic Mineral Product,,,,,,,327420,,,,,,1324222853677,Barium,NO,0007440393,7440-39-3,149997,NO,TRI,NO,Elemental metals,NO,NO,NO,R,Pounds,0.410,2.060,0.000,0.000,0.000,0.000,0.000,0.000,0.000,0.000,0.000,0.000,0.000,0.000,2.470,0.000,0.000,0.000,0.000,0.000,0.000,0.000,0.000,0.000,0.000,0.000,0.000,0.000,0.000,0.000,1068.000,0.000,0.000,0.000,0.000,0.000,0.000,1068.000,0.000,0.000,0.000,0.000,0.000,0.000,0.000,0.000,0.000,0.000,0.000,0.000,0.000,0.000,0.000,0.000,0.000,1068.000,1070.470,0.000,0.000,2.470,1068.000,0.000,0.000,0.000,0.000,0.000,0.000,0.000,1070.470,,PRODUCTION,0.990
2024,21226CTGPT2201S,110019893329,CITGO PETROLEUM CORP,2201 SOUTHPORT AVE,BALTIMORE,BALTIMORE (CITY),MD,21226,,,39.229478,-76.568788,,PDV HOLDING INC.,119272531,PDV HOLDING INC,PDVSA PETROLEOS S.A.,885354373,PDVSA PETROLEOS SA,NO,4247,Petroleum Bulk Terminals,,,,,,,424710,,,,,,1324222772016,Toluene,NO,0000108883,108-88-3,25452,YES,TRI,NO,Non_Metal,NO,NO,NO,R,Pounds,160.000,250.000,0.000,0.000,0.000,0.000,0.000,0.000,0.000,0.000,0.000,0.000,0.000,0.000,410.000,0.000,0.000,0.000,0.000,0.000,0.000,0.000,0.000,0.000,0.000,0.000,0.000,0.000,0.000,0.000,0.000,0.000,0.000,0.000,0.000,0.000,0.000,0.000,0.000,0.000,0.000,0.000,0.000,0.000,0.000,0.000,0.000,0.000,0.000,0.000,0.000,0.000,0.000,0.000,0.000,0.000,410.000,0.000,0.000,410.000,0.000,0.000,0.000,0.000,0.000,0.000,17385.000,0.000,17795.000,,PRODUCTION,0.860
2024,21801PRDNCZIONC,110009684010,PERDUE AGRIBUSINESS LLC - SALISBURY MD,6906 ZION CHURCH RD,SALISBURY,WICOMICO,MD,21804,,,38.381856,-75.526028,,PERDUE FARMS INC,022666820,PERDUE FARMS INC,NA,,NA,NO,311,Food,,,,,,,311224,311225,311119,,,,1324222868337,n-Hexane,NO,0000110543,110-54-3,26740,YES,TRI,NO,Non_Metal,NO,NO,NO,R,Pounds,142756.200,80323.190,40.570,0.000,0.000,0.000,0.000,0.000,0.000,0.000,0.000,0.000,0.000,0.000,223119.960,0.000,0.000,0.000,0.000,0.000,0.000,0.000,0.000,0.000,0.000,0.000,0.000,0.000,0.000,0.000,0.000,0.000,0.000,0.000,0.000,0.000,0.000,0.000,0.000,0.000,0.000,0.000,0.000,0.000,0.000,0.000,0.000,0.000,0.000,0.000,0.000,0.000,0.000,0.000,0.000,0.000,223119.960,0.000,0.000,223119.960,0.000,0.000,0.000,0.000,650191974.000,0.000,40.570,0.000,650415134.530,,PRODUCTION,1.000
2024,21791LHGHP117SO,110003507385,HEIDELBERG MATERIALS US CEMENT LLC,675 QUAKER HILL RD,UNION BRIDGE,CARROLL,MD,21791,,,39.559177,-77.167277,,HEIDELBERG MATERIALS US INC,967342197,HEIDELBERG MATERIALS US INC,NA,,HEIDELBERG MATERIALS,NO,327,Nonmetallic Mineral Product,,,,,,,327310,,,,,,1324222440570,Lead  And Lead Compounds,YES,N420,N420,650002,YES,PBT,YES,Metal complound categories,NO,YES,NO,R,Pounds,6.000,5.000,0.000,0.000,0.000,0.000,0.000,0.000,0.000,0.000,0.000,0.000,0.000,0.000,11.000,0.000,0.000,0.000,0.000,0.000,0.000,0.000,0.000,0.000,0.000,0.000,0.000,0.000,0.000,0.000,0.000,0.000,0.000,0.000,0.000,0.000,0.000,0.000,0.000,0.000,0.000,0.000,0.000,0.000,0.000,0.000,0.000,0.000,0.000,0.000,0.000,0.000,0.000,0.000,0.000,0.000,11.000,0.000,0.000,11.000,0.000,0.000,0.000,0.000,0.000,0.000,0.000,0.000,11.000,,PRODUCTION,0.900
2024,21030CRPRTYORKR,110055098585,TEXTRON SYSTEMS,124 IND US TRY LN,COCKEYSVILLE,BALTIMORE,MD,21030,,,39.466010,-76.641549,,TEXTRON INC,001338979,TEXTRON INC,NA,,NA,NO,336,Transportation Equipment,,,,,,,336411,541511,336413,541330,332994,,1324222972263,Lead compounds,NO,N420,N420,650002,YES,PBT,YES,Metal complound categories,NO,YES,NO,R,Pounds,5.300,0.000,0.000,0.000,0.000,0.000,0.000,0.000,0.000,0.000,0.000,0.000,0.000,0.000,5.300,0.000,0.000,0.000,0.000,0.000,0.000,0.000,0.000,0.000,0.000,0.000,0.000,0.000,0.000,0.000,0.000,0.000,0.000,0.000,0.000,1086.300,0.000,1086.300,0.000,0.000,0.000,0.000,0.000,0.000,0.000,0.000,0.000,0.000,0.000,0.000,0.000,0.000,0.000,0.000,0.000,1086.300,1091.600,0.000,0.000,5.300,0.000,1086.300,0.000,0.000,0.000,0.000,0.000,0.000,1091.600,,,
2024,21741PRNML11671,110000340426,PURINA ANIMAL NUTRITION LLC - HAGERSTOWN,11671 HOPEWELL RD,HAGERSTOWN,WASHINGTON,MD,21740,,,39.633666,-77.777814,,LAND O LAKES INC,006253835,LAND O LAKES INC,NA,,NA,NO,311,Food,,,,,,,311119,,,,,,1324222671075,Zinc compounds,NO,N982,N982,649699,NO,TRI,YES,Metal complound categories,NO,NO,NO,A,Pounds,0.000,0.000,0.000,0.000,0.000,0.000,0.000,0.000,0.000,0.000,0.000,0.000,0.000,0.000,0.000,0.000,0.000,0.000,0.000,0.000,0.000,0.000,0.000,0.000,0.000,0.000,0.000,0.000,0.000,0.000,0.000,0.000,0.000,0.000,0.000,0.000,0.000,0.000,0.000,0.000,0.000,0.000,0.000,0.000,0.000,0.000,0.000,0.000,0.000,0.000,0.000,0.000,0.000,0.000,0.000,0.000,0.000,0.000,0.000,0.000,0.000,0.000,0.000,0.000,0.000,0.000,0.000,0.000,0.000,0.000,,0.000
2024,21226BLTMR2400P,110008432650,GLOBAL BALTIMORE TERMINAL,2400 PETROLIA AVE,BALTIMORE,BALTIMORE (CITY),MD,21226,,,39.235628,-76.564811,,GLOBAL PARTNERS LP,061167842,GLOBAL PARTNERS LP,NA,,NA,NO,4247,Petroleum Bulk Terminals,,,,,,,424710,,,,,,1324223180252,Naphthalene,NO,0000091203,91-20-3,13326,YES,TRI,NO,Non_Metal,YES,NO,NO,R,Pounds,16.480,57.780,0.000,0.000,0.000,0.000,0.000,0.000,0.000,0.000,0.000,0.000,0.000,0.000,74.260,0.000,0.000,0.000,0.000,0.000,0.000,0.000,0.000,0.000,0.000,0.000,0.000,0.000,0.000,0.000,0.000,0.000,0.000,0.000,0.000,0.000,0.000,0.000,0.000,0.000,0.000,0.000,0.000,0.000,0.000,14.650,14.650,0.000,0.000,0.000,0.000,0.000,0.000,0.000,0.000,14.650,74.260,0.000,0.000,74.260,0.000,0.000,0.000,14.650,4.660,0.000,0.000,0.000,93.570,,ACTIVITY,1.000
2024,21222TNMCC2300E,110000339820,TNEMEC CO INC,2300 EDGEWATER AVE,BALTIMORE,BALTIMORE (CITY),MD,21222,,,39.261900,-76.535417,,TNEMEC CO INC,077410538,TNEMEC CO INC,NA,,NA,NO,325,Chemicals,,,,,,,325510,,,,,,1324222732265,Nickel  And Nickel Compounds,YES,N495,N495,650036,YES,TRI,YES,Metal complound categories,YES,NO,NO,R,Pounds,0.000,6.000,0.000,0.000,0.000,0.000,0.000,0.000,0.000,0.000,0.000,0.000,0.000,0.000,6.000,0.000,0.000,0.000,0.000,0.000,0.000,0.000,0.000,0.000,0.000,0.000,0.000,0.000,0.000,0.000,0.000,0.000,0.000,0.000,0.000,0.000,0.000,0.000,0.000,0.000,288.000,0.000,0.000,288.000,0.000,0.000,0.000,0.000,0.000,0.000,0.000,0.000,0.000,0.000,0.000,288.000,6.000,0.000,0.000,6.000,0.000,0.000,0.000,0.000,0.000,288.000,0.000,0.000,294.000,,PRODUCTION,1.180
2024,21701GRFFT200ES,110000340337,GRIFFITH ENERGY SERVICES INC FREDERICK BULK PLANT,200 E S ST,FREDERICK,FREDERICK,MD,21701,,,39.431278,-77.391821,,STAR GAS PARTNERS LP,NA,STAR GROUP LP,NA,,NA,NO,999,Other,,,,,,,457210,,,,,,1324223119431,Naphthalene,NO,0000091203,91-20-3,13326,YES,TRI,NO,Non_Metal,YES,NO,NO,A,Pounds,0.000,0.000,0.000,0.000,0.000,0.000,0.000,0.000,0.000,0.000,0.000,0.000,0.000,0.000,0.000,0.000,0.000,0.000,0.000,0.000,0.000,0.000,0.000,0.000,0.000,0.000,0.000,0.000,0.000,0.000,0.000,0.000,0.000,0.000,0.000,0.000,0.000,0.000,0.000,0.000,0.000,0.000,0.000,0.000,0.000,0.000,0.000,0.000,0.000,0.000,0.000,0.000,0.000,0.000,0.000,0.000,0.000,0.000,0.000,0.000,0.000,0.000,0.000,0.000,0.000,0.000,0.000,0.000,0.000,0.000,,0.000
2024,21502SWRRR11600,110000551055,AES WARRIOR RUN INC,11600 MEXICO FARMS RD SE,CUMBERLAND,ALLEGANY,MD,21502,,,39.598758,-78.744078,,AES CORP,043857812,AES CORP,NA,,NA,NO,2211,Electric Utilities,,,,,,,221112,,,,,,1324222608871,Ammonia,NO,0007664417,7664-41-7,152389,NO,TRI,NO,Non_Metal,NO,NO,NO,R,Pounds,83.000,457.000,0.000,0.000,0.000,0.000,0.000,0.000,0.000,0.000,0.000,0.000,0.000,0.000,540.000,0.000,0.000,0.000,0.000,0.000,0.000,0.000,0.000,0.000,0.000,0.000,0.000,0.000,0.000,0.000,0.000,0.000,0.000,0.000,0.000,0.000,0.000,0.000,0.000,0.000,0.000,0.000,0.000,0.000,0.000,0.000,0.000,0.000,0.000,0.000,0.000,0.000,0.000,0.000,0.000,0.000,540.000,0.000,0.000,540.000,0.000,0.000,0.000,0.000,0.000,0.000,71637.000,0.000,72177.000,,PRODUCTION,0.500
2024,21226BRNDN1000B,110038162902,BRANDON SHORES & WAGNER COMPLEX,3000 BRANDON SHORES RD,CURTIS BAY,ANNE ARUNDEL,MD,21226,,,39.178257,-76.541842,,TALEN ENERGY,078612047,TALEN ENERGY CORP,NA,,NA,NO,2211,Electric Utilities,,,,,,,221112,,,,,,1324222802353,Zinc compounds,NO,N982,N982,649699,NO,TRI,YES,Metal complound categories,NO,NO,NO,R,Pounds,0.000,40.000,23.000,0.000,0.000,0.000,0.000,0.000,0.000,0.000,0.000,0.000,0.000,0.000,63.000,0.000,0.000,0.000,0.000,0.000,0.000,0.000,0.000,0.000,0.000,0.000,0.000,0.000,0.000,0.000,2995.000,0.000,0.000,0.000,0.000,0.000,0.000,2995.000,0.000,0.000,0.000,0.000,0.000,0.000,0.000,0.000,0.000,0.000,0.000,0.000,0.000,0.000,0.000,0.000,0.000,2995.000,3058.000,0.000,0.000,63.000,2995.000,0.000,0.000,0.000,0.000,0.000,0.000,0.000,3058.000,,PRODUCTION,1.000
2024,21222TNMCC2300E,110000339820,TNEMEC CO INC,2300 EDGEWATER AVE,BALTIMORE,BALTIMORE (CITY),MD,21222,,,39.261900,-76.535417,,TNEMEC CO INC,077410538,TNEMEC CO INC,NA,,NA,NO,325,Chemicals,,,,,,,325510,,,,,,1324222732202,Xylene (mixed isomers),NO,0001330207,1330-20-7,84970,YES,TRI,NO,Non_Metal,NO,NO,NO,R,Pounds,85.000,3903.000,0.000,0.000,0.000,0.000,0.000,0.000,0.000,0.000,0.000,0.000,0.000,0.000,3988.000,0.000,0.000,0.000,0.000,0.000,0.000,0.000,0.000,0.000,0.000,0.000,0.000,0.000,0.000,0.000,0.000,0.000,0.000,0.000,0.000,0.000,0.000,0.000,0.000,0.000,22273.000,0.000,0.000,22273.000,0.000,0.000,0.000,0.000,0.000,0.000,0.000,0.000,0.000,0.000,0.000,22273.000,3988.000,0.000,0.000,3988.000,0.000,0.000,0.000,0.000,22809.000,22273.000,0.000,0.000,49070.000,,PRODUCTION,1.180
2024,2122WMRYLN89KEL,110001771609,MW COMPONENTS - BALTIMORE,8900 KELSO DRIVE,ESSEX,BALTIMORE,MD,21221,,,39.337563,-76.470775,,MW INDUSTRIES INC,093200547,MW INDUSTRIES INC,NA,,NA,NO,332,Fabricated Metals,,,,,,,332613,,,,,,1324222611802,Methanol,NO,0000067561,67-56-1,4283,YES,TRI,NO,Non_Metal,NO,NO,NO,R,Pounds,97.000,0.000,0.000,0.000,0.000,0.000,0.000,0.000,0.000,0.000,0.000,0.000,0.000,0.000,97.000,0.000,0.000,0.000,0.000,0.000,0.000,0.000,0.000,0.000,0.000,0.000,0.000,0.000,0.000,0.000,0.000,0.000,0.000,0.000,0.000,0.000,0.000,0.000,0.000,0.000,0.000,0.000,0.000,0.000,0.000,0.000,0.000,0.000,0.000,0.000,0.000,0.000,0.000,0.000,0.000,0.000,97.000,0.000,0.000,97.000,0.000,0.000,0.000,0.000,0.000,0.000,0.000,0.000,97.000,,PRODUCTION,0.670
2024,21230STHRN1620B,110000870914,SOUTHERN GALVANIZING CO,1620 BUSH ST,BALTIMORE,BALTIMORE (CITY),MD,21230,,,39.274244,-76.632616,,NA,,NA,NA,,NA,NO,332,Fabricated Metals,,,,,,,332812,,,,,,1324222620534,Lead,NO,0007439921,7439-92-1,149583,NO,PBT,YES,Elemental metals,YES,YES,NO,R,Pounds,0.000,0.000,0.000,0.000,0.000,0.000,0.000,0.000,0.000,0.000,0.000,0.000,0.000,0.000,0.000,0.000,0.000,0.000,0.000,0.000,0.000,0.000,0.000,0.000,52.000,0.000,0.000,0.000,0.000,0.000,0.000,0.000,0.000,0.000,0.000,0.000,0.000,52.000,0.000,0.000,0.000,0.000,0.000,0.000,0.000,0.000,0.000,0.000,0.000,0.000,0.000,0.000,0.000,0.000,0.000,52.000,52.000,0.000,0.000,0.000,52.000,0.000,0.000,0.000,0.000,0.000,0.000,0.000,52.000,,ACTIVITY,1.000
2024,21643HRLCK37DEL,110000340319,PERDUE FOODS LLC - HURLOCK HATCHERY FEEDMILL & GRANARY,37 DELAWARE AVE,HURLOCK,DORCHESTER,MD,21643,,,38.628935,-75.870558,,PERDUE FARMS INC,022666820,PERDUE FARMS INC,NA,,NA,NO,311,Food,,,,,,,311119,,,,,,1324222591099,Zinc compounds,NO,N982,N982,649699,NO,TRI,YES,Metal complound categories,NO,NO,NO,A,Pounds,0.000,0.000,0.000,0.000,0.000,0.000,0.000,0.000,0.000,0.000,0.000,0.000,0.000,0.000,0.000,0.000,0.000,0.000,0.000,0.000,0.000,0.000,0.000,0.000,0.000,0.000,0.000,0.000,0.000,0.000,0.000,0.000,0.000,0.000,0.000,0.000,0.000,0.000,0.000,0.000,0.000,0.000,0.000,0.000,0.000,0.000,0.000,0.000,0.000,0.000,0.000,0.000,0.000,0.000,0.000,0.000,0.000,0.000,0.000,0.000,0.000,0.000,0.000,0.000,0.000,0.000,0.000,0.000,0.000,0.000,,0.000
2024,2075WFRTMD2699M,110071132118,FORT MEADE (USSS RANGE 1),2699 MAPES RD,FORT GEORGE G MEADE,ANNE ARUNDEL,MD,20755,,,39.103957,-76.737590,,US DEPARTMENT OF HOMELAND SECURITY,NA,US DEPARTMENT OF HOMELAND SECURITY,NA,,NA,YES,999,Other,,,,,,,922120,928110,,,,,1324222720892,Lead  And Lead Compounds,YES,N420,N420,650002,YES,PBT,YES,Metal complound categories,NO,YES,NO,R,Pounds,0.000,0.000,0.000,0.000,0.000,0.000,0.000,0.000,0.000,0.000,0.000,0.000,0.000,0.000,0.000,0.000,0.000,0.000,0.000,0.000,0.000,0.000,0.000,0.000,0.000,0.000,0.000,0.000,0.000,0.000,0.000,0.000,0.000,0.000,0.000,175.000,0.000,175.000,0.000,0.000,0.000,0.000,1943.000,1943.000,0.000,0.000,0.000,0.000,0.000,0.000,0.000,0.000,0.000,0.000,0.000,2118.000,175.000,0.000,0.000,0.000,0.000,175.000,0.000,0.000,0.000,1943.000,0.000,0.000,2118.000,,ACTIVITY,0.740
2024,21750JFFRS14738,110000492547,LANCO PENNLAND,14738 WARFORDSBURG RD,HANCOCK,WASHINGTON,MD,21750,,,39.716744,-78.180951,,NA,,NA,NA,,NA,NO,311,Food,,,,,,,311513,,,,,,1324222764413,Nitric acid,NO,0007697372,7697-37-2,152686,NO,TRI,NO,Non_Metal,NO,NO,NO,R,Pounds,0.000,0.000,0.000,0.000,0.000,0.000,0.000,0.000,0.000,0.000,0.000,0.000,0.000,0.000,0.000,0.000,0.000,0.000,0.000,0.000,0.000,0.000,0.000,0.000,0.000,0.000,0.000,0.000,0.000,0.000,0.000,0.000,0.000,0.000,0.000,0.000,0.000,0.000,0.000,0.000,0.000,0.000,0.000,0.000,0.000,0.000,0.000,0.000,0.000,0.000,0.000,0.000,0.000,0.000,0.000,0.000,0.000,0.000,0.000,0.000,0.000,0.000,0.000,0.000,0.000,0.000,117971.000,0.000,117971.000,,PRODUCTION,1.100
2024,21869VNNPWCHAPE,110000585260,VIENNA GENERATING STATION,CHAPEL OF EASE RD,VIENNA,DORCHESTER,MD,21869,,,38.488826,-75.822114,,NRG ENERGY INC,793422213,NRG ENERGY INC,NA,,NA,NO,2211,Electric Utilities,,,,,,,221112,,,,,,1324222608388,Polycyclic aromatic compounds,NO,N590,N590,649749,YES,PBT,NO,Non_Metal,YES,YES,NO,R,Pounds,0.000,0.100,0.000,0.000,0.000,0.000,0.000,0.000,0.000,0.000,0.000,0.000,0.000,0.000,0.100,0.000,0.000,0.000,0.000,0.000,0.000,0.000,0.000,0.000,0.000,0.000,0.000,0.000,0.000,0.000,0.000,0.000,0.000,0.000,0.000,0.000,0.000,0.000,0.000,0.000,0.000,0.000,10.800,10.800,0.000,0.000,0.000,0.000,0.000,0.000,0.000,0.000,0.000,0.000,0.000,10.800,0.100,0.000,0.000,0.100,0.000,0.000,0.000,0.000,0.000,10.800,0.000,0.000,10.900,,PRODUCTION,1.120
2024,2163WVLPCN14IND,110015308273,VALPAC INC.,1400 INDUSTRIAL PARK ROAD,FEDERALSBURG,CAROLINE,MD,21632,,,38.686325,-75.758080,,NA,,NA,NA,,NA,NO,325,Chemicals,,,,,,,325520,,,,,,1324222716514,"N,N-Dimethylformamide",NO,0000068122,68-12-2,4416,YES,TRI,NO,Non_Metal,YES,NO,NO,R,Pounds,18.300,89.000,0.000,0.000,0.000,0.000,0.000,0.000,0.000,0.000,0.000,0.000,0.000,0.000,107.300,0.000,0.000,0.000,0.000,0.000,0.000,0.000,0.000,0.000,0.000,0.000,0.000,0.000,0.000,0.000,0.000,0.000,0.000,0.000,0.000,0.000,0.000,0.000,0.000,0.000,0.000,0.000,0.000,0.000,0.000,0.000,0.000,0.000,0.000,0.000,0.000,0.000,0.000,0.000,0.000,0.000,107.300,0.000,0.000,107.300,0.000,0.000,0.000,0.000,0.000,0.000,0.000,0.000,107.300,,PRODUCTION,1.410
2024,2122WCLNDG3121W,110003512477,CLEANEDGE LLP,3121 WILMARCO DR,BALTIMORE,BALTIMORE (CITY),MD,21223,,,39.269449,-76.662661,,NA,,CLEANEDGE LLP,CLEANEDGE LLP,NA,CLEANEDGE LLP,NO,325,Chemicals,,,,,,,325611,,,,,,1324222580146,Nitric acid,NO,0007697372,7697-37-2,152686,NO,TRI,NO,Non_Metal,NO,NO,NO,R,Pounds,0.000,0.000,0.000,0.000,0.000,0.000,0.000,0.000,0.000,0.000,0.000,0.000,0.000,0.000,0.000,689.222,0.000,689.222,0.000,0.000,0.000,0.000,0.000,0.000,0.000,0.000,0.000,0.000,0.000,0.000,0.000,0.000,0.000,0.000,0.000,0.000,0.000,689.222,0.000,0.000,0.000,0.000,0.000,0.000,0.000,0.000,0.000,0.000,0.000,0.000,0.000,0.000,0.000,0.000,0.000,689.222,689.222,0.000,0.000,0.000,0.000,689.222,0.000,0.000,0.000,0.000,0.000,0.000,689.222,,PRODUCTION,1.000
